22985397, 0, 0, 0.0, 0.0
22987807, 255, 255, -2.682926893234253, -2.682926893234253
22992919, 255, 255, -4.45121955871582, -4.45121955871582
22995074, 255, 255, -2.804877996444702, -2.804877996444702
23011831, 255, 255, 17.865854263305664, 17.865854263305664
23013995, 255, 255, 46.70731735229492, 46.70731735229492
23047948, 255, 255, 152.3780517578125, 152.3780517578125
23051356, 255, 255, 141.03659057617188, 141.03659057617188
23053519, 255, 255, 153.78048706054688, 153.78048706054688
23085293, 255, 255, 214.63414001464844, 214.63414001464844
23088713, 255, 255, 203.4146270751953, 203.4146270751953
23090876, 255, 255, 211.8292694091797, 211.8292694091797
23141931, 255, 255, 273.5975646972656, 273.5975646972656
23145349, 255, 255, 281.1585388183594, 281.1585388183594
23147500, 255, 255, 300.48779296875, 300.48779296875
23179295, 255, 255, 301.4634094238281, 301.4634094238281
23182718, 255, 255, 362.743896484375, 362.743896484375
23184878, 255, 255, 355.7317199707031, 355.7317199707031
23216671, 255, 255, 413.2317199707031, 413.2317199707031
23220089, 255, 255, 380.6707458496094, 380.6707458496094
23222255, 255, 255, 365.54876708984375, 365.54876708984375
23271138, 255, 255, 442.92681884765625, 442.92681884765625
23274541, 255, 255, 450.48779296875, 450.48779296875
23276691, 255, 255, 456.5243835449219, 456.5243835449219
23346918, 255, 255, 517.6829223632812, 517.6829223632812
23350313, 255, 255, 523.1097412109375, 523.1097412109375
23352466, 255, 255, 537.8658447265625, 537.8658447265625
23384267, 255, 255, 554.51220703125, 554.51220703125
23387680, 255, 255, 504.0853576660156, 504.0853576660156
23389839, 255, 255, 524.0244140625, 524.0244140625
23424558, 255, 255, 555.9755859375, 555.9755859375
23427953, 255, 255, 570.3658447265625, 570.3658447265625
23430118, 255, 255, 545.8536376953125, 545.8536376953125
23460609, 255, 255, 628.4755859375, 628.4755859375
23462772, 255, 255, 608.1097412109375, 608.1097412109375
23516703, 255, 255, 635.3048706054688, 635.3048706054688
23518866, 255, 255, 651.219482421875, 651.219482421875
23572850, 231, 231, 697.3170776367188, 697.3170776367188
23575015, 236, 236, 692.256103515625, 692.256103515625
23609752, 211, 211, 717.4390258789062, 717.4390258789062
23611920, 251, 251, 678.1707153320312, 678.1707153320312
23646631, 223, 223, 706.768310546875, 706.768310546875
23648796, 224, 224, 704.9390258789062, 704.9390258789062
23741211, 217, 217, 714.3292846679688, 714.3292846679688
23743376, 217, 217, 713.780517578125, 713.780517578125
23797319, 212, 212, 719.9390258789062, 719.9390258789062
23799494, 235, 235, 696.8292846679688, 696.8292846679688
23853467, 208, 208, 724.8780517578125, 724.8780517578125
23855633, 220, 220, 713.231689453125, 713.231689453125
23890359, 195, 195, 739.0853881835938, 739.0853881835938
23892534, 197, 197, 736.8292846679688, 736.8292846679688
23946504, 255, 255, 666.0975341796875, 666.0975341796875
23948681, 198, 198, 736.6463623046875, 736.6463623046875
24021858, 217, 217, 719.3902587890625, 719.3902587890625
24024024, 212, 212, 723.9634399414062, 723.9634399414062
24058749, 243, 243, 694.1463623046875, 694.1463623046875
24060917, 236, 236, 701.219482421875, 701.219482421875
24095638, 181, 181, 756.3414916992188, 756.3414916992188
24097811, 197, 197, 740.9755859375, 740.9755859375
24134705, 208, 208, 730.7926635742188, 730.7926635742188
24136872, 181, 181, 757.1951293945312, 757.1951293945312
24171585, 206, 206, 732.9268188476562, 732.9268188476562
24173749, 200, 200, 739.268310546875, 739.268310546875
24208505, 210, 210, 729.1463623046875, 729.1463623046875
24210673, 255, 255, 677.8658447265625, 677.8658447265625
24247508, 207, 207, 732.8658447265625, 732.8658447265625
24249677, 197, 197, 742.98779296875, 742.98779296875
24284397, 207, 207, 733.719482421875, 733.719482421875
24286560, 197, 197, 743.780517578125, 743.780517578125
24321308, 203, 203, 738.5975341796875, 738.5975341796875
24323474, 213, 213, 728.6585083007812, 728.6585083007812
24358230, 242, 242, 699.756103515625, 699.756103515625
24360400, 242, 242, 700.243896484375, 700.243896484375
24414354, 203, 203, 739.51220703125, 739.51220703125
24416518, 216, 216, 726.4634399414062, 726.4634399414062
24453416, 189, 189, 754.3292846679688, 754.3292846679688
24455582, 194, 194, 749.6951293945312, 749.6951293945312
24490336, 211, 211, 732.6829223632812, 732.6829223632812
24492498, 231, 231, 713.5365600585938, 713.5365600585938
24527226, 197, 197, 747.3780517578125, 747.3780517578125
24529389, 191, 191, 753.719482421875, 753.719482421875
24564138, 209, 209, 736.1585083007812, 736.1585083007812
24566304, 204, 204, 741.219482421875, 741.219482421875
24603183, 209, 209, 736.9512329101562, 736.9512329101562
24605350, 198, 198, 748.231689453125, 748.231689453125
24640074, 216, 216, 730.7926635742188, 730.7926635742188
24642247, 213, 213, 733.231689453125, 733.231689453125
24676944, 194, 194, 752.8048706054688, 752.8048706054688
24679122, 189, 189, 758.0487670898438, 758.0487670898438
24733088, 187, 187, 761.3414916992188, 761.3414916992188
24735252, 178, 178, 769.5731811523438, 769.5731811523438
24769963, 185, 185, 763.0487670898438, 763.0487670898438
24772127, 195, 195, 753.231689453125, 753.231689453125
24809005, 219, 219, 729.9390258789062, 729.9390258789062
24811168, 229, 229, 719.9390258789062, 719.9390258789062
24845945, 243, 243, 706.6463623046875, 706.6463623046875
24848113, 255, 255, 691.1585083007812, 691.1585083007812
24902142, 199, 199, 751.1585083007812, 751.1585083007812
24904308, 209, 209, 741.768310546875, 741.768310546875
24939090, 212, 212, 739.0244140625, 739.0244140625
24941255, 168, 168, 782.8048706054688, 782.8048706054688
24976304, 221, 221, 730.6097412109375, 730.6097412109375
24978485, 228, 228, 723.780517578125, 723.780517578125
25013213, 181, 181, 771.0975341796875, 771.0975341796875
25015388, 211, 211, 741.8292846679688, 741.8292846679688
25071513, 202, 202, 751.1585083007812, 751.1585083007812
25073687, 176, 176, 777.5, 777.5
25108420, 175, 175, 778.4146118164062, 778.4146118164062
25110593, 217, 217, 736.3414916992188, 736.3414916992188
25164554, 219, 219, 735.9146118164062, 735.9146118164062
25166729, 244, 244, 711.0975341796875, 711.0975341796875
25201429, 236, 236, 719.2073364257812, 719.2073364257812
25203596, 208, 208, 747.0731811523438, 747.0731811523438
25240438, 219, 219, 737.1341552734375, 737.1341552734375
25242607, 225, 225, 730.731689453125, 730.731689453125
25277355, 232, 232, 724.1463623046875, 724.1463623046875
25279520, 209, 209, 747.0731811523438, 747.0731811523438
25314286, 194, 194, 762.98779296875, 762.98779296875
25316450, 196, 196, 761.4634399414062, 761.4634399414062
25370427, 191, 191, 767.1951293945312, 767.1951293945312
25372594, 186, 186, 771.5244140625, 771.5244140625
25407325, 185, 185, 772.9268188476562, 772.9268188476562
25409501, 213, 213, 745.3658447265625, 745.3658447265625
25444275, 201, 201, 758.0487670898438, 758.0487670898438
25446442, 211, 211, 747.3780517578125, 747.3780517578125
25500363, 188, 188, 771.5853881835938, 771.5853881835938
25502529, 202, 202, 757.743896484375, 757.743896484375
25539392, 226, 226, 734.3902587890625, 734.3902587890625
25541555, 221, 221, 739.6951293945312, 739.6951293945312
25576315, 211, 211, 749.51220703125, 749.51220703125
25578486, 205, 205, 755.731689453125, 755.731689453125
25632442, 214, 214, 747.256103515625, 747.256103515625
25634606, 209, 209, 752.1341552734375, 752.1341552734375
25669368, 190, 190, 772.0731811523438, 772.0731811523438
25671537, 178, 178, 783.9024658203125, 783.9024658203125
25706265, 198, 198, 764.5731811523438, 764.5731811523438
25708432, 201, 201, 761.4024658203125, 761.4024658203125
25745311, 216, 216, 747.01220703125, 747.01220703125
25747474, 202, 202, 761.0365600585938, 761.0365600585938
25782222, 211, 211, 752.5, 752.5
25784386, 206, 206, 757.0731811523438, 757.0731811523438
25819157, 192, 192, 772.0731811523438, 772.0731811523438
25821319, 189, 189, 775.243896484375, 775.243896484375
25911635, 195, 195, 770.243896484375, 770.243896484375
25913808, 212, 212, 753.719482421875, 753.719482421875
25950668, 222, 222, 744.0853881835938, 744.0853881835938
25952842, 190, 190, 776.0975341796875, 776.0975341796875
25987607, 172, 172, 794.2073364257812, 794.2073364257812
25989770, 169, 169, 797.743896484375, 797.743896484375
26043697, 196, 196, 771.1585083007812, 771.1585083007812
26045863, 188, 188, 778.9634399414062, 778.9634399414062
26080600, 211, 211, 756.7073364257812, 756.7073364257812
26082766, 173, 173, 794.4512329101562, 794.4512329101562
26138859, 207, 207, 761.8902587890625, 761.8902587890625
26141036, 209, 209, 759.0244140625, 759.0244140625
26175791, 195, 195, 773.5975341796875, 773.5975341796875
26177964, 218, 218, 751.0975341796875, 751.0975341796875
26268226, 229, 229, 740.6097412109375, 740.6097412109375
26270391, 209, 209, 761.280517578125, 761.280517578125
26343634, 217, 217, 754.3292846679688, 754.3292846679688
26345802, 222, 222, 749.268310546875, 749.268310546875
26380562, 213, 213, 758.1097412109375, 758.1097412109375
26382737, 230, 230, 741.768310546875, 741.768310546875
26419625, 188, 188, 784.3292846679688, 784.3292846679688
26421792, 231, 231, 741.5244140625, 741.5244140625
26475733, 203, 203, 770.3658447265625, 770.3658447265625
26477914, 246, 246, 726.9512329101562, 726.9512329101562
26531862, 250, 250, 723.3536376953125, 723.3536376953125
26534037, 249, 249, 724.3902587890625, 724.3902587890625
26568768, 211, 211, 763.6585083007812, 763.6585083007812
26570945, 195, 195, 779.4512329101562, 779.4512329101562
26605699, 183, 183, 791.6463623046875, 791.6463623046875
26607871, 187, 187, 787.5, 787.5
26642621, 207, 207, 768.5365600585938, 768.5365600585938
26644794, 219, 219, 756.5244140625, 756.5244140625
26717992, 185, 185, 791.6463623046875, 791.6463623046875
26720156, 203, 203, 772.9268188476562, 772.9268188476562
26754879, 251, 251, 725.9146118164062, 725.9146118164062
26757044, 219, 219, 757.8048706054688, 757.8048706054688
26793891, 185, 185, 791.9512329101562, 791.9512329101562
26796055, 200, 200, 777.5609741210938, 777.5609741210938
26830770, 210, 210, 767.8048706054688, 767.8048706054688
26832936, 231, 231, 746.6463623046875, 746.6463623046875
26886889, 219, 219, 759.3292846679688, 759.3292846679688
26889051, 218, 218, 760.9755859375, 760.9755859375
26925898, 205, 205, 774.1463623046875, 774.1463623046875
26928073, 208, 208, 770.7926635742188, 770.7926635742188
26961175, 212, 212, 767.5609741210938, 767.5609741210938
26963353, 220, 220, 759.51220703125, 759.51220703125
27000248, 255, 255, 715.0, 715.0
27002415, 187, 187, 793.3536376953125, 793.3536376953125
27037117, 191, 191, 789.8170776367188, 789.8170776367188
27039281, 222, 222, 759.0244140625, 759.0244140625
27093237, 200, 200, 781.7073364257812, 781.7073364257812
27095412, 208, 208, 772.9268188476562, 772.9268188476562
27130151, 220, 220, 761.5244140625, 761.5244140625
27132317, 207, 207, 774.6951293945312, 774.6951293945312
27167069, 214, 214, 768.2926635742188, 768.2926635742188
27169234, 250, 250, 732.1951293945312, 732.1951293945312
27223250, 176, 176, 807.256103515625, 807.256103515625
27225428, 163, 163, 819.756103515625, 819.756103515625
27262273, 169, 169, 814.0853881835938, 814.0853881835938
27264450, 176, 176, 806.9512329101562, 806.9512329101562
27299197, 194, 194, 789.5731811523438, 789.5731811523438
27301363, 190, 190, 793.6585083007812, 793.6585083007812
27336107, 214, 214, 769.756103515625, 769.756103515625
27338271, 217, 217, 766.7073364257812, 766.7073364257812
27373006, 222, 222, 762.1951293945312, 762.1951293945312
27375171, 197, 197, 787.1951293945312, 787.1951293945312
27412022, 194, 194, 791.280517578125, 791.280517578125
27414187, 158, 158, 827.256103515625, 827.256103515625
27504505, 201, 201, 784.8780517578125, 784.8780517578125
27506680, 213, 213, 772.9268188476562, 772.9268188476562
27541415, 200, 200, 786.4634399414062, 786.4634399414062
27543591, 204, 204, 782.3170776367188, 782.3170776367188
27580480, 181, 181, 805.9146118164062, 805.9146118164062
27582643, 201, 201, 785.9755859375, 785.9755859375
27617361, 197, 197, 790.0, 790.0
27619524, 202, 202, 785.0609741210938, 785.0609741210938
27654260, 198, 198, 790.0, 790.0
27656439, 228, 228, 759.4512329101562, 759.4512329101562
27710373, 202, 202, 786.4634399414062, 786.4634399414062
27712537, 215, 215, 773.9024658203125, 773.9024658203125
27749413, 237, 237, 752.1341552734375, 752.1341552734375
27751588, 208, 208, 781.280517578125, 781.280517578125
27786340, 217, 217, 772.0731811523438, 772.0731811523438
27788502, 246, 246, 743.1707153320312, 743.1707153320312
27842437, 198, 198, 792.4390258789062, 792.4390258789062
27844609, 231, 231, 759.268310546875, 759.268310546875
27898522, 205, 205, 785.6707153320312, 785.6707153320312
27900686, 212, 212, 778.3536376953125, 778.3536376953125
27973870, 195, 195, 796.6463623046875, 796.6463623046875
27976037, 196, 196, 795.243896484375, 795.243896484375
28030017, 254, 254, 737.6219482421875, 737.6219482421875
28032183, 204, 204, 787.8658447265625, 787.8658447265625
28066891, 179, 179, 813.1097412109375, 813.1097412109375
28069065, 181, 181, 811.8292846679688, 811.8292846679688
28123004, 214, 214, 779.3292846679688, 779.3292846679688
28125179, 232, 232, 761.5244140625, 761.5244140625
28179148, 210, 210, 784.0244140625, 784.0244140625
28181325, 255, 255, 733.6585083007812, 733.6585083007812
28216103, 186, 186, 808.231689453125, 808.231689453125
28218279, 236, 236, 758.231689453125, 758.231689453125
28272231, 169, 169, 825.731689453125, 825.731689453125
28274397, 193, 193, 801.4634399414062, 801.4634399414062
28328358, 221, 221, 774.9390258789062, 774.9390258789062
28330522, 194, 194, 801.9512329101562, 801.9512329101562
28384518, 209, 209, 787.6219482421875, 787.6219482421875
28386681, 255, 255, 741.5244140625, 741.5244140625
28440635, 209, 209, 787.9268188476562, 787.9268188476562
28442800, 240, 240, 757.1951293945312, 757.1951293945312
28479678, 194, 194, 803.3536376953125, 803.3536376953125
28481843, 199, 199, 797.8658447265625, 797.8658447265625
28535828, 206, 206, 791.768310546875, 791.768310546875
28537993, 213, 213, 784.9390258789062, 784.9390258789062
28591965, 198, 198, 800.7926635742188, 800.7926635742188
28594129, 230, 230, 768.1707153320312, 768.1707153320312
28665155, 177, 177, 821.6463623046875, 821.6463623046875
28667330, 204, 204, 795.6097412109375, 795.6097412109375
28704194, 214, 214, 785.7926635742188, 785.7926635742188
28706358, 209, 209, 790.8536376953125, 790.8536376953125
28741073, 207, 207, 793.0487670898438, 793.0487670898438
28743249, 218, 218, 781.7073364257812, 781.7073364257812
28777997, 224, 224, 775.8536376953125, 775.8536376953125
28780163, 210, 210, 790.0, 790.0
28814891, 217, 217, 783.6585083007812, 783.6585083007812
28817056, 221, 221, 779.756103515625, 779.756103515625
28853949, 205, 205, 795.9755859375, 795.9755859375
28856126, 209, 209, 791.8292846679688, 791.8292846679688
28890849, 188, 188, 813.6585083007812, 813.6585083007812
28893018, 190, 190, 811.3414916992188, 811.3414916992188
28928093, 192, 192, 809.3292846679688, 809.3292846679688
28930257, 179, 179, 822.9268188476562, 822.9268188476562
28964987, 184, 184, 817.9268188476562, 817.9268188476562
28967148, 153, 153, 849.3902587890625, 849.3902587890625
29021123, 227, 227, 776.0365600585938, 776.0365600585938
29023287, 198, 198, 804.6341552734375, 804.6341552734375
29060170, 193, 193, 809.6951293945312, 809.6951293945312
29062338, 213, 213, 790.0609741210938, 790.0609741210938
29097103, 213, 213, 790.8536376953125, 790.8536376953125
29099279, 215, 215, 787.98779296875, 787.98779296875
29134037, 191, 191, 812.8048706054688, 812.8048706054688
29136203, 190, 190, 813.4755859375, 813.4755859375
29170989, 150, 150, 854.3292846679688, 854.3292846679688
29173152, 180, 180, 824.0853881835938, 824.0853881835938
29227164, 235, 235, 769.9390258789062, 769.9390258789062
29229329, 207, 207, 797.5609741210938, 797.5609741210938
29283283, 189, 189, 816.0975341796875, 816.0975341796875
29285448, 210, 210, 795.6097412109375, 795.6097412109375
29377834, 200, 200, 806.0365600585938, 806.0365600585938
29380000, 195, 195, 811.219482421875, 811.219482421875
29414715, 203, 203, 802.98779296875, 802.98779296875
29416879, 193, 193, 813.4146118164062, 813.4146118164062
29470863, 174, 174, 833.0487670898438, 833.0487670898438
29473032, 207, 207, 800.3048706054688, 800.3048706054688
29507768, 183, 183, 824.51220703125, 824.51220703125
29509933, 193, 193, 814.5731811523438, 814.5731811523438
29583121, 187, 187, 821.1585083007812, 821.1585083007812
29585288, 234, 234, 773.9634399414062, 773.9634399414062
29639270, 171, 171, 837.1951293945312, 837.1951293945312
29641434, 160, 160, 848.231689453125, 848.231689453125
29678309, 185, 185, 823.719482421875, 823.719482421875
29680475, 192, 192, 817.1341552734375, 817.1341552734375
29734443, 205, 205, 804.1463623046875, 804.1463623046875
29736610, 217, 217, 792.6829223632812, 792.6829223632812
29771352, 185, 185, 824.268310546875, 824.268310546875
29773529, 189, 189, 820.3048706054688, 820.3048706054688
29827529, 201, 201, 808.9024658203125, 808.9024658203125
29829693, 212, 212, 797.8048706054688, 797.8048706054688
29864423, 209, 209, 801.1585083007812, 801.1585083007812
29866589, 205, 205, 805.8536376953125, 805.8536376953125
29995313, 193, 193, 818.2926635742188, 818.2926635742188
29997475, 182, 182, 829.8170776367188, 829.8170776367188
30051439, 204, 204, 808.6585083007812, 808.6585083007812
30053602, 196, 196, 816.5853881835938, 816.5853881835938
30088334, 196, 196, 816.0975341796875, 816.0975341796875
30090498, 200, 200, 812.3780517578125, 812.3780517578125
30144457, 223, 223, 789.51220703125, 789.51220703125
30146625, 209, 209, 803.5365600585938, 803.5365600585938
30183484, 232, 232, 781.1585083007812, 781.1585083007812
30185650, 203, 203, 810.48779296875, 810.48779296875
30239626, 221, 221, 793.4146118164062, 793.4146118164062
30241789, 201, 201, 813.0487670898438, 813.0487670898438
30314973, 204, 204, 810.4268188476562, 810.4268188476562
30317138, 187, 187, 827.256103515625, 827.256103515625
30388226, 189, 189, 826.5244140625, 826.5244140625
30390388, 211, 211, 804.2073364257812, 804.2073364257812
30444334, 194, 194, 821.6463623046875, 821.6463623046875
30446499, 177, 177, 838.4146118164062, 838.4146118164062
30483392, 182, 182, 834.1463623046875, 834.1463623046875
30485557, 189, 189, 826.8902587890625, 826.8902587890625
30520291, 183, 183, 833.780517578125, 833.780517578125
30522467, 218, 218, 797.98779296875, 797.98779296875
30557220, 235, 235, 781.4634399414062, 781.4634399414062
30559397, 255, 255, 749.2073364257812, 749.2073364257812
30632572, 213, 213, 804.3292846679688, 804.3292846679688
30634736, 209, 209, 808.1097412109375, 808.1097412109375
30669477, 202, 202, 815.9146118164062, 815.9146118164062
30671647, 193, 193, 824.268310546875, 824.268310546875
30725634, 186, 186, 831.9512329101562, 831.9512329101562
30727812, 189, 189, 829.0244140625, 829.0244140625
30762576, 255, 255, 751.768310546875, 751.768310546875
30764741, 214, 214, 804.8170776367188, 804.8170776367188
30801629, 255, 255, 762.743896484375, 762.743896484375
30803802, 220, 220, 799.3292846679688, 799.3292846679688
30857770, 225, 225, 794.2073364257812, 794.2073364257812
30859937, 221, 221, 798.2926635742188, 798.2926635742188
30894976, 179, 179, 841.0365600585938, 841.0365600585938
30897142, 185, 185, 834.4512329101562, 834.4512329101562
30931900, 213, 213, 807.256103515625, 807.256103515625
30934062, 217, 217, 803.231689453125, 803.231689453125
30968810, 208, 208, 812.4390258789062, 812.4390258789062
30970976, 204, 204, 816.768310546875, 816.768310546875
31007839, 190, 190, 831.0975341796875, 831.0975341796875
31010006, 211, 211, 810.0609741210938, 810.0609741210938
31063947, 219, 219, 802.5609741210938, 802.5609741210938
31066110, 199, 199, 822.256103515625, 822.256103515625
31100845, 211, 211, 810.5487670898438, 810.5487670898438
31103009, 200, 200, 822.01220703125, 822.01220703125
31156989, 189, 189, 832.5, 832.5
31159165, 218, 218, 804.2073364257812, 804.2073364257812
31213138, 251, 251, 771.7073364257812, 771.7073364257812
31215310, 236, 236, 786.5853881835938, 786.5853881835938
31250078, 190, 190, 832.5, 832.5
31252240, 215, 215, 808.1097412109375, 808.1097412109375
31286984, 210, 210, 813.0487670898438, 813.0487670898438
31289148, 215, 215, 808.5975341796875, 808.5975341796875
31362361, 221, 221, 802.5609741210938, 802.5609741210938
31364525, 215, 215, 809.3902587890625, 809.3902587890625
31418510, 214, 214, 810.0, 810.0
31420672, 237, 237, 787.5, 787.5
31474663, 216, 216, 809.0244140625, 809.0244140625
31476833, 225, 225, 799.9390258789062, 799.9390258789062
31511567, 239, 239, 785.731689453125, 785.731689453125
31513731, 197, 197, 828.3536376953125, 828.3536376953125
31550656, 220, 220, 806.0365600585938, 806.0365600585938
31552820, 201, 201, 824.0853881835938, 824.0853881835938
31606800, 193, 193, 832.6219482421875, 832.6219482421875
31608968, 217, 217, 808.9024658203125, 808.9024658203125
31662971, 192, 192, 834.3292846679688, 834.3292846679688
31665136, 197, 197, 829.6341552734375, 829.6341552734375
31699866, 239, 239, 787.6829223632812, 787.6829223632812
31702032, 230, 230, 797.01220703125, 797.01220703125
31756012, 205, 205, 822.3170776367188, 822.3170776367188
31758187, 219, 219, 808.4755859375, 808.4755859375
31831384, 218, 218, 809.9390258789062, 809.9390258789062
31833561, 200, 200, 827.3170776367188, 827.3170776367188
31906769, 204, 204, 824.51220703125, 824.51220703125
31908932, 220, 220, 808.231689453125, 808.231689453125
31943661, 223, 223, 806.0365600585938, 806.0365600585938
31945834, 223, 223, 805.4268188476562, 805.4268188476562
31999818, 214, 214, 815.6097412109375, 815.6097412109375
32001993, 205, 205, 824.5731811523438, 824.5731811523438
32055965, 234, 234, 795.3048706054688, 795.3048706054688
32058129, 207, 207, 823.231689453125, 823.231689453125
32112112, 213, 213, 817.6219482421875, 817.6219482421875
32114280, 238, 238, 792.5609741210938, 792.5609741210938
32149001, 233, 233, 797.1341552734375, 797.1341552734375
32151166, 248, 248, 782.8658447265625, 782.8658447265625
32188041, 226, 226, 804.8170776367188, 804.8170776367188
32190216, 211, 211, 819.8170776367188, 819.8170776367188
32224928, 206, 206, 825.5487670898438, 825.5487670898438
32227090, 197, 197, 834.0853881835938, 834.0853881835938
32261846, 214, 214, 818.0487670898438, 818.0487670898438
32264010, 212, 212, 819.6951293945312, 819.6951293945312
32318007, 221, 221, 811.1585083007812, 811.1585083007812
32320181, 195, 195, 836.9512329101562, 836.9512329101562
32354917, 213, 213, 819.8780517578125, 819.8780517578125
32357092, 225, 225, 807.6219482421875, 807.6219482421875
32393974, 226, 226, 806.768310546875, 806.768310546875
32396140, 208, 208, 824.6341552734375, 824.6341552734375
32430820, 214, 214, 818.9634399414062, 818.9634399414062
32432985, 218, 218, 814.756103515625, 814.756103515625
32467707, 192, 192, 840.9755859375, 840.9755859375
32469870, 208, 208, 825.6707153320312, 825.6707153320312
32504619, 203, 203, 830.1219482421875, 830.1219482421875
32506784, 201, 201, 832.98779296875, 832.98779296875
32580015, 216, 216, 818.3536376953125, 818.3536376953125
32582181, 190, 190, 844.3902587890625, 844.3902587890625
32616921, 209, 209, 825.9755859375, 825.9755859375
32619085, 205, 205, 829.3902587890625, 829.3902587890625
32655956, 192, 192, 842.3170776367188, 842.3170776367188
32658134, 210, 210, 824.6951293945312, 824.6951293945312
32692863, 186, 186, 849.4512329101562, 849.4512329101562
32695028, 223, 223, 811.6463623046875, 811.6463623046875
32749021, 202, 202, 833.0487670898438, 833.0487670898438
32751197, 225, 225, 810.0, 810.0
32824349, 219, 219, 817.1951293945312, 817.1951293945312
32826523, 198, 198, 837.9268188476562, 837.9268188476562
32861341, 201, 201, 834.6951293945312, 834.6951293945312
32898366, 184, 184, 852.8658447265625, 852.8658447265625
32900534, 218, 218, 818.5975341796875, 818.5975341796875
32954519, 200, 200, 836.8292846679688, 836.8292846679688
32956693, 215, 215, 821.5244140625, 821.5244140625
33010638, 204, 204, 832.743896484375, 832.743896484375
33012804, 214, 214, 823.3536376953125, 823.3536376953125
33047581, 227, 227, 810.0, 810.0
33049745, 238, 238, 799.1463623046875, 799.1463623046875
33086638, 216, 216, 821.4024658203125, 821.4024658203125
33088804, 185, 185, 852.3780517578125, 852.3780517578125
33159868, 233, 233, 805.1829223632812, 805.1829223632812
33162035, 217, 217, 821.6463623046875, 821.6463623046875
33216003, 216, 216, 823.1707153320312, 823.1707153320312
33218168, 198, 198, 841.0365600585938, 841.0365600585938
33255064, 187, 187, 851.768310546875, 851.768310546875
33257243, 193, 193, 845.5487670898438, 845.5487670898438
33291975, 199, 199, 839.756103515625, 839.756103515625
33294142, 235, 235, 803.719482421875, 803.719482421875
33328882, 207, 207, 831.9512329101562, 831.9512329101562
33331052, 193, 193, 846.4634399414062, 846.4634399414062
33387118, 224, 224, 816.280517578125, 816.280517578125
33389283, 219, 219, 820.7926635742188, 820.7926635742188
33441096, 193, 193, 846.6463623046875, 846.6463623046875
33443272, 186, 186, 853.8414916992188, 853.8414916992188
33480175, 193, 193, 847.3170776367188, 847.3170776367188
33482339, 209, 209, 831.3414916992188, 831.3414916992188
33517073, 206, 206, 834.5731811523438, 834.5731811523438
33519237, 185, 185, 856.0365600585938, 856.0365600585938
33573219, 218, 218, 822.6219482421875, 822.6219482421875
33575395, 219, 219, 822.0731811523438, 822.0731811523438
33648574, 202, 202, 839.9390258789062, 839.9390258789062
33650738, 229, 229, 812.6829223632812, 812.6829223632812
33685465, 228, 228, 813.6585083007812, 813.6585083007812
33687635, 199, 199, 842.256103515625, 842.256103515625
33722355, 202, 202, 839.51220703125, 839.51220703125
33724521, 191, 191, 851.280517578125, 851.280517578125
33759295, 182, 182, 859.756103515625, 859.756103515625
33761457, 202, 202, 839.6341552734375, 839.6341552734375
33798372, 191, 191, 851.5244140625, 851.5244140625
33800536, 214, 214, 828.5975341796875, 828.5975341796875
33835278, 216, 216, 826.768310546875, 826.768310546875
33837441, 218, 218, 824.756103515625, 824.756103515625
33872152, 226, 226, 817.01220703125, 817.01220703125
33874327, 231, 231, 811.8902587890625, 811.8902587890625
33947486, 200, 200, 843.4755859375, 843.4755859375
33949650, 209, 209, 834.4512329101562, 834.4512329101562
33986513, 222, 222, 821.8902587890625, 821.8902587890625
33988688, 230, 230, 813.9024658203125, 813.9024658203125
34023396, 230, 230, 814.3292846679688, 814.3292846679688
34025562, 206, 206, 838.1707153320312, 838.1707153320312
34096575, 184, 184, 860.731689453125, 860.731689453125
34098738, 209, 209, 835.4268188476562, 835.4268188476562
34135616, 184, 184, 861.0365600585938, 861.0365600585938
34137793, 198, 198, 846.4024658203125, 846.4024658203125
34191735, 219, 219, 825.731689453125, 825.731689453125
34193899, 213, 213, 831.9512329101562, 831.9512329101562
34228622, 229, 229, 816.1585083007812, 816.1585083007812
34230795, 226, 226, 818.8414916992188, 818.8414916992188
34265540, 217, 217, 828.719482421875, 828.719482421875
34267707, 200, 200, 845.3048706054688, 845.3048706054688
34321694, 251, 251, 794.51220703125, 794.51220703125
34323858, 228, 228, 818.4146118164062, 818.4146118164062
34358594, 232, 232, 814.51220703125, 814.51220703125
34360760, 242, 242, 804.3292846679688, 804.3292846679688
34416842, 255, 255, 787.9268188476562, 787.9268188476562
34419008, 216, 216, 830.3048706054688, 830.3048706054688
34453744, 192, 192, 854.8780517578125, 854.8780517578125
34455918, 218, 218, 828.9634399414062, 828.9634399414062
34490661, 212, 212, 834.6341552734375, 834.6341552734375
34492824, 208, 208, 838.6585083007812, 838.6585083007812
34527573, 206, 206, 841.1585083007812, 841.1585083007812
34529746, 197, 197, 850.5487670898438, 850.5487670898438
34566605, 195, 195, 852.6219482421875, 852.6219482421875
34568771, 190, 190, 857.743896484375, 857.743896484375
34659026, 216, 216, 832.0731811523438, 832.0731811523438
34661200, 210, 210, 837.9268188476562, 837.9268188476562
34695919, 214, 214, 834.6951293945312, 834.6951293945312
34698094, 207, 207, 840.9146118164062, 840.9146118164062
34734937, 198, 198, 850.6707153320312, 850.6707153320312
34737107, 221, 221, 827.6219482421875, 827.6219482421875
34771837, 233, 233, 815.8536376953125, 815.8536376953125
34774015, 195, 195, 853.780517578125, 853.780517578125
34827963, 197, 197, 852.3780517578125, 852.3780517578125
34830137, 205, 205, 844.0244140625, 844.0244140625
34865122, 202, 202, 847.3780517578125, 847.3780517578125
34867295, 197, 197, 852.3170776367188, 852.3170776367188
34921280, 206, 206, 844.1463623046875, 844.1463623046875
34923453, 207, 207, 842.9268188476562, 842.9268188476562
34977425, 231, 231, 819.268310546875, 819.268310546875
34979592, 223, 223, 826.5853881835938, 826.5853881835938
35014326, 193, 193, 856.9512329101562, 856.9512329101562
35016490, 213, 213, 837.0731811523438, 837.0731811523438
35053372, 207, 207, 843.231689453125, 843.231689453125
35055535, 221, 221, 829.6341552734375, 829.6341552734375
35109484, 199, 199, 851.8902587890625, 851.8902587890625
35111648, 198, 198, 853.1097412109375, 853.1097412109375
35146387, 223, 223, 828.1707153320312, 828.1707153320312
35148562, 208, 208, 842.8048706054688, 842.8048706054688
35221740, 216, 216, 835.4268188476562, 835.4268188476562
35223906, 228, 228, 823.780517578125, 823.780517578125
35297133, 211, 211, 840.9755859375, 840.9755859375
35299299, 217, 217, 835.1829223632812, 835.1829223632812
35351123, 227, 227, 825.3048706054688, 825.3048706054688
35353287, 227, 227, 825.48779296875, 825.48779296875
35390143, 216, 216, 835.9755859375, 835.9755859375
35392316, 196, 196, 856.7073364257812, 856.7073364257812
35427031, 201, 201, 851.5853881835938, 851.5853881835938
35429199, 212, 212, 840.6097412109375, 840.6097412109375
35483122, 214, 214, 838.9634399414062, 838.9634399414062
35485286, 232, 232, 820.7926635742188, 820.7926635742188
35558471, 204, 204, 848.780517578125, 848.780517578125
35560646, 203, 203, 850.6097412109375, 850.6097412109375
35595382, 221, 221, 831.9512329101562, 831.9512329101562
35597544, 204, 204, 849.9390258789062, 849.9390258789062
35634403, 202, 202, 851.8292846679688, 851.8292846679688
35636576, 207, 207, 846.5853881835938, 846.5853881835938
35671321, 212, 212, 842.1951293945312, 842.1951293945312
35673502, 206, 206, 847.9268188476562, 847.9268188476562
35708213, 222, 222, 832.256103515625, 832.256103515625
35710379, 232, 232, 822.4390258789062, 822.4390258789062
35745105, 202, 202, 852.01220703125, 852.01220703125
35747280, 233, 233, 820.9755859375, 820.9755859375
35784186, 227, 227, 827.743896484375, 827.743896484375
35786353, 218, 218, 837.01220703125, 837.01220703125
35895857, 199, 199, 856.0975341796875, 856.0975341796875
35898024, 200, 200, 855.1829223632812, 855.1829223632812
35932740, 225, 225, 830.0609741210938, 830.0609741210938
35934904, 213, 213, 842.3170776367188, 842.3170776367188
35969627, 202, 202, 853.8414916992188, 853.8414916992188
35971790, 228, 228, 827.9268188476562, 827.9268188476562
36025729, 216, 216, 840.0609741210938, 840.0609741210938
36027894, 224, 224, 831.8902587890625, 831.8902587890625
36064777, 210, 210, 846.5853881835938, 846.5853881835938
36066939, 196, 196, 859.756103515625, 859.756103515625
36101649, 193, 193, 863.1707153320312, 863.1707153320312
36103820, 232, 232, 823.9634399414062, 823.9634399414062
36177007, 217, 217, 839.5731811523438, 839.5731811523438
36179182, 239, 239, 818.1097412109375, 818.1097412109375
36213937, 218, 218, 838.5365600585938, 838.5365600585938
36216109, 218, 218, 838.719482421875, 838.719482421875
36250825, 227, 227, 830.6707153320312, 830.6707153320312
36252996, 222, 222, 835.1219482421875, 835.1219482421875
36309048, 211, 211, 846.5853881835938, 846.5853881835938
36311210, 217, 217, 841.0365600585938, 841.0365600585938
36363006, 230, 230, 828.0487670898438, 828.0487670898438
36365171, 218, 218, 839.4512329101562, 839.4512329101562
36402041, 224, 224, 834.3292846679688, 834.3292846679688
36404208, 224, 224, 834.0244140625, 834.0244140625
36438945, 228, 228, 830.6707153320312, 830.6707153320312
36441108, 203, 203, 855.4268188476562, 855.4268188476562
36475835, 210, 210, 848.780517578125, 848.780517578125
36478011, 231, 231, 827.9268188476562, 827.9268188476562
36531965, 191, 191, 867.8658447265625, 867.8658447265625
36534138, 207, 207, 852.1951293945312, 852.1951293945312
36588127, 198, 198, 861.7073364257812, 861.7073364257812
36590299, 167, 167, 892.5, 892.5
36644233, 211, 211, 848.1707153320312, 848.1707153320312
36646412, 221, 221, 838.5975341796875, 838.5975341796875
36700329, 194, 194, 866.1585083007812, 866.1585083007812
36702491, 217, 217, 843.231689453125, 843.231689453125
36758572, 204, 204, 855.6097412109375, 855.6097412109375
36760737, 219, 219, 840.9755859375, 840.9755859375
36795473, 230, 230, 830.6097412109375, 830.6097412109375
36797634, 232, 232, 827.8048706054688, 827.8048706054688
36832641, 229, 229, 831.3414916992188, 831.3414916992188
36834815, 217, 217, 843.3536376953125, 843.3536376953125
36888765, 209, 209, 852.1951293945312, 852.1951293945312
36890929, 222, 222, 838.6585083007812, 838.6585083007812
36981193, 197, 197, 864.6341552734375, 864.6341552734375
36983368, 204, 204, 856.8292846679688, 856.8292846679688
37020231, 196, 196, 865.48779296875, 865.48779296875
37022393, 170, 170, 890.9755859375, 890.9755859375
37057133, 195, 195, 866.9512329101562, 866.9512329101562
37059297, 190, 190, 871.8292846679688, 871.8292846679688
37094038, 219, 219, 842.8658447265625, 842.8658447265625
37096206, 194, 194, 867.8048706054688, 867.8048706054688
37130946, 213, 213, 848.8414916992188, 848.8414916992188
37133108, 202, 202, 859.8170776367188, 859.8170776367188
37187081, 207, 207, 855.48779296875, 855.48779296875
37189248, 249, 249, 813.231689453125, 813.231689453125
37226096, 201, 201, 860.7926635742188, 860.7926635742188
37228258, 205, 205, 856.8902587890625, 856.8902587890625
37262983, 236, 236, 826.4024658203125, 826.4024658203125
37265156, 205, 205, 857.1341552734375, 857.1341552734375
37299884, 208, 208, 854.268310546875, 854.268310546875
37302061, 217, 217, 845.48779296875, 845.48779296875
37375217, 227, 227, 836.0975341796875, 836.0975341796875
37377392, 219, 219, 843.5975341796875, 843.5975341796875
37412104, 206, 206, 857.3170776367188, 857.3170776367188
37414265, 212, 212, 851.1585083007812, 851.1585083007812
37451120, 212, 212, 850.9755859375, 850.9755859375
37453294, 213, 213, 850.731689453125, 850.731689453125
37488060, 234, 234, 830.0, 830.0
37490236, 207, 207, 856.219482421875, 856.219482421875
37524972, 207, 207, 856.8292846679688, 856.8292846679688
37527147, 211, 211, 852.743896484375, 852.743896484375
37561882, 232, 232, 832.0731811523438, 832.0731811523438
37564055, 203, 203, 861.5244140625, 861.5244140625
37600952, 188, 188, 876.280517578125, 876.280517578125
37603123, 220, 220, 844.0853881835938, 844.0853881835938
37637835, 188, 188, 876.5244140625, 876.5244140625
37640003, 197, 197, 866.8902587890625, 866.8902587890625
37674764, 207, 207, 857.3780517578125, 857.3780517578125
37676941, 217, 217, 847.6219482421875, 847.6219482421875
37750086, 208, 208, 856.5853881835938, 856.5853881835938
37752262, 178, 178, 887.3780517578125, 887.3780517578125
37786989, 181, 181, 883.6585083007812, 883.6585083007812
37789161, 229, 229, 836.4024658203125, 836.4024658203125
37862315, 223, 223, 841.8902587890625, 841.8902587890625
37864477, 218, 218, 846.8902587890625, 846.8902587890625
37918420, 220, 220, 846.0975341796875, 846.0975341796875
37920584, 195, 195, 870.3658447265625, 870.3658447265625
37955301, 183, 183, 882.4390258789062, 882.4390258789062
37957463, 176, 176, 889.5731811523438, 889.5731811523438
37994338, 195, 195, 870.9146118164062, 870.9146118164062
37996511, 209, 209, 857.3780517578125, 857.3780517578125
38050452, 214, 214, 852.3780517578125, 852.3780517578125
38052626, 224, 224, 842.0731811523438, 842.0731811523438
38087351, 206, 206, 860.5487670898438, 860.5487670898438
38089523, 220, 220, 846.0365600585938, 846.0365600585938
38143478, 217, 217, 849.3292846679688, 849.3292846679688
38145652, 194, 194, 872.743896484375, 872.743896484375
38180400, 255, 255, 778.5365600585938, 778.5365600585938
38182566, 197, 197, 869.6951293945312, 869.6951293945312
38217329, 214, 214, 852.743896484375, 852.743896484375
38219494, 213, 213, 854.1463623046875, 854.1463623046875
38273482, 219, 219, 848.8414916992188, 848.8414916992188
38275658, 219, 219, 848.6585083007812, 848.6585083007812
38312498, 212, 212, 855.8536376953125, 855.8536376953125
38314661, 223, 223, 844.2073364257812, 844.2073364257812
38368612, 197, 197, 871.1585083007812, 871.1585083007812
38370779, 210, 210, 857.3780517578125, 857.3780517578125
38424724, 199, 199, 868.6585083007812, 868.6585083007812
38426889, 222, 222, 846.4634399414062, 846.4634399414062
38461664, 226, 226, 842.3780517578125, 842.3780517578125
38463838, 195, 195, 873.231689453125, 873.231689453125
38517807, 234, 234, 834.8780517578125, 834.8780517578125
38519972, 255, 255, 811.5853881835938, 811.5853881835938
38554730, 201, 201, 867.8658447265625, 867.8658447265625
38556893, 195, 195, 873.9634399414062, 873.9634399414062
38630082, 226, 226, 843.3536376953125, 843.3536376953125
38632244, 197, 197, 872.1341552734375, 872.1341552734375
38669106, 196, 196, 872.8048706054688, 872.8048706054688
38671273, 196, 196, 873.1097412109375, 873.1097412109375
38706003, 213, 213, 856.768310546875, 856.768310546875
38708165, 213, 213, 855.9146118164062, 855.9146118164062
38742913, 199, 199, 870.7926635742188, 870.7926635742188
38745077, 216, 216, 853.231689453125, 853.231689453125
38779815, 225, 225, 845.1219482421875, 845.1219482421875
38781979, 202, 202, 867.3170776367188, 867.3170776367188
38816942, 243, 243, 826.8292846679688, 826.8292846679688
38819108, 226, 226, 843.780517578125, 843.780517578125
38856001, 207, 207, 863.3536376953125, 863.3536376953125
38858164, 225, 225, 845.48779296875, 845.48779296875
38912098, 235, 235, 835.1829223632812, 835.1829223632812
38914278, 227, 227, 843.231689453125, 843.231689453125
38949029, 223, 223, 847.3780517578125, 847.3780517578125
38951203, 199, 199, 871.5244140625, 871.5244140625
38985919, 200, 200, 870.48779296875, 870.48779296875
38988097, 223, 223, 847.6219482421875, 847.6219482421875
39042017, 250, 250, 820.7926635742188, 820.7926635742188
39044180, 198, 198, 873.2926635742188, 873.2926635742188
39078906, 217, 217, 854.4512329101562, 854.4512329101562
39081072, 235, 235, 835.6707153320312, 835.6707153320312
39117927, 242, 242, 829.0853881835938, 829.0853881835938
39120103, 238, 238, 833.231689453125, 833.231689453125
39174070, 207, 207, 864.8780517578125, 864.8780517578125
39176234, 217, 217, 854.1463623046875, 854.1463623046875
39210934, 214, 214, 857.743896484375, 857.743896484375
39213099, 226, 226, 845.8536376953125, 845.8536376953125
39286293, 196, 196, 875.731689453125, 875.731689453125
39288460, 229, 229, 842.8658447265625, 842.8658447265625
39323208, 219, 219, 853.1097412109375, 853.1097412109375
39325373, 222, 222, 850.1829223632812, 850.1829223632812
39379349, 209, 209, 863.6585083007812, 863.6585083007812
39381522, 235, 235, 837.256103515625, 837.256103515625
39416278, 220, 220, 852.9268188476562, 852.9268188476562
39418457, 240, 240, 832.9268188476562, 832.9268188476562
39455316, 214, 214, 859.2073364257812, 859.2073364257812
39457481, 245, 245, 827.4390258789062, 827.4390258789062
39492218, 241, 241, 832.3170776367188, 832.3170776367188
39494383, 234, 234, 839.4512329101562, 839.4512329101562
39529141, 215, 215, 858.3536376953125, 858.3536376953125
39531304, 226, 226, 847.1951293945312, 847.1951293945312
39568148, 230, 230, 843.780517578125, 843.780517578125
39570325, 223, 223, 849.9390258789062, 849.9390258789062
39605053, 238, 238, 835.9146118164062, 835.9146118164062
39607228, 226, 226, 847.4390258789062, 847.4390258789062
39680400, 227, 227, 846.4634399414062, 846.4634399414062
39682576, 255, 255, 807.5, 807.5
39755722, 217, 217, 857.1951293945312, 857.1951293945312
39757898, 225, 225, 849.6341552734375, 849.6341552734375
39828902, 229, 229, 846.0975341796875, 846.0975341796875
39831065, 255, 255, 818.4755859375, 818.4755859375
39884990, 213, 213, 862.0731811523438, 862.0731811523438
39887153, 245, 245, 829.6951293945312, 829.6951293945312
39960303, 214, 214, 861.5853881835938, 861.5853881835938
39962467, 217, 217, 858.231689453125, 858.231689453125
40091144, 255, 255, 771.8902587890625, 771.8902587890625
40093321, 251, 251, 824.756103515625, 824.756103515625
40166482, 231, 231, 845.731689453125, 845.731689453125
40168657, 230, 230, 846.768310546875, 846.768310546875
40222614, 224, 224, 852.8658447265625, 852.8658447265625
40224781, 225, 225, 851.8902587890625, 851.8902587890625
40297936, 221, 221, 856.4634399414062, 856.4634399414062
40300100, 195, 195, 881.768310546875, 881.768310546875
40334810, 211, 211, 866.3414916992188, 866.3414916992188
40336973, 230, 230, 847.6829223632812, 847.6829223632812
40410116, 217, 217, 860.9146118164062, 860.9146118164062
40412294, 197, 197, 880.4268188476562, 880.4268188476562
40447040, 233, 233, 844.51220703125, 844.51220703125
40449204, 198, 198, 880.0, 880.0
40560856, 222, 222, 855.7926635742188, 855.7926635742188
40563019, 220, 220, 858.231689453125, 858.231689453125
40616998, 193, 193, 885.6707153320312, 885.6707153320312
40619175, 211, 211, 867.0731811523438, 867.0731811523438
40709427, 201, 201, 877.5, 877.5
40711604, 215, 215, 863.3536376953125, 863.3536376953125
40765782, 217, 217, 861.3414916992188, 861.3414916992188
40767978, 228, 228, 850.7926635742188, 850.7926635742188
40821868, 252, 252, 827.3780517578125, 827.3780517578125
40824039, 231, 231, 847.98779296875, 847.98779296875
40858780, 243, 243, 835.9146118164062, 835.9146118164062
40860945, 222, 222, 857.3170776367188, 857.3170776367188
41047310, 217, 217, 862.98779296875, 862.98779296875
41049474, 221, 221, 858.719482421875, 858.719482421875
41122634, 230, 230, 850.1219482421875, 850.1219482421875
41124805, 229, 229, 851.280517578125, 851.280517578125
41195798, 213, 213, 867.5609741210938, 867.5609741210938
41197965, 235, 235, 845.48779296875, 845.48779296875
41290351, 201, 201, 880.0, 880.0
41292526, 218, 218, 863.3536376953125, 863.3536376953125
41478875, 254, 254, 828.1097412109375, 828.1097412109375
41481041, 229, 229, 853.1097412109375, 853.1097412109375
41590485, 255, 255, 800.9146118164062, 800.9146118164062
41592652, 238, 238, 844.5731811523438, 844.5731811523438
41721293, 206, 206, 876.5244140625, 876.5244140625
41723456, 224, 224, 858.6585083007812, 858.6585083007812
41815856, 221, 221, 861.6463623046875, 861.6463623046875
41818029, 218, 218, 864.756103515625, 864.756103515625
41889046, 238, 238, 845.1219482421875, 845.1219482421875
41891213, 216, 216, 867.3780517578125, 867.3780517578125
42002840, 243, 243, 840.3048706054688, 840.3048706054688
42005003, 245, 245, 838.8414916992188, 838.8414916992188
42039733, 213, 213, 870.9755859375, 870.9755859375
42041897, 203, 203, 880.48779296875, 880.48779296875
42115093, 196, 196, 888.1097412109375, 888.1097412109375
42117258, 196, 196, 888.2926635742188, 888.2926635742188
42190400, 234, 234, 850.4268188476562, 850.4268188476562
42192566, 228, 228, 856.6463623046875, 856.6463623046875
42246525, 190, 190, 893.9634399414062, 893.9634399414062
42248693, 220, 220, 864.51220703125, 864.51220703125
42302631, 217, 217, 867.3170776367188, 867.3170776367188
42304794, 222, 222, 863.0487670898438, 863.0487670898438
42395052, 255, 255, 825.6707153320312, 825.6707153320312
42397224, 245, 245, 839.51220703125, 839.51220703125
42508773, 229, 229, 856.9512329101562, 856.9512329101562
42510934, 222, 222, 863.5975341796875, 863.5975341796875
42584063, 200, 200, 885.7926635742188, 885.7926635742188
42586239, 240, 240, 845.9146118164062, 845.9146118164062
42657271, 200, 200, 886.0365600585938, 886.0365600585938
42659433, 188, 188, 897.5609741210938, 897.5609741210938
42732573, 241, 241, 845.4268188476562, 845.4268188476562
42827345, 232, 232, 854.268310546875, 854.268310546875
42829510, 215, 215, 871.4024658203125, 871.4024658203125
42939022, 220, 220, 867.4390258789062, 867.4390258789062
42941189, 200, 200, 887.5, 887.5
42975918, 208, 208, 879.1463623046875, 879.1463623046875
42978080, 212, 212, 875.48779296875, 875.48779296875
43051231, 201, 201, 886.4634399414062, 886.4634399414062
43053396, 203, 203, 884.2073364257812, 884.2073364257812
43126556, 213, 213, 874.9390258789062, 874.9390258789062
43128734, 204, 204, 883.3536376953125, 883.3536376953125
43201907, 220, 220, 867.3170776367188, 867.3170776367188
43204084, 200, 200, 887.9268188476562, 887.9268188476562
43277267, 255, 255, 825.7926635742188, 825.7926635742188
43279434, 255, 255, 833.5975341796875, 833.5975341796875
43314168, 231, 231, 857.3780517578125, 857.3780517578125
43316333, 220, 220, 868.0487670898438, 868.0487670898438
43370281, 218, 218, 870.3048706054688, 870.3048706054688
43372448, 220, 220, 868.6585083007812, 868.6585083007812
43407171, 206, 206, 882.8048706054688, 882.8048706054688
43409346, 187, 187, 901.4024658203125, 901.4024658203125
43446235, 216, 216, 872.8658447265625, 872.8658447265625
43448412, 236, 236, 852.743896484375, 852.743896484375
43575002, 253, 253, 835.5487670898438, 835.5487670898438
43577167, 247, 247, 841.5853881835938, 841.5853881835938
43633235, 241, 241, 847.8048706054688, 847.8048706054688
43635400, 218, 218, 870.7926635742188, 870.7926635742188
43744833, 195, 195, 894.268310546875, 894.268310546875
43747007, 213, 213, 876.5244140625, 876.5244140625
43800914, 255, 255, 835.1219482421875, 835.1219482421875
43803091, 232, 232, 857.6829223632812, 857.6829223632812
43895465, 203, 203, 887.0731811523438, 887.0731811523438
43897630, 229, 229, 860.6097412109375, 860.6097412109375
43968660, 200, 200, 890.243896484375, 890.243896484375
43970832, 207, 207, 883.2926635742188, 883.2926635742188
44024768, 204, 204, 886.280517578125, 886.280517578125
44026943, 207, 207, 882.8658447265625, 882.8658447265625
44100111, 218, 218, 872.9268188476562, 872.9268188476562
44102287, 239, 239, 851.6463623046875, 851.6463623046875
44139172, 201, 201, 889.268310546875, 889.268310546875
44141334, 176, 176, 914.51220703125, 914.51220703125
44231568, 217, 217, 873.4755859375, 873.4755859375
44233735, 218, 218, 872.3780517578125, 872.3780517578125
44345323, 214, 214, 877.01220703125, 877.01220703125
44347500, 217, 217, 873.9634399414062, 873.9634399414062
44476180, 230, 230, 861.6463623046875, 861.6463623046875
44478355, 219, 219, 872.6219482421875, 872.6219482421875
44532314, 221, 221, 870.6707153320312, 870.6707153320312
44534489, 209, 209, 882.6829223632812, 882.6829223632812
44569190, 224, 224, 867.256103515625, 867.256103515625
44571353, 216, 216, 875.6097412109375, 875.6097412109375
44661664, 205, 205, 886.6463623046875, 886.6463623046875
44663830, 203, 203, 888.5975341796875, 888.5975341796875
44737319, 206, 206, 885.6097412109375, 885.6097412109375
44739483, 220, 220, 872.256103515625, 872.256103515625
44793435, 212, 212, 880.1829223632812, 880.1829223632812
44795614, 208, 208, 884.51220703125, 884.51220703125
44830356, 230, 230, 862.1951293945312, 862.1951293945312
44832520, 225, 225, 867.6829223632812, 867.6829223632812
44886495, 217, 217, 875.48779296875, 875.48779296875
44888669, 182, 182, 910.7926635742188, 910.7926635742188
44961820, 248, 248, 844.8780517578125, 844.8780517578125
44963986, 253, 253, 839.6951293945312, 839.6951293945312
45037171, 208, 208, 884.3902587890625, 884.3902587890625
45039350, 198, 198, 894.51220703125, 894.51220703125
45168004, 213, 213, 879.756103515625, 879.756103515625
45170173, 206, 206, 887.01220703125, 887.01220703125
45207053, 234, 234, 858.8414916992188, 858.8414916992188
45209221, 255, 255, 837.9268188476562, 837.9268188476562
45299489, 223, 223, 870.6707153320312, 870.6707153320312
45301655, 228, 228, 865.9146118164062, 865.9146118164062
45411167, 229, 229, 864.756103515625, 864.756103515625
45413340, 196, 196, 897.98779296875, 897.98779296875
45467272, 221, 221, 873.4146118164062, 873.4146118164062
45469437, 227, 227, 867.3780517578125, 867.3780517578125
45525538, 215, 215, 879.3902587890625, 879.3902587890625
45527701, 229, 229, 865.4268188476562, 865.4268188476562
45656370, 227, 227, 867.6829223632812, 867.6829223632812
45658535, 225, 225, 869.8170776367188, 869.8170776367188
45693272, 218, 218, 876.219482421875, 876.219482421875
45695439, 215, 215, 879.8170776367188, 879.8170776367188
45768594, 235, 235, 859.51220703125, 859.51220703125
45770767, 227, 227, 868.1097412109375, 868.1097412109375
45899496, 243, 243, 852.743896484375, 852.743896484375
45901660, 211, 211, 883.9024658203125, 883.9024658203125
45936401, 198, 198, 897.3170776367188, 897.3170776367188
45938565, 205, 205, 890.243896484375, 890.243896484375
45992490, 221, 221, 874.3292846679688, 874.3292846679688
45994655, 198, 198, 897.98779296875, 897.98779296875
46087032, 216, 216, 879.5731811523438, 879.5731811523438
46089206, 230, 230, 866.280517578125, 866.280517578125
46123954, 230, 230, 865.48779296875, 865.48779296875
46126116, 216, 216, 879.51220703125, 879.51220703125
46218466, 235, 235, 861.4024658203125, 861.4024658203125
46220631, 232, 232, 864.0244140625, 864.0244140625
46349312, 207, 207, 890.0609741210938, 890.0609741210938
46351486, 230, 230, 866.280517578125, 866.280517578125
46405395, 242, 242, 855.3048706054688, 855.3048706054688
46407561, 242, 242, 855.1219482421875, 855.1219482421875
46461530, 204, 204, 893.1097412109375, 893.1097412109375
46463695, 216, 216, 881.4024658203125, 881.4024658203125
46553949, 214, 214, 883.3536376953125, 883.3536376953125
46556113, 241, 241, 856.219482421875, 856.219482421875
46592951, 217, 217, 880.8536376953125, 880.8536376953125
46595128, 206, 206, 890.9146118164062, 890.9146118164062
46685608, 216, 216, 881.280517578125, 881.280517578125
46835870, 244, 244, 854.268310546875, 854.268310546875
46838031, 247, 247, 850.8536376953125, 850.8536376953125
46872745, 220, 220, 877.8048706054688, 877.8048706054688
46874910, 225, 225, 873.0487670898438, 873.0487670898438
46911780, 230, 230, 868.231689453125, 868.231689453125
46913948, 227, 227, 871.219482421875, 871.219482421875
47004191, 199, 199, 899.0853881835938, 899.0853881835938
47006354, 184, 184, 914.1463623046875, 914.1463623046875
47060309, 240, 240, 858.1707153320312, 858.1707153320312
47062486, 224, 224, 874.8170776367188, 874.8170776367188
47099348, 210, 210, 888.231689453125, 888.231689453125
47101524, 216, 216, 882.8048706054688, 882.8048706054688
47230247, 230, 230, 868.6585083007812, 868.6585083007812
47232419, 232, 232, 866.5244140625, 866.5244140625
47267155, 217, 217, 881.5244140625, 881.5244140625
47269323, 232, 232, 866.4634399414062, 866.4634399414062
47323285, 234, 234, 864.756103515625, 864.756103515625
47325447, 223, 223, 875.731689453125, 875.731689453125
47360187, 216, 216, 882.4390258789062, 882.4390258789062
47362350, 224, 224, 875.3048706054688, 875.3048706054688
47454741, 227, 227, 871.5244140625, 871.5244140625
47456906, 197, 197, 902.4390258789062, 902.4390258789062
47547156, 199, 199, 900.3048706054688, 900.3048706054688
47549319, 238, 238, 861.5853881835938, 861.5853881835938
47603279, 231, 231, 867.9268188476562, 867.9268188476562
47605444, 235, 235, 864.0853881835938, 864.0853881835938
47717051, 237, 237, 862.9268188476562, 862.9268188476562
47719226, 229, 229, 870.4268188476562, 870.4268188476562
47754007, 207, 207, 892.9268188476562, 892.9268188476562
47756174, 197, 197, 902.5609741210938, 902.5609741210938
47848608, 197, 197, 902.3780517578125, 902.3780517578125
47850774, 253, 253, 846.4024658203125, 846.4024658203125
47885508, 228, 228, 871.8292846679688, 871.8292846679688
47887671, 205, 205, 894.6951293945312, 894.6951293945312
47960858, 231, 231, 869.3902587890625, 869.3902587890625
47963024, 219, 219, 880.731689453125, 880.731689453125
48055406, 213, 213, 886.9512329101562, 886.9512329101562
48057571, 214, 214, 886.280517578125, 886.280517578125
48128595, 235, 235, 865.9146118164062, 865.9146118164062
48130760, 230, 230, 870.731689453125, 870.731689453125
48184702, 247, 247, 854.0244140625, 854.0244140625
48186865, 228, 228, 872.3780517578125, 872.3780517578125
48260062, 236, 236, 864.8780517578125, 864.8780517578125
48262228, 215, 215, 886.0975341796875, 886.0975341796875
48296922, 206, 206, 894.756103515625, 894.756103515625
48299085, 245, 245, 855.48779296875, 855.48779296875
48427755, 217, 217, 883.5365600585938, 883.5365600585938
48429921, 214, 214, 886.8292846679688, 886.8292846679688
48541534, 229, 229, 871.8902587890625, 871.8902587890625
48543709, 220, 220, 880.6707153320312, 880.6707153320312
48633973, 212, 212, 889.268310546875, 889.268310546875
48636148, 212, 212, 888.8414916992188, 888.8414916992188
48728807, 219, 219, 882.4390258789062, 882.4390258789062
48730980, 205, 205, 896.768310546875, 896.768310546875
48765699, 204, 204, 897.256103515625, 897.256103515625
48767871, 216, 216, 884.8780517578125, 884.8780517578125
48896552, 228, 228, 873.9634399414062, 873.9634399414062
48898713, 243, 243, 858.5975341796875, 858.5975341796875
49065811, 191, 191, 910.9755859375, 910.9755859375
49067986, 195, 195, 907.3780517578125, 907.3780517578125
49121955, 202, 202, 899.9390258789062, 899.9390258789062
49124129, 210, 210, 892.4390258789062, 892.4390258789062
49178095, 215, 215, 887.4390258789062, 887.4390258789062
49180269, 227, 227, 874.756103515625, 874.756103515625
49234227, 240, 240, 862.6219482421875, 862.6219482421875
49236390, 209, 209, 893.780517578125, 893.780517578125
49328797, 236, 236, 866.5244140625, 866.5244140625
49330962, 208, 208, 894.756103515625, 894.756103515625
49365708, 222, 222, 881.0365600585938, 881.0365600585938
49367882, 242, 242, 861.0365600585938, 861.0365600585938
49458128, 232, 232, 871.0975341796875, 871.0975341796875
49460293, 244, 244, 859.268310546875, 859.268310546875
49665901, 219, 219, 884.268310546875, 884.268310546875
49668074, 236, 236, 866.8292846679688, 866.8292846679688
49777507, 231, 231, 872.8048706054688, 872.8048706054688
49779672, 249, 249, 854.8170776367188, 854.8170776367188
49814411, 252, 252, 852.01220703125, 852.01220703125
49816587, 237, 237, 866.3414916992188, 866.3414916992188
49853447, 216, 216, 887.5, 887.5
49855621, 214, 214, 889.4512329101562, 889.4512329101562
50001363, 252, 252, 852.01220703125, 852.01220703125
50003529, 201, 201, 903.1707153320312, 903.1707153320312
50059597, 222, 222, 882.3780517578125, 882.3780517578125
50061772, 214, 214, 890.1829223632812, 890.1829223632812
50134994, 221, 221, 882.743896484375, 882.743896484375
50137160, 214, 214, 890.0609741210938, 890.0609741210938
50227374, 244, 244, 860.7926635742188, 860.7926635742188
50229540, 215, 215, 889.6341552734375, 889.6341552734375
50341108, 243, 243, 861.7073364257812, 861.7073364257812
50343282, 229, 229, 875.243896484375, 875.243896484375
50395113, 209, 209, 895.9755859375, 895.9755859375
50397279, 207, 207, 897.743896484375, 897.743896484375
50508830, 209, 209, 896.219482421875, 896.219482421875
50510996, 211, 211, 894.4512329101562, 894.4512329101562
50584179, 226, 226, 879.3902587890625, 879.3902587890625
50586354, 229, 229, 875.9146118164062, 875.9146118164062
50621104, 211, 211, 894.2073364257812, 894.2073364257812
50623269, 218, 218, 886.6463623046875, 886.6463623046875
50713785, 214, 214, 890.7926635742188, 890.7926635742188
50715949, 212, 212, 892.8658447265625, 892.8658447265625
50752844, 220, 220, 885.0609741210938, 885.0609741210938
50755009, 213, 213, 892.8048706054688, 892.8048706054688
50808976, 220, 220, 885.48779296875, 885.48779296875
50811149, 216, 216, 889.4512329101562, 889.4512329101562
50845896, 248, 248, 857.8048706054688, 857.8048706054688
50848072, 212, 212, 893.3536376953125, 893.3536376953125
50976745, 245, 245, 861.0975341796875, 861.0975341796875
50978914, 244, 244, 862.01220703125, 862.01220703125
51088423, 226, 226, 880.4268188476562, 880.4268188476562
51090585, 220, 220, 885.8536376953125, 885.8536376953125
51182969, 220, 220, 886.0365600585938, 886.0365600585938
51185144, 222, 222, 883.780517578125, 883.780517578125
51294599, 240, 240, 866.0975341796875, 866.0975341796875
51296762, 217, 217, 889.2073364257812, 889.2073364257812
51389184, 209, 209, 897.3170776367188, 897.3170776367188
51391358, 233, 233, 873.8414916992188, 873.8414916992188
51481599, 212, 212, 895.243896484375, 895.243896484375
51483775, 235, 235, 872.01220703125, 872.01220703125
51576180, 218, 218, 889.3292846679688, 889.3292846679688
51578354, 222, 222, 885.0609741210938, 885.0609741210938
51670749, 231, 231, 876.280517578125, 876.280517578125
51672922, 220, 220, 887.1341552734375, 887.1341552734375
51743933, 222, 222, 885.243896484375, 885.243896484375
51746094, 231, 231, 876.6463623046875, 876.6463623046875
51874793, 251, 251, 856.280517578125, 856.280517578125
51876967, 234, 234, 873.4755859375, 873.4755859375
51933037, 219, 219, 888.719482421875, 888.719482421875
51935200, 255, 255, 852.98779296875, 852.98779296875
52008357, 233, 233, 874.8780517578125, 874.8780517578125
52010524, 207, 207, 901.0975341796875, 901.0975341796875
52081584, 233, 233, 875.3048706054688, 875.3048706054688
52083754, 228, 228, 879.4512329101562, 879.4512329101562
52120633, 241, 241, 867.0731811523438, 867.0731811523438
52122809, 239, 239, 869.268310546875, 869.268310546875
52213032, 197, 197, 911.4634399414062, 911.4634399414062
52215207, 207, 207, 901.1585083007812, 901.1585083007812
52269135, 206, 206, 901.8292846679688, 901.8292846679688
52271300, 241, 241, 867.5609741210938, 867.5609741210938
52325264, 217, 217, 891.1585083007812, 891.1585083007812
52327429, 223, 223, 885.3048706054688, 885.3048706054688
52513745, 227, 227, 881.6463623046875, 881.6463623046875
52515908, 216, 216, 892.5609741210938, 892.5609741210938
52589076, 219, 219, 889.2073364257812, 889.2073364257812
52591254, 234, 234, 874.2073364257812, 874.2073364257812
52643356, 254, 254, 855.0, 855.0
52645519, 231, 231, 877.4390258789062, 877.4390258789062
52682374, 213, 213, 896.0365600585938, 896.0365600585938
52684552, 201, 201, 907.5, 907.5
52813263, 204, 204, 904.3292846679688, 904.3292846679688
52815442, 212, 212, 896.3414916992188, 896.3414916992188
52905663, 252, 252, 857.5, 857.5
52907827, 231, 231, 877.98779296875, 877.98779296875
52980998, 255, 255, 845.3658447265625, 845.3658447265625
52983160, 244, 244, 865.3658447265625, 865.3658447265625
53056328, 243, 243, 866.219482421875, 866.219482421875
53058496, 247, 247, 862.6829223632812, 862.6829223632812
53150855, 232, 232, 877.6219482421875, 877.6219482421875
53153017, 243, 243, 866.9512329101562, 866.9512329101562
53243236, 209, 209, 900.6097412109375, 900.6097412109375
53245399, 218, 218, 891.4024658203125, 891.4024658203125
53282248, 199, 199, 910.3658447265625, 910.3658447265625
53284424, 212, 212, 897.9268188476562, 897.9268188476562
53357605, 221, 221, 889.0244140625, 889.0244140625
53359771, 234, 234, 875.7926635742188, 875.7926635742188
53488494, 192, 192, 918.0487670898438, 918.0487670898438
53490668, 214, 214, 896.219482421875, 896.219482421875
53544603, 226, 226, 883.4146118164062, 883.4146118164062
53546767, 225, 225, 884.756103515625, 884.756103515625
53600735, 219, 219, 891.0975341796875, 891.0975341796875
53602911, 243, 243, 866.8902587890625, 866.8902587890625
53656818, 214, 214, 896.280517578125, 896.280517578125
53658982, 234, 234, 876.219482421875, 876.219482421875
53732150, 205, 205, 905.4268188476562, 905.4268188476562
53734320, 194, 194, 916.4634399414062, 916.4634399414062
53805336, 235, 235, 874.9390258789062, 874.9390258789062
53807501, 221, 221, 888.6585083007812, 888.6585083007812
53899918, 219, 219, 890.7926635742188, 890.7926635742188
53902092, 202, 202, 908.4755859375, 908.4755859375
53956032, 229, 229, 881.280517578125, 881.280517578125
53958198, 226, 226, 884.3902587890625, 884.3902587890625
54012141, 197, 197, 913.4755859375, 913.4755859375
54014308, 211, 211, 899.3902587890625, 899.3902587890625
54049057, 221, 221, 889.51220703125, 889.51220703125
54051230, 240, 240, 870.1829223632812, 870.1829223632812
54088105, 223, 223, 886.9512329101562, 886.9512329101562
54090271, 222, 222, 888.6585083007812, 888.6585083007812
54161313, 217, 217, 893.0487670898438, 893.0487670898438
54163487, 233, 233, 877.4390258789062, 877.4390258789062
54200366, 221, 221, 889.51220703125, 889.51220703125
54202530, 236, 236, 874.0244140625, 874.0244140625
54256526, 207, 207, 903.1097412109375, 903.1097412109375
54258704, 214, 214, 896.280517578125, 896.280517578125
54293465, 204, 204, 906.219482421875, 906.219482421875
54295638, 206, 206, 904.0244140625, 904.0244140625
54368849, 211, 211, 899.51220703125, 899.51220703125
54371025, 239, 239, 871.5853881835938, 871.5853881835938
54424969, 199, 199, 911.219482421875, 911.219482421875
54427145, 198, 198, 912.5609741210938, 912.5609741210938
54481083, 203, 203, 907.743896484375, 907.743896484375
54483246, 217, 217, 893.3536376953125, 893.3536376953125
54537168, 210, 210, 900.9146118164062, 900.9146118164062
54539333, 216, 216, 894.0853881835938, 894.0853881835938
54612638, 209, 209, 901.4024658203125, 901.4024658203125
54614801, 240, 240, 870.6707153320312, 870.6707153320312
54668795, 255, 255, 842.8658447265625, 842.8658447265625
54670971, 230, 230, 880.8536376953125, 880.8536376953125
54763367, 230, 230, 881.0365600585938, 881.0365600585938
54765542, 240, 240, 870.6707153320312, 870.6707153320312
54800301, 230, 230, 880.731689453125, 880.731689453125
54802476, 221, 221, 889.6951293945312, 889.6951293945312
54892740, 246, 246, 865.0609741210938, 865.0609741210938
54894905, 229, 229, 882.3780517578125, 882.3780517578125
54931778, 242, 242, 868.6585083007812, 868.6585083007812
54933951, 218, 218, 892.9268188476562, 892.9268188476562
55004995, 219, 219, 892.1341552734375, 892.1341552734375
55007168, 221, 221, 890.5487670898438, 890.5487670898438
55155079, 191, 191, 920.4268188476562, 920.4268188476562
55157244, 202, 202, 909.8780517578125, 909.8780517578125
55211228, 227, 227, 884.3292846679688, 884.3292846679688
55213402, 234, 234, 877.1341552734375, 877.1341552734375
55305845, 249, 249, 862.3780517578125, 862.3780517578125
55308020, 240, 240, 871.4024658203125, 871.4024658203125
55342758, 229, 229, 882.8658447265625, 882.8658447265625
55344922, 230, 230, 881.4634399414062, 881.4634399414062
55379677, 230, 230, 881.9512329101562, 881.9512329101562
55381841, 217, 217, 894.4512329101562, 894.4512329101562
55435796, 254, 254, 857.98779296875, 857.98779296875
55437971, 249, 249, 863.231689453125, 863.231689453125
55491943, 237, 237, 875.1219482421875, 875.1219482421875
55494116, 212, 212, 899.8780517578125, 899.8780517578125
55586487, 247, 247, 864.756103515625, 864.756103515625
55588663, 239, 239, 872.98779296875, 872.98779296875
55661849, 255, 255, 829.3902587890625, 829.3902587890625
55664014, 255, 255, 847.9268188476562, 847.9268188476562
55698758, 226, 226, 886.0975341796875, 886.0975341796875
55700934, 229, 229, 883.4755859375, 883.4755859375
55737793, 240, 240, 872.3170776367188, 872.3170776367188
55739969, 226, 226, 886.4634399414062, 886.4634399414062
55866496, 228, 228, 884.0853881835938, 884.0853881835938
55868661, 225, 225, 887.1951293945312, 887.1951293945312
55905555, 224, 224, 888.9634399414062, 888.9634399414062
55907720, 220, 220, 892.5, 892.5
55997951, 207, 207, 905.6097412109375, 905.6097412109375
56000113, 209, 209, 903.6585083007812, 903.6585083007812
56036965, 223, 223, 889.3902587890625, 889.3902587890625
56039129, 224, 224, 889.1463623046875, 889.1463623046875
56073865, 224, 224, 888.5975341796875, 888.5975341796875
56076042, 232, 232, 881.1585083007812, 881.1585083007812
56110760, 238, 238, 875.1829223632812, 875.1829223632812
56112923, 232, 232, 880.7926635742188, 880.7926635742188
56166883, 223, 223, 889.51220703125, 889.51220703125
56169046, 250, 250, 863.0487670898438, 863.0487670898438
56297727, 233, 233, 880.3048706054688, 880.3048706054688
56299890, 236, 236, 877.3780517578125, 877.3780517578125
56373054, 244, 244, 869.3292846679688, 869.3292846679688
56375232, 231, 231, 882.0731811523438, 882.0731811523438
56467591, 216, 216, 897.743896484375, 897.743896484375
56469766, 228, 228, 885.6097412109375, 885.6097412109375
56542923, 237, 237, 876.0975341796875, 876.0975341796875
56545101, 240, 240, 873.9634399414062, 873.9634399414062
56654848, 216, 216, 897.6829223632812, 897.6829223632812
56657015, 232, 232, 881.5244140625, 881.5244140625
56749362, 207, 207, 906.4634399414062, 906.4634399414062
56751525, 204, 204, 910.3048706054688, 910.3048706054688
56786238, 224, 224, 889.8780517578125, 889.8780517578125
56788400, 227, 227, 887.1951293945312, 887.1951293945312
56842358, 220, 220, 893.5365600585938, 893.5365600585938
56844529, 209, 209, 905.243896484375, 905.243896484375
56917739, 215, 215, 898.9634399414062, 898.9634399414062
56919903, 242, 242, 872.5, 872.5
56954653, 255, 255, 839.756103515625, 839.756103515625
56956829, 252, 252, 861.8902587890625, 861.8902587890625
57010789, 235, 235, 879.3292846679688, 879.3292846679688
57012964, 226, 226, 887.8658447265625, 887.8658447265625
57047688, 254, 254, 860.6097412109375, 860.6097412109375
57049853, 255, 255, 818.5975341796875, 818.5975341796875
57103793, 236, 236, 878.231689453125, 878.231689453125
57105966, 232, 232, 882.01220703125, 882.01220703125
57159896, 220, 220, 894.1463623046875, 894.1463623046875
57162060, 240, 240, 874.0853881835938, 874.0853881835938
57216021, 233, 233, 881.9512329101562, 881.9512329101562
57218185, 207, 207, 907.4390258789062, 907.4390258789062
57291360, 232, 232, 882.8048706054688, 882.8048706054688
57293535, 246, 246, 869.0244140625, 869.0244140625
57441426, 217, 217, 897.98779296875, 897.98779296875
57443592, 241, 241, 873.8414916992188, 873.8414916992188
57497537, 224, 224, 890.48779296875, 890.48779296875
57499701, 234, 234, 881.219482421875, 881.219482421875
57553654, 195, 195, 920.0, 920.0
57555830, 201, 201, 913.9024658203125, 913.9024658203125
57648268, 212, 212, 902.98779296875, 902.98779296875
57650437, 199, 199, 916.0975341796875, 916.0975341796875
57779125, 215, 215, 900.731689453125, 900.731689453125
57781288, 192, 192, 923.2926635742188, 923.2926635742188
57909998, 219, 219, 896.4024658203125, 896.4024658203125
57912176, 242, 242, 873.9024658203125, 873.9024658203125
58004511, 221, 221, 894.51220703125, 894.51220703125
58006679, 216, 216, 899.4512329101562, 899.4512329101562
58060633, 199, 199, 916.8902587890625, 916.8902587890625
58062807, 228, 228, 887.4390258789062, 887.4390258789062
58116720, 239, 239, 876.219482421875, 876.219482421875
58118892, 226, 226, 889.4512329101562, 889.4512329101562
58153583, 215, 215, 900.5487670898438, 900.5487670898438
58155747, 224, 224, 891.3414916992188, 891.3414916992188
58228914, 231, 231, 884.8780517578125, 884.8780517578125
58231077, 231, 231, 884.51220703125, 884.51220703125
58285016, 209, 209, 906.3414916992188, 906.3414916992188
58287189, 236, 236, 879.6341552734375, 879.6341552734375
58341118, 228, 228, 887.3170776367188, 887.3170776367188
58343294, 218, 218, 897.8658447265625, 897.8658447265625
58397280, 213, 213, 902.8658447265625, 902.8658447265625
58399456, 198, 198, 917.1341552734375, 917.1341552734375
58453410, 211, 211, 904.268310546875, 904.268310546875
58455583, 223, 223, 892.1951293945312, 892.1951293945312
58528934, 242, 242, 874.0244140625, 874.0244140625
58640716, 218, 218, 897.5, 897.5
58642883, 209, 209, 906.768310546875, 906.768310546875
58677617, 242, 242, 873.5365600585938, 873.5365600585938
58679784, 227, 227, 888.5975341796875, 888.5975341796875
58716627, 211, 211, 904.8780517578125, 904.8780517578125
58718793, 227, 227, 888.231689453125, 888.231689453125
58789837, 213, 213, 902.1951293945312, 902.1951293945312
58792005, 204, 204, 911.768310546875, 911.768310546875
58828882, 229, 229, 886.6463623046875, 886.6463623046875
58831059, 221, 221, 894.6951293945312, 894.6951293945312
58865783, 218, 218, 898.231689453125, 898.231689453125
58867957, 235, 235, 880.3658447265625, 880.3658447265625
58902692, 218, 218, 897.743896484375, 897.743896484375
58904865, 210, 210, 906.0975341796875, 906.0975341796875
58958808, 193, 193, 922.743896484375, 922.743896484375
58960983, 212, 212, 904.0853881835938, 904.0853881835938
59053350, 219, 219, 897.1341552734375, 897.1341552734375
59055512, 209, 209, 906.8902587890625, 906.8902587890625
59090227, 226, 226, 889.51220703125, 889.51220703125
59092391, 214, 214, 901.9512329101562, 901.9512329101562
59127136, 213, 213, 902.98779296875, 902.98779296875
59129311, 199, 199, 916.4634399414062, 916.4634399414062
59166174, 209, 209, 907.0731811523438, 907.0731811523438
59168339, 214, 214, 902.0731811523438, 902.0731811523438
59239410, 212, 212, 903.6585083007812, 903.6585083007812
59241577, 230, 230, 885.3658447265625, 885.3658447265625
59314773, 212, 212, 904.1463623046875, 904.1463623046875
59316938, 195, 195, 920.9755859375, 920.9755859375
59370900, 220, 220, 895.5487670898438, 895.5487670898438
59373077, 224, 224, 891.6463623046875, 891.6463623046875
59484665, 217, 217, 899.3902587890625, 899.3902587890625
59486831, 225, 225, 890.6097412109375, 890.6097412109375
59577131, 220, 220, 895.9755859375, 895.9755859375
59579292, 210, 210, 905.7926635742188, 905.7926635742188
59652496, 214, 214, 902.01220703125, 902.01220703125
59654671, 239, 239, 876.5244140625, 876.5244140625
59689400, 233, 233, 882.6829223632812, 882.6829223632812
59691565, 236, 236, 880.0609741210938, 880.0609741210938
59745498, 199, 199, 917.3170776367188, 917.3170776367188
59747663, 219, 219, 897.1951293945312, 897.1951293945312
59784548, 229, 229, 887.01220703125, 887.01220703125
59786712, 234, 234, 882.1341552734375, 882.1341552734375
59857732, 225, 225, 890.9755859375, 890.9755859375
59859894, 226, 226, 889.8170776367188, 889.8170776367188
60065393, 195, 195, 921.219482421875, 921.219482421875
60067559, 197, 197, 919.0244140625, 919.0244140625
60177017, 208, 208, 908.8414916992188, 908.8414916992188
60179184, 242, 242, 874.268310546875, 874.268310546875
60233171, 211, 211, 905.731689453125, 905.731689453125
60235333, 199, 199, 917.8048706054688, 917.8048706054688
60402401, 232, 232, 884.3292846679688, 884.3292846679688
60404575, 229, 229, 886.9512329101562, 886.9512329101562
60439352, 232, 232, 884.0853881835938, 884.0853881835938
60441518, 230, 230, 886.3414916992188, 886.3414916992188
60514960, 228, 228, 888.9024658203125, 888.9024658203125
60517137, 233, 233, 883.5975341796875, 883.5975341796875
60551892, 240, 240, 876.8902587890625, 876.8902587890625
60554065, 252, 252, 864.6951293945312, 864.6951293945312
60721196, 237, 237, 879.268310546875, 879.268310546875
60723364, 224, 224, 893.0487670898438, 893.0487670898438
60852070, 232, 232, 885.1219482421875, 885.1219482421875
60854237, 233, 233, 884.0853881835938, 884.0853881835938
60888979, 203, 203, 914.2073364257812, 914.2073364257812
60891144, 232, 232, 885.243896484375, 885.243896484375
60925887, 221, 221, 895.731689453125, 895.731689453125
60928053, 241, 241, 875.9146118164062, 875.9146118164062
61001178, 195, 195, 922.4390258789062, 922.4390258789062
61003353, 212, 212, 905.48779296875, 905.48779296875
61040226, 244, 244, 872.743896484375, 872.743896484375
61042389, 208, 208, 908.780517578125, 908.780517578125
61113417, 202, 202, 914.8170776367188, 914.8170776367188
61115594, 216, 216, 900.8536376953125, 900.8536376953125
61152468, 230, 230, 886.6463623046875, 886.6463623046875
61154633, 220, 220, 896.7073364257812, 896.7073364257812
61244885, 234, 234, 883.4755859375, 883.4755859375
61247059, 221, 221, 895.7926635742188, 895.7926635742188
61394974, 233, 233, 883.9634399414062, 883.9634399414062
61397139, 242, 242, 875.48779296875, 875.48779296875
61470316, 225, 225, 891.768310546875, 891.768310546875
61472482, 227, 227, 890.0, 890.0
61564859, 255, 255, 857.0731811523438, 857.0731811523438
61567021, 240, 240, 877.3170776367188, 877.3170776367188
61601749, 232, 232, 885.3048706054688, 885.3048706054688
61603926, 224, 224, 892.8658447265625, 892.8658447265625
61696356, 216, 216, 901.768310546875, 901.768310546875
61698529, 222, 222, 895.3048706054688, 895.3048706054688
61752430, 207, 207, 910.731689453125, 910.731689453125
61754597, 225, 225, 892.1341552734375, 892.1341552734375
61825629, 203, 203, 914.3292846679688, 914.3292846679688
61827797, 194, 194, 923.5365600585938, 923.5365600585938
61900946, 209, 209, 907.8048706054688, 907.8048706054688
61903120, 237, 237, 880.1829223632812, 880.1829223632812
62014737, 219, 219, 898.0487670898438, 898.0487670898438
62016911, 221, 221, 896.768310546875, 896.768310546875
62126398, 255, 255, 860.1219482421875, 860.1219482421875
62128567, 215, 215, 902.5, 902.5
62163304, 227, 227, 890.1829223632812, 890.1829223632812
62165468, 234, 234, 883.5975341796875, 883.5975341796875
62257832, 253, 253, 864.9390258789062, 864.9390258789062
62259997, 255, 255, 857.0731811523438, 857.0731811523438
62333168, 227, 227, 890.6707153320312, 890.6707153320312
62335333, 230, 230, 887.98779296875, 887.98779296875
62406361, 239, 239, 879.2073364257812, 879.2073364257812
62408523, 255, 255, 848.780517578125, 848.780517578125
62501101, 228, 228, 889.8780517578125, 889.8780517578125
62503279, 242, 242, 876.280517578125, 876.280517578125
62538009, 189, 189, 928.719482421875, 928.719482421875
62540185, 218, 218, 899.6951293945312, 899.6951293945312
62632562, 246, 246, 871.768310546875, 871.768310546875
62634726, 251, 251, 866.7073364257812, 866.7073364257812
62688699, 219, 219, 899.3292846679688, 899.3292846679688
62690862, 231, 231, 886.5244140625, 886.5244140625
62725593, 227, 227, 890.6097412109375, 890.6097412109375
62727771, 225, 225, 893.0487670898438, 893.0487670898438
62800927, 210, 210, 907.6219482421875, 907.6219482421875
62803104, 231, 231, 887.4390258789062, 887.4390258789062
62837824, 254, 254, 863.6585083007812, 863.6585083007812