14747317, 0, 0, 0.0, 0.0
14749737, 255, 255, -0.4878048896789551, -0.4878048896789551
14755050, 255, 255, 0.3048780560493469, 0.3048780560493469
14757212, 255, 255, -2.195122003555298, -2.195122003555298
14776115, 255, 255, 39.32926940917969, 39.32926940917969
14779514, 255, 255, 32.317073822021484, 32.317073822021484
14781668, 255, 255, 114.45121765136719, 114.45121765136719
14794143, 255, 255, 106.28048706054688, 106.28048706054688
14797540, 255, 255, 100.73170471191406, 100.73170471191406
14799704, 255, 255, 126.6463394165039, 126.6463394165039
14812487, 255, 255, 164.4512176513672, 164.4512176513672
14815874, 255, 255, 240.30487060546875, 240.30487060546875
14818037, 255, 255, 230.73170471191406, 230.73170471191406
14830507, 255, 255, 235.9146270751953, 235.9146270751953
14833895, 255, 255, 210.1219482421875, 210.1219482421875
14836058, 255, 255, 210.4268341064453, 210.4268341064453
14850675, 255, 255, 316.7073059082031, 316.7073059082031
14854073, 255, 255, 313.2317199707031, 313.2317199707031
14856238, 255, 255, 330.8536682128906, 330.8536682128906
14868748, 255, 255, 325.3658447265625, 325.3658447265625
14872158, 255, 255, 363.5365905761719, 363.5365905761719
14874320, 255, 255, 356.4024353027344, 356.4024353027344
14886823, 255, 255, 448.3536682128906, 448.3536682128906
14890221, 255, 255, 335.7926940917969, 335.7926940917969
14892374, 255, 255, 368.5975646972656, 368.5975646972656
14906983, 255, 255, 433.3536682128906, 433.3536682128906
14910369, 255, 255, 470.7926940917969, 470.7926940917969
14912531, 255, 255, 456.8902587890625, 456.8902587890625
14925026, 255, 255, 452.8658447265625, 452.8658447265625
14928439, 255, 255, 500.1219482421875, 500.1219482421875
14930601, 255, 255, 467.98779296875, 467.98779296875
14943077, 255, 255, 497.43902587890625, 497.43902587890625
14946465, 255, 255, 572.5609741210938, 572.5609741210938
14948625, 255, 255, 532.4390258789062, 532.4390258789062
14963239, 255, 255, 557.3780517578125, 557.3780517578125
14966619, 255, 255, 592.3780517578125, 592.3780517578125
14968770, 255, 255, 580.243896484375, 580.243896484375
14981235, 255, 255, 629.8170776367188, 629.8170776367188
14983399, 255, 255, 628.231689453125, 628.231689453125
15015187, 255, 255, 680.0, 680.0
15018612, 255, 255, 668.6585083007812, 668.6585083007812
15020762, 255, 255, 685.0, 685.0
15052574, 255, 255, 720.7926635742188, 720.7926635742188
15055984, 255, 255, 712.256103515625, 712.256103515625
15058147, 255, 255, 739.268310546875, 739.268310546875
15089947, 255, 255, 788.0487670898438, 788.0487670898438
15093378, 255, 255, 828.4146118164062, 828.4146118164062
15095541, 246, 246, 833.0487670898438, 833.0487670898438
15127353, 177, 177, 872.256103515625, 872.256103515625
15130788, 157, 157, 883.231689453125, 883.231689453125
15132951, 205, 205, 857.01220703125, 857.01220703125
15164762, 184, 184, 868.6585083007812, 868.6585083007812
15168174, 72, 72, 930.7926635742188, 930.7926635742188
15170331, 43, 43, 946.8292846679688, 946.8292846679688
15204298, 211, 211, 853.780517578125, 853.780517578125
15207704, 58, 58, 938.4146118164062, 938.4146118164062
15209867, 73, 73, 930.243896484375, 930.243896484375
15241669, 173, 173, 874.51220703125, 874.51220703125
15245080, 119, 119, 904.8170776367188, 904.8170776367188
15247241, 158, 158, 882.9268188476562, 882.9268188476562
15279029, 184, 184, 869.51220703125, 869.51220703125
15282457, 255, 255, 800.8536376953125, 800.8536376953125
15284618, 221, 221, 848.719482421875, 848.719482421875
15316412, 255, 255, 797.1951293945312, 797.1951293945312
15319823, 255, 255, 788.4146118164062, 788.4146118164062
15321986, 255, 255, 786.4634399414062, 786.4634399414062
15353791, 133, 133, 899.6341552734375, 899.6341552734375
15357221, 255, 255, 809.6341552734375, 809.6341552734375
15359384, 199, 199, 863.1707153320312, 863.1707153320312
15427490, 207, 207, 859.4512329101562, 859.4512329101562
15430913, 113, 113, 911.768310546875, 911.768310546875
15433066, 118, 118, 909.0853881835938, 909.0853881835938
15464876, 106, 106, 915.4268188476562, 915.4268188476562
15468295, 175, 175, 877.1951293945312, 877.1951293945312
15470447, 177, 177, 876.4024658203125, 876.4024658203125
15502258, 148, 148, 892.743896484375, 892.743896484375
15505680, 178, 178, 876.280517578125, 876.280517578125
15507843, 212, 212, 857.5, 857.5
15539612, 191, 191, 869.51220703125, 869.51220703125
15543023, 204, 204, 862.3780517578125, 862.3780517578125
15545174, 191, 191, 869.5731811523438, 869.5731811523438
15579114, 156, 156, 889.51220703125, 889.51220703125
15582533, 163, 163, 885.3658447265625, 885.3658447265625
15584694, 74, 74, 934.8170776367188, 934.8170776367188
15617298, 166, 166, 883.6585083007812, 883.6585083007812
15620699, 137, 137, 899.756103515625, 899.756103515625
15622860, 188, 188, 871.4024658203125, 871.4024658203125
15652527, 185, 185, 873.3536376953125, 873.3536376953125
15655958, 213, 213, 858.1097412109375, 858.1097412109375
15658122, 91, 91, 925.4268188476562, 925.4268188476562
15689918, 201, 201, 864.8170776367188, 864.8170776367188
15693328, 160, 160, 887.3170776367188, 887.3170776367188
15695480, 147, 147, 894.5731811523438, 894.5731811523438
15728106, 159, 159, 888.1097412109375, 888.1097412109375
15730271, 197, 197, 867.5, 867.5
15767172, 223, 223, 852.9268188476562, 852.9268188476562
15769339, 255, 255, 833.2926635742188, 833.2926635742188
15804096, 110, 110, 916.0975341796875, 916.0975341796875
15806273, 141, 141, 898.8414916992188, 898.8414916992188
15841002, 200, 200, 866.5853881835938, 866.5853881835938
15843177, 216, 216, 857.4390258789062, 857.4390258789062
15877915, 190, 190, 872.3170776367188, 872.3170776367188
15880083, 235, 235, 847.3170776367188, 847.3170776367188
15934045, 222, 222, 855.3048706054688, 855.3048706054688
15936212, 138, 138, 901.7073364257812, 901.7073364257812
15973096, 132, 132, 905.1829223632812, 905.1829223632812
15975261, 152, 152, 894.1463623046875, 894.1463623046875
16009969, 118, 118, 913.1707153320312, 913.1707153320312
16012143, 118, 118, 912.98779296875, 912.98779296875
16046860, 153, 153, 893.780517578125, 893.780517578125
16049035, 168, 168, 885.4268188476562, 885.4268188476562
16085912, 213, 213, 860.7926635742188, 860.7926635742188
16088087, 183, 183, 877.5609741210938, 877.5609741210938
16122832, 168, 168, 885.7926635742188, 885.7926635742188
16125009, 229, 229, 852.01220703125, 852.01220703125
16159761, 204, 204, 866.4634399414062, 866.4634399414062
16161929, 133, 133, 905.6097412109375, 905.6097412109375
16198829, 115, 115, 915.8536376953125, 915.8536376953125
16201006, 127, 127, 909.268310546875, 909.268310546875
16272016, 167, 167, 887.1951293945312, 887.1951293945312
16274190, 180, 180, 879.8780517578125, 879.8780517578125
16308935, 156, 156, 893.231689453125, 893.231689453125
16311110, 199, 199, 869.8170776367188, 869.8170776367188
16347974, 188, 188, 876.1585083007812, 876.1585083007812
16350151, 164, 164, 889.3902587890625, 889.3902587890625
16404107, 201, 201, 869.268310546875, 869.268310546875
16406276, 216, 216, 860.6707153320312, 860.6707153320312
16440975, 195, 195, 872.8048706054688, 872.8048706054688
16443139, 149, 149, 898.4146118164062, 898.4146118164062
16477885, 185, 185, 878.4755859375, 878.4755859375
16480059, 148, 148, 899.0244140625, 899.0244140625
16534003, 145, 145, 900.6097412109375, 900.6097412109375
16536169, 192, 192, 874.8170776367188, 874.8170776367188
16590134, 130, 130, 909.0853881835938, 909.0853881835938
16592310, 114, 114, 917.8658447265625, 917.8658447265625
16629199, 201, 201, 869.9390258789062, 869.9390258789062
16631365, 205, 205, 867.98779296875, 867.98779296875
16666092, 193, 193, 874.5731811523438, 874.5731811523438
16668257, 150, 150, 898.4755859375, 898.4755859375
16702969, 140, 140, 903.8414916992188, 903.8414916992188
16705146, 145, 145, 901.0975341796875, 901.0975341796875
16740155, 154, 154, 896.5244140625, 896.5244140625
16742321, 173, 173, 885.6097412109375, 885.6097412109375
16779201, 255, 255, 827.8658447265625, 827.8658447265625
16781368, 143, 143, 902.6829223632812, 902.6829223632812
16816124, 153, 153, 897.6829223632812, 897.6829223632812
16818300, 182, 182, 881.0975341796875, 881.0975341796875
16853023, 255, 255, 819.51220703125, 819.51220703125
16855187, 124, 124, 913.719482421875, 913.719482421875
16889944, 111, 111, 920.9146118164062, 920.9146118164062
16892109, 84, 84, 935.3658447265625, 935.3658447265625
16928952, 104, 104, 924.2073364257812, 924.2073364257812
16931121, 106, 106, 922.8658447265625, 922.8658447265625
16965860, 157, 157, 894.5731811523438, 894.5731811523438
16968037, 155, 155, 896.0365600585938, 896.0365600585938
17002774, 207, 207, 867.4390258789062, 867.4390258789062
17004947, 193, 193, 874.8780517578125, 874.8780517578125
17041781, 215, 215, 863.4146118164062, 863.4146118164062
17043957, 130, 130, 910.243896484375, 910.243896484375
17078701, 146, 146, 901.768310546875, 901.768310546875
17080872, 125, 125, 913.0487670898438, 913.0487670898438
17115605, 166, 166, 890.6707153320312, 890.6707153320312
17117772, 152, 152, 898.4146118164062, 898.4146118164062
17152492, 136, 136, 906.8902587890625, 906.8902587890625
17154666, 159, 159, 894.1463623046875, 894.1463623046875
17191539, 165, 165, 891.0365600585938, 891.0365600585938
17193715, 203, 203, 870.1829223632812, 870.1829223632812
17228455, 244, 244, 847.256103515625, 847.256103515625
17230625, 178, 178, 884.0244140625, 884.0244140625
17265383, 182, 182, 882.3170776367188, 882.3170776367188
17267558, 224, 224, 859.0244140625, 859.0244140625
17302293, 223, 223, 859.756103515625, 859.756103515625
17304461, 244, 244, 848.4146118164062, 848.4146118164062
17341379, 218, 218, 863.1707153320312, 863.1707153320312
17343555, 253, 253, 843.719482421875, 843.719482421875
17378257, 224, 224, 859.6951293945312, 859.6951293945312
17380425, 158, 158, 896.7073364257812, 896.7073364257812
17415183, 91, 91, 933.5365600585938, 933.5365600585938
17417347, 134, 134, 910.0, 910.0
17452109, 137, 137, 907.98779296875, 907.98779296875
17454275, 126, 126, 914.0244140625, 914.0244140625
17491172, 135, 135, 908.9024658203125, 908.9024658203125
17493348, 124, 124, 915.0, 915.0
17566511, 155, 155, 898.2926635742188, 898.2926635742188
17568680, 142, 142, 905.6707153320312, 905.6707153320312
17603387, 164, 164, 893.4755859375, 893.4755859375
17605556, 167, 167, 891.8292846679688, 891.8292846679688
17640302, 146, 146, 903.719482421875, 903.719482421875
17642465, 113, 113, 921.768310546875, 921.768310546875
17677195, 98, 98, 930.0609741210938, 930.0609741210938
17679370, 127, 127, 914.2073364257812, 914.2073364257812
17716259, 92, 92, 933.5975341796875, 933.5975341796875
17718424, 156, 156, 898.0487670898438, 898.0487670898438
17770238, 145, 145, 904.2073364257812, 904.2073364257812
17772400, 129, 129, 912.8048706054688, 912.8048706054688
17809268, 135, 135, 909.8170776367188, 909.8170776367188
17811434, 108, 108, 925.0, 925.0
17846187, 181, 181, 884.5731811523438, 884.5731811523438
17848352, 148, 148, 902.5609741210938, 902.5609741210938
17885202, 196, 196, 876.0975341796875, 876.0975341796875
17887380, 153, 153, 900.1829223632812, 900.1829223632812
17922113, 154, 154, 899.5731811523438, 899.5731811523438
17924279, 182, 182, 884.1463623046875, 884.1463623046875
17959026, 168, 168, 891.9512329101562, 891.9512329101562
17961191, 108, 108, 925.6097412109375, 925.6097412109375
17995945, 157, 157, 898.1707153320312, 898.1707153320312
17998121, 140, 140, 907.6219482421875, 907.6219482421875
18052120, 132, 132, 912.1341552734375, 912.1341552734375
18054293, 156, 156, 898.4146118164062, 898.4146118164062
18091170, 133, 133, 911.3414916992188, 911.3414916992188
18093336, 143, 143, 905.6097412109375, 905.6097412109375
18128084, 190, 190, 879.6341552734375, 879.6341552734375
18130261, 197, 197, 875.7926635742188, 875.7926635742188
18164976, 149, 149, 902.4390258789062, 902.4390258789062
18167139, 141, 141, 907.01220703125, 907.01220703125
18201877, 94, 94, 932.9268188476562, 932.9268188476562
18204054, 111, 111, 923.4755859375, 923.4755859375
18240919, 196, 196, 876.280517578125, 876.280517578125
18243088, 208, 208, 869.6951293945312, 869.6951293945312
18277839, 181, 181, 884.9390258789062, 884.9390258789062
18280018, 191, 191, 879.5731811523438, 879.5731811523438
18314738, 163, 163, 894.8780517578125, 894.8780517578125
18316904, 179, 179, 886.280517578125, 886.280517578125
18353759, 176, 176, 887.6829223632812, 887.6829223632812
18355936, 172, 172, 890.1219482421875, 890.1219482421875
18390699, 170, 170, 891.5244140625, 891.5244140625
18392866, 208, 208, 870.0, 870.0
18427604, 197, 197, 876.6463623046875, 876.6463623046875
18429771, 144, 144, 906.0975341796875, 906.0975341796875
18464503, 178, 178, 887.0731811523438, 887.0731811523438
18466679, 184, 184, 884.0853881835938, 884.0853881835938
18503574, 167, 167, 893.719482421875, 893.719482421875
18505739, 165, 165, 894.5731811523438, 894.5731811523438
18540488, 131, 131, 913.5365600585938, 913.5365600585938
18542655, 159, 159, 897.9268188476562, 897.9268188476562
18577424, 126, 126, 916.1585083007812, 916.1585083007812
18579586, 145, 145, 905.6097412109375, 905.6097412109375
18614343, 153, 153, 901.1585083007812, 901.1585083007812
18616519, 179, 179, 886.8902587890625, 886.8902587890625
18653418, 177, 177, 887.98779296875, 887.98779296875
18655595, 199, 199, 875.4268188476562, 875.4268188476562
18710129, 184, 184, 884.3902587890625, 884.3902587890625
18712320, 214, 214, 867.98779296875, 867.98779296875
18747055, 149, 149, 903.719482421875, 903.719482421875
18749222, 142, 142, 907.743896484375, 907.743896484375
18783940, 136, 136, 911.219482421875, 911.219482421875
18786116, 86, 86, 939.1463623046875, 939.1463623046875
18820843, 110, 110, 925.5487670898438, 925.5487670898438
18823010, 162, 162, 896.768310546875, 896.768310546875
18859894, 89, 89, 937.3780517578125, 937.3780517578125
18862070, 87, 87, 938.4146118164062, 938.4146118164062
18896848, 137, 137, 910.6707153320312, 910.6707153320312
18899020, 155, 155, 900.6707153320312, 900.6707153320312
18952956, 104, 104, 928.8414916992188, 928.8414916992188
18955121, 125, 125, 916.8292846679688, 916.8292846679688
18989821, 190, 190, 881.0975341796875, 881.0975341796875
18991998, 154, 154, 900.8536376953125, 900.8536376953125
19026760, 162, 162, 896.5853881835938, 896.5853881835938
19028937, 153, 153, 901.7073364257812, 901.7073364257812
19065810, 255, 255, 843.2926635742188, 843.2926635742188
19067987, 187, 187, 883.4146118164062, 883.4146118164062
19102741, 165, 165, 895.3658447265625, 895.3658447265625
19104905, 130, 130, 914.8780517578125, 914.8780517578125
19158876, 137, 137, 911.0975341796875, 911.0975341796875
19161052, 194, 194, 879.51220703125, 879.51220703125
19195819, 184, 184, 884.8170776367188, 884.8170776367188
19197983, 161, 161, 897.3780517578125, 897.3780517578125
19232718, 191, 191, 881.1585083007812, 881.1585083007812
19234895, 174, 174, 890.4268188476562, 890.4268188476562
19271769, 189, 189, 882.1341552734375, 882.1341552734375
19273944, 162, 162, 897.0731811523438, 897.0731811523438
19327877, 174, 174, 890.9755859375, 890.9755859375
19330055, 155, 155, 901.5244140625, 901.5244140625
19364808, 149, 149, 904.9390258789062, 904.9390258789062
19366973, 163, 163, 896.8902587890625, 896.8902587890625
19401690, 168, 168, 894.2073364257812, 894.2073364257812
19403858, 153, 153, 902.743896484375, 902.743896484375
19440717, 188, 188, 883.4755859375, 883.4755859375
19442895, 163, 163, 896.9512329101562, 896.9512329101562
19477656, 179, 179, 888.4755859375, 888.4755859375
19479821, 188, 188, 883.3536376953125, 883.3536376953125
19514572, 156, 156, 900.8536376953125, 900.8536376953125
19516737, 114, 114, 924.4512329101562, 924.4512329101562
19551487, 178, 178, 888.5365600585938, 888.5365600585938
19553666, 159, 159, 899.0244140625, 899.0244140625
19607639, 204, 204, 874.3292846679688, 874.3292846679688
19609805, 152, 152, 903.4146118164062, 903.4146118164062
19646661, 215, 215, 868.5975341796875, 868.5975341796875
19648835, 206, 206, 873.8414916992188, 873.8414916992188
19683564, 226, 226, 862.743896484375, 862.743896484375
19685732, 248, 248, 850.7926635742188, 850.7926635742188
19720486, 134, 134, 914.0244140625, 914.0244140625
19722662, 101, 101, 932.256103515625, 932.256103515625
19759564, 127, 127, 917.8048706054688, 917.8048706054688
19761737, 192, 192, 881.8902587890625, 881.8902587890625
19796497, 162, 162, 898.1707153320312, 898.1707153320312
19798660, 142, 142, 909.1463623046875, 909.1463623046875
19833387, 134, 134, 913.4755859375, 913.4755859375
19835553, 130, 130, 915.3658447265625, 915.3658447265625
19870313, 141, 141, 909.0853881835938, 909.0853881835938
19872478, 171, 171, 892.4390258789062, 892.4390258789062
19909407, 197, 197, 877.98779296875, 877.98779296875
19911585, 122, 122, 919.756103515625, 919.756103515625
19946273, 136, 136, 912.256103515625, 912.256103515625
19948436, 139, 139, 910.3048706054688, 910.3048706054688
19983169, 134, 134, 913.2926635742188, 913.2926635742188
19985337, 127, 127, 917.01220703125, 917.01220703125
20020087, 117, 117, 922.6829223632812, 922.6829223632812
20022251, 82, 82, 941.6463623046875, 941.6463623046875
20059124, 164, 164, 896.0975341796875, 896.0975341796875
20061300, 148, 148, 905.1219482421875, 905.1219482421875
20096000, 138, 138, 910.48779296875, 910.48779296875
20098165, 131, 131, 914.4512329101562, 914.4512329101562
20152146, 167, 167, 894.0853881835938, 894.0853881835938
20154320, 146, 146, 905.9755859375, 905.9755859375
20189082, 210, 210, 870.7926635742188, 870.7926635742188
20191257, 163, 163, 896.5853881835938, 896.5853881835938
20228128, 167, 167, 894.6341552734375, 894.6341552734375
20230308, 204, 204, 873.719482421875, 873.719482421875
20265033, 143, 143, 908.0487670898438, 908.0487670898438
20267200, 171, 171, 892.6829223632812, 892.6829223632812
20321165, 170, 170, 892.98779296875, 892.98779296875
20323327, 142, 142, 908.4146118164062, 908.4146118164062
20358091, 144, 144, 907.5, 907.5
20360267, 202, 202, 875.0, 875.0
20414225, 153, 153, 902.256103515625, 902.256103515625
20416399, 147, 147, 905.3658447265625, 905.3658447265625
20451141, 67, 67, 949.6341552734375, 949.6341552734375
20453318, 144, 144, 906.7073364257812, 906.7073364257812
20490206, 111, 111, 924.756103515625, 924.756103515625
20492372, 86, 86, 938.5975341796875, 938.5975341796875
20527132, 145, 145, 905.8536376953125, 905.8536376953125
20529308, 154, 154, 900.6707153320312, 900.6707153320312
20583297, 198, 198, 876.9512329101562, 876.9512329101562
20585464, 236, 236, 855.4268188476562, 855.4268188476562
20620244, 187, 187, 883.2926635742188, 883.2926635742188
20622421, 176, 176, 889.3902587890625, 889.3902587890625
20657188, 151, 151, 903.4146118164062, 903.4146118164062
20659357, 157, 157, 899.9390258789062, 899.9390258789062
20696627, 134, 134, 912.743896484375, 912.743896484375
20698795, 119, 119, 921.5244140625, 921.5244140625
20733577, 86, 86, 939.6341552734375, 939.6341552734375
20735743, 141, 141, 908.9634399414062, 908.9634399414062
20770483, 168, 168, 893.2926635742188, 893.2926635742188
20772660, 137, 137, 910.9755859375, 910.9755859375
20807397, 172, 172, 891.0365600585938, 891.0365600585938
20809562, 148, 148, 904.0853881835938, 904.0853881835938
20863528, 149, 149, 903.2926635742188, 903.2926635742188
20865694, 147, 147, 904.4512329101562, 904.4512329101562
20902583, 143, 143, 907.01220703125, 907.01220703125
20904758, 192, 192, 879.6951293945312, 879.6951293945312
20939504, 140, 140, 908.5365600585938, 908.5365600585938
20941670, 140, 140, 908.4146118164062, 908.4146118164062
20976407, 203, 203, 873.8414916992188, 873.8414916992188
20978575, 179, 179, 887.256103515625, 887.256103515625
21013321, 213, 213, 868.231689453125, 868.231689453125
21015493, 138, 138, 909.6951293945312, 909.6951293945312
21052385, 181, 181, 886.3414916992188, 886.3414916992188
21054562, 130, 130, 914.5731811523438, 914.5731811523438
21089335, 174, 174, 890.1829223632812, 890.1829223632812
21091499, 187, 187, 882.9268188476562, 882.9268188476562
21126272, 179, 179, 887.256103515625, 887.256103515625
21128445, 151, 151, 903.1097412109375, 903.1097412109375
21165320, 180, 180, 887.1951293945312, 887.1951293945312
21167488, 204, 204, 873.9634399414062, 873.9634399414062
21202236, 144, 144, 907.256103515625, 907.256103515625
21204410, 140, 140, 909.5731811523438, 909.5731811523438
21239172, 161, 161, 897.6219482421875, 897.6219482421875
21241349, 177, 177, 888.6585083007812, 888.6585083007812
21276127, 192, 192, 880.6097412109375, 880.6097412109375
21278302, 169, 169, 893.231689453125, 893.231689453125
21332288, 133, 133, 913.4146118164062, 913.4146118164062
21334461, 183, 183, 885.48779296875, 885.48779296875
21388414, 140, 140, 909.268310546875, 909.268310546875
21390581, 134, 134, 912.5609741210938, 912.5609741210938
21427470, 164, 164, 896.4024658203125, 896.4024658203125
21429636, 194, 194, 879.6951293945312, 879.6951293945312
21481433, 180, 180, 887.6219482421875, 887.6219482421875
21483614, 178, 178, 888.9634399414062, 888.9634399414062
21520514, 114, 114, 924.2073364257812, 924.2073364257812
21522692, 169, 169, 893.9024658203125, 893.9024658203125
21557427, 97, 97, 933.4755859375, 933.4755859375
21559603, 115, 115, 923.5365600585938, 923.5365600585938
21594361, 50, 50, 959.4512329101562, 959.4512329101562
21596529, 71, 71, 947.8658447265625, 947.8658447265625
21633377, 174, 174, 890.1829223632812, 890.1829223632812
21635541, 208, 208, 871.4634399414062, 871.4634399414062
21670270, 175, 175, 889.9390258789062, 889.9390258789062
21672445, 201, 201, 875.48779296875, 875.48779296875
21707196, 168, 168, 893.719482421875, 893.719482421875
21709374, 178, 178, 888.3536376953125, 888.3536376953125
21746256, 167, 167, 894.6951293945312, 894.6951293945312
21748423, 165, 165, 896.0365600585938, 896.0365600585938
21783168, 187, 187, 883.8414916992188, 883.8414916992188
21785337, 110, 110, 926.3414916992188, 926.3414916992188
21820102, 206, 206, 872.8048706054688, 872.8048706054688
21822278, 194, 194, 880.0, 880.0
21857007, 136, 136, 911.9512329101562, 911.9512329101562
21859173, 150, 150, 904.1463623046875, 904.1463623046875
21913162, 169, 169, 893.4755859375, 893.4755859375
21915333, 198, 198, 877.6219482421875, 877.6219482421875
21952210, 211, 211, 870.731689453125, 870.731689453125
21954378, 132, 132, 914.5731811523438, 914.5731811523438
21989131, 170, 170, 893.5365600585938, 893.5365600585938
21991305, 153, 153, 902.8048706054688, 902.8048706054688
22026053, 160, 160, 898.9024658203125, 898.9024658203125
22028221, 180, 180, 888.1097412109375, 888.1097412109375
22065093, 197, 197, 878.3536376953125, 878.3536376953125
22067260, 206, 206, 873.5975341796875, 873.5975341796875
22102016, 161, 161, 898.5975341796875, 898.5975341796875
22104190, 187, 187, 883.9024658203125, 883.9024658203125
22138979, 158, 158, 900.0609741210938, 900.0609741210938
22141145, 164, 164, 896.6463623046875, 896.6463623046875
22175910, 168, 168, 894.0244140625, 894.0244140625
22178084, 169, 169, 893.9634399414062, 893.9634399414062
22214960, 212, 212, 870.0609741210938, 870.0609741210938
22217131, 203, 203, 875.1829223632812, 875.1829223632812
22251868, 209, 209, 872.743896484375, 872.743896484375
22254043, 183, 183, 886.8292846679688, 886.8292846679688
22288771, 163, 163, 898.2926635742188, 898.2926635742188
22290946, 123, 123, 920.48779296875, 920.48779296875
22325695, 91, 91, 937.98779296875, 937.98779296875
22327860, 119, 119, 922.3170776367188, 922.3170776367188
22364738, 116, 116, 924.0853881835938, 924.0853881835938
22366900, 136, 136, 912.5609741210938, 912.5609741210938
22401658, 105, 105, 929.756103515625, 929.756103515625
22403836, 117, 117, 922.9268188476562, 922.9268188476562
22438602, 156, 156, 901.3414916992188, 901.3414916992188
22440768, 111, 111, 926.219482421875, 926.219482421875
22494747, 241, 241, 854.0853881835938, 854.0853881835938
22496914, 195, 195, 880.1219482421875, 880.1219482421875
22531659, 205, 205, 874.51220703125, 874.51220703125
22533825, 178, 178, 889.3292846679688, 889.3292846679688
22570734, 99, 99, 933.231689453125, 933.231689453125
22572910, 152, 152, 904.268310546875, 904.268310546875
22626868, 125, 125, 918.6585083007812, 918.6585083007812
22629037, 108, 108, 928.1097412109375, 928.1097412109375
22664025, 129, 129, 916.5853881835938, 916.5853881835938
22666190, 161, 161, 898.5365600585938, 898.5365600585938
22720159, 183, 183, 886.280517578125, 886.280517578125
22722324, 191, 191, 881.7073364257812, 881.7073364257812
22757088, 119, 119, 922.0731811523438, 922.0731811523438
22759253, 150, 150, 904.9390258789062, 904.9390258789062
22796117, 139, 139, 911.0365600585938, 911.0365600585938
22798284, 139, 139, 911.0975341796875, 911.0975341796875
22850094, 187, 187, 884.3292846679688, 884.3292846679688
22852270, 167, 167, 895.1829223632812, 895.1829223632812
22889144, 188, 188, 883.6585083007812, 883.6585083007812
22891319, 154, 154, 902.8658447265625, 902.8658447265625
22926063, 75, 75, 946.5853881835938, 946.5853881835938
22928229, 161, 161, 898.6585083007812, 898.6585083007812
22962970, 123, 123, 919.6341552734375, 919.6341552734375
22965137, 144, 144, 908.1097412109375, 908.1097412109375
23002019, 147, 147, 906.0365600585938, 906.0365600585938
23004187, 140, 140, 910.3658447265625, 910.3658447265625
23058128, 152, 152, 903.1707153320312, 903.1707153320312
23060291, 161, 161, 898.5365600585938, 898.5365600585938
23095039, 198, 198, 878.1707153320312, 878.1707153320312
23097204, 118, 118, 922.6219482421875, 922.6219482421875
23131955, 125, 125, 918.780517578125, 918.780517578125
23134129, 149, 149, 905.3048706054688, 905.3048706054688
23171014, 178, 178, 889.3292846679688, 889.3292846679688
23173185, 145, 145, 907.98779296875, 907.98779296875
23207927, 137, 137, 912.3170776367188, 912.3170776367188
23210104, 127, 127, 917.6219482421875, 917.6219482421875
23244842, 206, 206, 873.780517578125, 873.780517578125
23247017, 188, 188, 883.9024658203125, 883.9024658203125
23281792, 189, 189, 883.780517578125, 883.780517578125
23283967, 214, 214, 870.0, 870.0
23320846, 168, 168, 895.3048706054688, 895.3048706054688
23323022, 160, 160, 899.8780517578125, 899.8780517578125
23357786, 132, 132, 915.7926635742188, 915.7926635742188
23359955, 92, 92, 937.5609741210938, 937.5609741210938
23394685, 182, 182, 887.6829223632812, 887.6829223632812
23396848, 172, 172, 893.0487670898438, 893.0487670898438
23431614, 164, 164, 897.5609741210938, 897.5609741210938
23433789, 222, 222, 865.3048706054688, 865.3048706054688
23470691, 157, 157, 901.4634399414062, 901.4634399414062
23472858, 160, 160, 899.6951293945312, 899.6951293945312
23507602, 210, 210, 871.9512329101562, 871.9512329101562
23509767, 185, 185, 885.731689453125, 885.731689453125
23544495, 112, 112, 926.280517578125, 926.280517578125
23546672, 127, 127, 918.231689453125, 918.231689453125
23581400, 161, 161, 899.4512329101562, 899.4512329101562
23583566, 150, 150, 905.4268188476562, 905.4268188476562
23620454, 216, 216, 868.6585083007812, 868.6585083007812
23622630, 171, 171, 893.9634399414062, 893.9634399414062
23674487, 87, 87, 940.3048706054688, 940.3048706054688
23676661, 102, 102, 931.8902587890625, 931.8902587890625
23713532, 103, 103, 931.0365600585938, 931.0365600585938
23715707, 95, 95, 935.1219482421875, 935.1219482421875
23750440, 211, 211, 870.9146118164062, 870.9146118164062
23752604, 194, 194, 880.4268188476562, 880.4268188476562
23789475, 189, 189, 883.719482421875, 883.719482421875
23791641, 186, 186, 885.243896484375, 885.243896484375
23826375, 252, 252, 848.780517578125, 848.780517578125
23828538, 179, 179, 889.51220703125, 889.51220703125
23863253, 255, 255, 846.8292846679688, 846.8292846679688
23865419, 255, 255, 839.9390258789062, 839.9390258789062
23900144, 172, 172, 893.2926635742188, 893.2926635742188
23902314, 175, 175, 891.8292846679688, 891.8292846679688
23939197, 144, 144, 908.719482421875, 908.719482421875
23941366, 150, 150, 905.243896484375, 905.243896484375
23976120, 137, 137, 912.4390258789062, 912.4390258789062
23978282, 170, 170, 894.0244140625, 894.0244140625
24012994, 177, 177, 890.1829223632812, 890.1829223632812
24015170, 152, 152, 903.8414916992188, 903.8414916992188
24052014, 146, 146, 906.8292846679688, 906.8292846679688
24054182, 124, 124, 919.0244140625, 919.0244140625
24088950, 165, 165, 896.3414916992188, 896.3414916992188
24091116, 166, 166, 895.8536376953125, 895.8536376953125
24125873, 172, 172, 892.3780517578125, 892.3780517578125
24128038, 162, 162, 897.9268188476562, 897.9268188476562
24162788, 197, 197, 878.6585083007812, 878.6585083007812
24164961, 135, 135, 912.98779296875, 912.98779296875
24201861, 125, 125, 918.719482421875, 918.719482421875
24204027, 122, 122, 920.6097412109375, 920.6097412109375
24238745, 158, 158, 900.6707153320312, 900.6707153320312
24240912, 158, 158, 900.48779296875, 900.48779296875
24275659, 184, 184, 885.6707153320312, 885.6707153320312
24277833, 141, 141, 909.6951293945312, 909.6951293945312
24312543, 152, 152, 903.780517578125, 903.780517578125
24314719, 132, 132, 914.5731811523438, 914.5731811523438
24351590, 172, 172, 892.3170776367188, 892.3170776367188
24353758, 153, 153, 902.9268188476562, 902.9268188476562
24388510, 195, 195, 879.5731811523438, 879.5731811523438
24390678, 138, 138, 911.280517578125, 911.280517578125
24425388, 192, 192, 881.6463623046875, 881.6463623046875
24427554, 179, 179, 888.6585083007812, 888.6585083007812
24462297, 126, 126, 918.1707153320312, 918.1707153320312
24464466, 198, 198, 878.3536376953125, 878.3536376953125
24501364, 146, 146, 907.4390258789062, 907.4390258789062
24503535, 175, 175, 891.4024658203125, 891.4024658203125
24538266, 188, 188, 883.780517578125, 883.780517578125
24540430, 176, 176, 890.4268188476562, 890.4268188476562
24577318, 182, 182, 886.9512329101562, 886.9512329101562
24579484, 150, 150, 904.9390258789062, 904.9390258789062
24614238, 110, 110, 927.1341552734375, 927.1341552734375
24616407, 146, 146, 906.768310546875, 906.768310546875
24651451, 157, 157, 900.8536376953125, 900.8536376953125
24653625, 151, 151, 904.1463623046875, 904.1463623046875
24688363, 168, 168, 895.1829223632812, 895.1829223632812
24690525, 113, 113, 925.6707153320312, 925.6707153320312
24725295, 214, 214, 869.6951293945312, 869.6951293945312
24727470, 156, 156, 902.01220703125, 902.01220703125
24762205, 174, 174, 891.6463623046875, 891.6463623046875
24764382, 163, 163, 898.0487670898438, 898.0487670898438
24801278, 141, 141, 910.0609741210938, 910.0609741210938
24803448, 165, 165, 896.8902587890625, 896.8902587890625
24857406, 242, 242, 853.719482421875, 853.719482421875
24859573, 192, 192, 881.768310546875, 881.768310546875
24894332, 154, 154, 902.743896484375, 902.743896484375
24896500, 111, 111, 926.3414916992188, 926.3414916992188
24931250, 183, 183, 886.6463623046875, 886.6463623046875
24933431, 167, 167, 895.7926635742188, 895.7926635742188
24970320, 161, 161, 898.9634399414062, 898.9634399414062
24972500, 146, 146, 907.1341552734375, 907.1341552734375
25007238, 126, 126, 918.5975341796875, 918.5975341796875
25009404, 153, 153, 903.3536376953125, 903.3536376953125
25044150, 219, 219, 866.7073364257812, 866.7073364257812
25046315, 229, 229, 861.0975341796875, 861.0975341796875
25081081, 126, 126, 918.231689453125, 918.231689453125
25083258, 138, 138, 911.4024658203125, 911.4024658203125
25120116, 144, 144, 908.1097412109375, 908.1097412109375
25122296, 158, 158, 900.243896484375, 900.243896484375
25157031, 239, 239, 855.3048706054688, 855.3048706054688
25159198, 175, 175, 891.219482421875, 891.219482421875
25193957, 253, 253, 847.9268188476562, 847.9268188476562
25196129, 202, 202, 876.4634399414062, 876.4634399414062
25230875, 238, 238, 857.01220703125, 857.01220703125
25233044, 185, 185, 886.280517578125, 886.280517578125
25269910, 211, 211, 872.256103515625, 872.256103515625
25272075, 157, 157, 902.0731811523438, 902.0731811523438
25306835, 129, 129, 917.9268188476562, 917.9268188476562
25308998, 160, 160, 900.731689453125, 900.731689453125
25343752, 110, 110, 928.231689453125, 928.231689453125
25345920, 153, 153, 904.3292846679688, 904.3292846679688
25382829, 148, 148, 907.3170776367188, 907.3170776367188
25384993, 124, 124, 920.9146118164062, 920.9146118164062
25419745, 209, 209, 873.780517578125, 873.780517578125
25421923, 112, 112, 927.5609741210938, 927.5609741210938
25456684, 175, 175, 892.6829223632812, 892.6829223632812
25458851, 174, 174, 893.1097412109375, 893.1097412109375
25493588, 75, 75, 948.1707153320312, 948.1707153320312
25495753, 131, 131, 916.8902587890625, 916.8902587890625
25532652, 208, 208, 873.9634399414062, 873.9634399414062
25534829, 150, 150, 906.0365600585938, 906.0365600585938
25588808, 190, 190, 884.2073364257812, 884.2073364257812
25590971, 133, 133, 915.6707153320312, 915.6707153320312
25625718, 123, 123, 921.219482421875, 921.219482421875
25627895, 168, 168, 896.219482421875, 896.219482421875
25662672, 255, 255, 839.268310546875, 839.268310546875
25664847, 113, 113, 926.5853881835938, 926.5853881835938
25699643, 88, 88, 940.0, 940.0
25701818, 111, 111, 927.5, 927.5
25738684, 183, 183, 887.01220703125, 887.01220703125
25740859, 154, 154, 903.4755859375, 903.4755859375
25775640, 140, 140, 911.0365600585938, 911.0365600585938
25777815, 145, 145, 908.0487670898438, 908.0487670898438
25831800, 197, 197, 879.3292846679688, 879.3292846679688
25833965, 245, 245, 852.8048706054688, 852.8048706054688
25868733, 157, 157, 901.3414916992188, 901.3414916992188
25870902, 164, 164, 897.6219482421875, 897.6219482421875
25905633, 174, 174, 892.0731811523438, 892.0731811523438
25907800, 166, 166, 896.219482421875, 896.219482421875
25944707, 185, 185, 885.9755859375, 885.9755859375
25946881, 158, 158, 901.0365600585938, 901.0365600585938
25981657, 154, 154, 903.231689453125, 903.231689453125
25983834, 174, 174, 892.4390258789062, 892.4390258789062
26037790, 79, 79, 944.756103515625, 944.756103515625
26039965, 102, 102, 931.8902587890625, 931.8902587890625
26074703, 116, 116, 924.1463623046875, 924.1463623046875
26076871, 209, 209, 872.6829223632812, 872.6829223632812
26130829, 116, 116, 924.51220703125, 924.51220703125
26132995, 129, 129, 917.3170776367188, 917.3170776367188
26169878, 181, 181, 888.4146118164062, 888.4146118164062
26172044, 186, 186, 885.731689453125, 885.731689453125
26206776, 211, 211, 871.9512329101562, 871.9512329101562
26208952, 85, 85, 941.7073364257812, 941.7073364257812
26243708, 139, 139, 911.768310546875, 911.768310546875
26245885, 145, 145, 908.1707153320312, 908.1707153320312
26280631, 127, 127, 918.1707153320312, 918.1707153320312
26282796, 151, 151, 905.1219482421875, 905.1219482421875
26319673, 107, 107, 929.3292846679688, 929.3292846679688
26321839, 124, 124, 919.8780517578125, 919.8780517578125
26356586, 194, 194, 880.6707153320312, 880.6707153320312
26358754, 198, 198, 878.4146118164062, 878.4146118164062
26393480, 192, 192, 881.8292846679688, 881.8292846679688
26395646, 135, 135, 913.5365600585938, 913.5365600585938
26430416, 101, 101, 932.1951293945312, 932.1951293945312
26432583, 147, 147, 907.0731811523438, 907.0731811523438
26469464, 135, 135, 913.780517578125, 913.780517578125
26471631, 130, 130, 916.6463623046875, 916.6463623046875
26506395, 181, 181, 888.1707153320312, 888.1707153320312
26508561, 215, 215, 868.8414916992188, 868.8414916992188
26543298, 77, 77, 945.3658447265625, 945.3658447265625
26545466, 111, 111, 926.6463623046875, 926.6463623046875
26582387, 164, 164, 897.256103515625, 897.256103515625
26584552, 111, 111, 926.5853881835938, 926.5853881835938
26619665, 49, 49, 961.3414916992188, 961.3414916992188
26621839, 175, 175, 891.4634399414062, 891.4634399414062
26656563, 225, 225, 863.5975341796875, 863.5975341796875
26658733, 139, 139, 911.4024658203125, 911.4024658203125
26693488, 103, 103, 931.280517578125, 931.280517578125
26695653, 17, 17, 978.9634399414062, 978.9634399414062
26730410, 123, 123, 920.0, 920.0
26732585, 89, 89, 938.5365600585938, 938.5365600585938
26769477, 125, 125, 918.1707153320312, 918.1707153320312
26771653, 174, 174, 891.0975341796875, 891.0975341796875
26806418, 122, 122, 919.9390258789062, 919.9390258789062
26808580, 138, 138, 910.8536376953125, 910.8536376953125
26843303, 142, 142, 908.8414916992188, 908.8414916992188
26845471, 206, 206, 872.98779296875, 872.98779296875
26882357, 132, 132, 914.51220703125, 914.51220703125
26884534, 207, 207, 872.6829223632812, 872.6829223632812
26919270, 176, 176, 889.9390258789062, 889.9390258789062
26921437, 211, 211, 870.8536376953125, 870.8536376953125
26956159, 214, 214, 868.9634399414062, 868.9634399414062
26958328, 181, 181, 887.6219482421875, 887.6219482421875
26993097, 167, 167, 895.243896484375, 895.243896484375
26995263, 162, 162, 897.9268188476562, 897.9268188476562
27032118, 160, 160, 899.0853881835938, 899.0853881835938
27034283, 124, 124, 919.3902587890625, 919.3902587890625
27069068, 152, 152, 903.5365600585938, 903.5365600585938
27071241, 184, 184, 886.0365600585938, 886.0365600585938
27105991, 224, 224, 863.719482421875, 863.719482421875
27108166, 148, 148, 906.3414916992188, 906.3414916992188
27142921, 115, 115, 924.6951293945312, 924.6951293945312
27145087, 168, 168, 895.0, 895.0
27181978, 120, 120, 921.4634399414062, 921.4634399414062
27184143, 123, 123, 920.0, 920.0
27238082, 121, 121, 920.5487670898438, 920.5487670898438
27240261, 146, 146, 906.4024658203125, 906.4024658203125
27275024, 178, 178, 888.9024658203125, 888.9024658203125
27277202, 210, 210, 871.219482421875, 871.219482421875
27311954, 218, 218, 866.8292846679688, 866.8292846679688
27314128, 177, 177, 889.4512329101562, 889.4512329101562
27348880, 223, 223, 864.0853881835938, 864.0853881835938
27351058, 226, 226, 862.98779296875, 862.98779296875
27387891, 201, 201, 876.768310546875, 876.768310546875
27390058, 201, 201, 876.768310546875, 876.768310546875
27424813, 139, 139, 911.5853881835938, 911.5853881835938
27426975, 255, 255, 847.1951293945312, 847.1951293945312
27461769, 116, 116, 924.0853881835938, 924.0853881835938
27463945, 215, 215, 869.2073364257812, 869.2073364257812
27500769, 120, 120, 921.6463623046875, 921.6463623046875
27502935, 113, 113, 925.7926635742188, 925.7926635742188
27537673, 183, 183, 886.8902587890625, 886.8902587890625
27539842, 213, 213, 869.9390258789062, 869.9390258789062
27574605, 133, 133, 914.5731811523438, 914.5731811523438
27576783, 246, 246, 851.768310546875, 851.768310546875
27630736, 255, 255, 840.1829223632812, 840.1829223632812
27632899, 255, 255, 830.7926635742188, 830.7926635742188
27667650, 188, 188, 884.8170776367188, 884.8170776367188
27669814, 210, 210, 872.6219482421875, 872.6219482421875
27706696, 181, 181, 888.5975341796875, 888.5975341796875
27708858, 151, 151, 905.243896484375, 905.243896484375
27743600, 109, 109, 928.4755859375, 928.4755859375
27745764, 155, 155, 902.743896484375, 902.743896484375
27780530, 101, 101, 933.0487670898438, 933.0487670898438
27782693, 255, 255, 828.1707153320312, 828.1707153320312
27817454, 255, 255, 795.0609741210938, 795.0609741210938
27819629, 211, 211, 873.1097412109375, 873.1097412109375
27856505, 119, 119, 924.5731811523438, 924.5731811523438
27858681, 198, 198, 880.731689453125, 880.731689453125
27893442, 108, 108, 930.6097412109375, 930.6097412109375
27895608, 140, 140, 912.6829223632812, 912.6829223632812
27930364, 128, 128, 919.51220703125, 919.51220703125
27932539, 70, 70, 951.5244140625, 951.5244140625
27986519, 147, 147, 907.9268188476562, 907.9268188476562
27988687, 128, 128, 918.719482421875, 918.719482421875
28025580, 169, 169, 896.0365600585938, 896.0365600585938
28027754, 145, 145, 909.0244140625, 909.0244140625
28062494, 206, 206, 875.0609741210938, 875.0609741210938
28064662, 219, 219, 868.2926635742188, 868.2926635742188
28099397, 209, 209, 873.6585083007812, 873.6585083007812
28101574, 217, 217, 869.268310546875, 869.268310546875
28136321, 190, 190, 884.5731811523438, 884.5731811523438
28138497, 170, 170, 895.7926635742188, 895.7926635742188
28175371, 161, 161, 900.5487670898438, 900.5487670898438
28177547, 142, 142, 911.4024658203125, 911.4024658203125
28212291, 147, 147, 908.4755859375, 908.4755859375
28214454, 140, 140, 911.9512329101562, 911.9512329101562
28249200, 168, 168, 896.4634399414062, 896.4634399414062
28251374, 162, 162, 900.1219482421875, 900.1219482421875
28305338, 168, 168, 896.768310546875, 896.768310546875
28307512, 116, 116, 925.48779296875, 925.48779296875
28361491, 159, 159, 901.6463623046875, 901.6463623046875
28363657, 134, 134, 915.6097412109375, 915.6097412109375
28417621, 150, 150, 906.4024658203125, 906.4024658203125
28419797, 98, 98, 935.0609741210938, 935.0609741210938
28456675, 98, 98, 934.8170776367188, 934.8170776367188
28458852, 117, 117, 924.0244140625, 924.0244140625
28493608, 115, 115, 925.1829223632812, 925.1829223632812
28495773, 172, 172, 893.6585083007812, 893.6585083007812
28530515, 191, 191, 883.1097412109375, 883.1097412109375
28532689, 168, 168, 895.731689453125, 895.731689453125
28567446, 178, 178, 890.0609741210938, 890.0609741210938
28606707, 111, 111, 927.1341552734375, 927.1341552734375
28608885, 170, 170, 894.5731811523438, 894.5731811523438
28643636, 148, 148, 906.5853881835938, 906.5853881835938
28645801, 137, 137, 912.743896484375, 912.743896484375
28680550, 187, 187, 884.756103515625, 884.756103515625
28682717, 127, 127, 918.231689453125, 918.231689453125
28717468, 173, 173, 892.6219482421875, 892.6219482421875
28719644, 130, 130, 916.1585083007812, 916.1585083007812
28756541, 129, 129, 916.8902587890625, 916.8902587890625
28758714, 156, 156, 901.8902587890625, 901.8902587890625
28793442, 121, 121, 921.219482421875, 921.219482421875
28795606, 134, 134, 913.780517578125, 913.780517578125
28830385, 167, 167, 895.4268188476562, 895.4268188476562
28832550, 155, 155, 902.3780517578125, 902.3780517578125
28867288, 146, 146, 907.3170776367188, 907.3170776367188
28869463, 144, 144, 908.231689453125, 908.231689453125
28906348, 157, 157, 901.280517578125, 901.280517578125
28908521, 146, 146, 906.9512329101562, 906.9512329101562
28943281, 175, 175, 890.7926635742188, 890.7926635742188
28945456, 124, 124, 919.3902587890625, 919.3902587890625
28980200, 164, 164, 896.768310546875, 896.768310546875
28982363, 156, 156, 901.4634399414062, 901.4634399414062
29036374, 118, 118, 922.3780517578125, 922.3780517578125
29038542, 152, 152, 903.4755859375, 903.4755859375
29075425, 68, 68, 950.1219482421875, 950.1219482421875
29077602, 113, 113, 925.1829223632812, 925.1829223632812
29129421, 172, 172, 892.1341552734375, 892.1341552734375
29131588, 177, 177, 889.5731811523438, 889.5731811523438
29168460, 172, 172, 892.3780517578125, 892.3780517578125
29170623, 141, 141, 909.3902587890625, 909.3902587890625
29205384, 157, 157, 900.5487670898438, 900.5487670898438
29207550, 124, 124, 918.9634399414062, 918.9634399414062
29242304, 108, 108, 927.4390258789062, 927.4390258789062
29244478, 134, 134, 913.0487670898438, 913.0487670898438
29281354, 207, 207, 872.8048706054688, 872.8048706054688
29283530, 220, 220, 865.48779296875, 865.48779296875
29318257, 157, 157, 900.3048706054688, 900.3048706054688
29320426, 132, 132, 914.268310546875, 914.268310546875
29355176, 209, 209, 871.219482421875, 871.219482421875
29357342, 135, 135, 912.3170776367188, 912.3170776367188
29392095, 212, 212, 870.243896484375, 870.243896484375
29394260, 181, 181, 887.0731811523438, 887.0731811523438
29431146, 161, 161, 898.4755859375, 898.4755859375
29433320, 184, 184, 885.48779296875, 885.48779296875
29468089, 152, 152, 903.4146118164062, 903.4146118164062
29470256, 107, 107, 928.6585083007812, 928.6585083007812
29505011, 145, 145, 907.01220703125, 907.01220703125
29507174, 206, 206, 873.4146118164062, 873.4146118164062
29599618, 167, 167, 895.1829223632812, 895.1829223632812
29601793, 159, 159, 899.6341552734375, 899.6341552734375
29636527, 141, 141, 909.51220703125, 909.51220703125
29638693, 152, 152, 903.719482421875, 903.719482421875
29673447, 135, 135, 912.8048706054688, 912.8048706054688
29675621, 160, 160, 899.2073364257812, 899.2073364257812
29712497, 127, 127, 917.01220703125, 917.01220703125
29714666, 106, 106, 928.8414916992188, 928.8414916992188
29749439, 66, 66, 950.48779296875, 950.48779296875
29751604, 124, 124, 918.4146118164062, 918.4146118164062
29786383, 174, 174, 890.4268188476562, 890.4268188476562
29788561, 204, 204, 873.8414916992188, 873.8414916992188
29823303, 141, 141, 908.4755859375, 908.4755859375
29825477, 149, 149, 904.2073364257812, 904.2073364257812
29862344, 162, 162, 896.768310546875, 896.768310546875
29864508, 208, 208, 871.1585083007812, 871.1585083007812
29899266, 157, 157, 899.4512329101562, 899.4512329101562
29901440, 141, 141, 908.6585083007812, 908.6585083007812
29936208, 133, 133, 912.98779296875, 912.98779296875
29938375, 157, 157, 899.756103515625, 899.756103515625
29973086, 154, 154, 901.768310546875, 901.768310546875
29975252, 200, 200, 876.0975341796875, 876.0975341796875
30012135, 164, 164, 895.731689453125, 895.731689453125
30014302, 172, 172, 891.7073364257812, 891.7073364257812
30049098, 166, 166, 894.5731811523438, 894.5731811523438
30051274, 132, 132, 913.3536376953125, 913.3536376953125
30085998, 255, 255, 837.0731811523438, 837.0731811523438
30088173, 235, 235, 856.3414916992188, 856.3414916992188
30125091, 149, 149, 904.1463623046875, 904.1463623046875
30127266, 181, 181, 886.4634399414062, 886.4634399414062
30162028, 138, 138, 910.7926635742188, 910.7926635742188
30164196, 192, 192, 880.5487670898438, 880.5487670898438
30198957, 128, 128, 915.6707153320312, 915.6707153320312
30201121, 152, 152, 902.6829223632812, 902.6829223632812
30235886, 78, 78, 942.8048706054688, 942.8048706054688
30238052, 110, 110, 925.1219482421875, 925.1219482421875
30274940, 141, 141, 907.9268188476562, 907.9268188476562
30277108, 200, 200, 875.3048706054688, 875.3048706054688
30311858, 255, 255, 836.0365600585938, 836.0365600585938
30314022, 255, 255, 840.6097412109375, 840.6097412109375
30348785, 255, 255, 832.5609741210938, 832.5609741210938
30350959, 198, 198, 877.256103515625, 877.256103515625
30385692, 94, 94, 935.6707153320312, 935.6707153320312
30387867, 128, 128, 916.768310546875, 916.768310546875
30424743, 198, 198, 877.743896484375, 877.743896484375
30426921, 220, 220, 865.6097412109375, 865.6097412109375
30461657, 154, 154, 902.3170776367188, 902.3170776367188
30463826, 169, 169, 893.9024658203125, 893.9024658203125
30498554, 163, 163, 897.1951293945312, 897.1951293945312
30500731, 133, 133, 914.0244140625, 914.0244140625
30535465, 120, 120, 920.7926635742188, 920.7926635742188
30537630, 142, 142, 908.8414916992188, 908.8414916992188
30574788, 135, 135, 912.1951293945312, 912.1951293945312
30576963, 141, 141, 909.3292846679688, 909.3292846679688
30611689, 199, 199, 877.0731811523438, 877.0731811523438
30613862, 183, 183, 885.6097412109375, 885.6097412109375
30648633, 241, 241, 854.2073364257812, 854.2073364257812
30650808, 199, 199, 877.5, 877.5
30704777, 119, 119, 922.1341552734375, 922.1341552734375
30706953, 149, 149, 905.9146118164062, 905.9146118164062
30760944, 182, 182, 887.4390258789062, 887.4390258789062
30763113, 157, 157, 901.4024658203125, 901.4024658203125
30799963, 122, 122, 920.5487670898438, 920.5487670898438
30802138, 157, 157, 901.5853881835938, 901.5853881835938
30836917, 210, 210, 872.0731811523438, 872.0731811523438
30839090, 198, 198, 878.4755859375, 878.4755859375
30873827, 240, 240, 855.1829223632812, 855.1829223632812
30876002, 170, 170, 894.3292846679688, 894.3292846679688
30910716, 84, 84, 942.01220703125, 942.01220703125
30912883, 118, 118, 922.9268188476562, 922.9268188476562
30949763, 157, 157, 900.9146118164062, 900.9146118164062
30951930, 41, 41, 965.4268188476562, 965.4268188476562
30986691, 168, 168, 894.6341552734375, 894.6341552734375
30988856, 180, 180, 887.98779296875, 887.98779296875
31023600, 185, 185, 885.9146118164062, 885.9146118164062
31025767, 73, 73, 947.98779296875, 947.98779296875
31060516, 145, 145, 908.1707153320312, 908.1707153320312
31062683, 194, 194, 880.6097412109375, 880.6097412109375
31099538, 215, 215, 869.3292846679688, 869.3292846679688
31101701, 207, 207, 873.5975341796875, 873.5975341796875
31136459, 96, 96, 935.243896484375, 935.243896484375
31138625, 150, 150, 905.1219482421875, 905.1219482421875
31173405, 142, 142, 909.6341552734375, 909.6341552734375
31175579, 156, 156, 901.8902587890625, 901.8902587890625
31210322, 179, 179, 888.719482421875, 888.719482421875
31212498, 176, 176, 890.731689453125, 890.731689453125
31249373, 99, 99, 933.5365600585938, 933.5365600585938
31251546, 147, 147, 906.5853881835938, 906.5853881835938
31286282, 163, 163, 897.8048706054688, 897.8048706054688
31288444, 135, 135, 913.4755859375, 913.4755859375
31323184, 105, 105, 930.0, 930.0
31325363, 171, 171, 893.1097412109375, 893.1097412109375
31362234, 151, 151, 904.5731811523438, 904.5731811523438
31364402, 154, 154, 902.98779296875, 902.98779296875
31399112, 182, 182, 887.0731811523438, 887.0731811523438
31401279, 151, 151, 904.6341552734375, 904.6341552734375
31436020, 67, 67, 951.219482421875, 951.219482421875
31438185, 140, 140, 910.243896484375, 910.243896484375
31472945, 207, 207, 873.1707153320312, 873.1707153320312
31475111, 230, 230, 860.4268188476562, 860.4268188476562
31511990, 224, 224, 864.1463623046875, 864.1463623046875
31514156, 192, 192, 881.4634399414062, 881.4634399414062
31548877, 190, 190, 883.1097412109375, 883.1097412109375
31551042, 222, 222, 865.4268188476562, 865.4268188476562
31585794, 170, 170, 894.6951293945312, 894.6951293945312
31587963, 146, 146, 907.743896484375, 907.743896484375
31622680, 232, 232, 859.8780517578125, 859.8780517578125
31624846, 116, 116, 924.3292846679688, 924.3292846679688
31661728, 117, 117, 923.780517578125, 923.780517578125
31663892, 133, 133, 914.5731811523438, 914.5731811523438
31698648, 100, 100, 932.743896484375, 932.743896484375
31700813, 156, 156, 901.8902587890625, 901.8902587890625
31735577, 134, 134, 914.4512329101562, 914.4512329101562
31737753, 133, 133, 914.5731811523438, 914.5731811523438
31774616, 175, 175, 891.8292846679688, 891.8292846679688
31776779, 166, 166, 896.7073364257812, 896.7073364257812
31811540, 123, 123, 920.3658447265625, 920.3658447265625
31813703, 110, 110, 927.4390258789062, 927.4390258789062
31848458, 112, 112, 926.0365600585938, 926.0365600585938
31850632, 113, 113, 925.4268188476562, 925.4268188476562
31885374, 150, 150, 904.9390258789062, 904.9390258789062
31887543, 154, 154, 902.5, 902.5
31941538, 145, 145, 908.1097412109375, 908.1097412109375
31943715, 189, 189, 883.6585083007812, 883.6585083007812
31980595, 142, 142, 910.243896484375, 910.243896484375
31982774, 77, 77, 945.9146118164062, 945.9146118164062
32036753, 132, 132, 915.243896484375, 915.243896484375
32038920, 208, 208, 873.2926635742188, 873.2926635742188
32073700, 111, 111, 927.1951293945312, 927.1951293945312
32075867, 134, 134, 914.2073364257812, 914.2073364257812
32110612, 123, 123, 920.1219482421875, 920.1219482421875
32112779, 127, 127, 917.9268188476562, 917.9268188476562
32147538, 233, 233, 858.5975341796875, 858.5975341796875
32149713, 157, 157, 900.8536376953125, 900.8536376953125
32186582, 153, 153, 903.5365600585938, 903.5365600585938
32188745, 165, 165, 896.5244140625, 896.5244140625
32223464, 160, 160, 899.6951293945312, 899.6951293945312
32225627, 164, 164, 897.4390258789062, 897.4390258789062
32279569, 127, 127, 917.8658447265625, 917.8658447265625
32281737, 134, 134, 914.0244140625, 914.0244140625
32316491, 92, 92, 937.3170776367188, 937.3170776367188
32318656, 94, 94, 936.3414916992188, 936.3414916992188
32355538, 244, 244, 853.1097412109375, 853.1097412109375
32357714, 255, 255, 818.4146118164062, 818.4146118164062
32392421, 254, 254, 847.9268188476562, 847.9268188476562
32394600, 230, 230, 861.6463623046875, 861.6463623046875
32429319, 196, 196, 880.5487670898438, 880.5487670898438
32431493, 151, 151, 905.8536376953125, 905.8536376953125
32466224, 144, 144, 909.5731811523438, 909.5731811523438
32468387, 183, 183, 887.6829223632812, 887.6829223632812
32505258, 118, 118, 923.9634399414062, 923.9634399414062
32507420, 101, 101, 933.3536376953125, 933.3536376953125
32542501, 119, 119, 922.743896484375, 922.743896484375
32544661, 127, 127, 918.3536376953125, 918.3536376953125
32579420, 172, 172, 893.1097412109375, 893.1097412109375
32581587, 205, 205, 875.1829223632812, 875.1829223632812
32616344, 249, 249, 850.8536376953125, 850.8536376953125
32618511, 253, 253, 848.780517578125, 848.780517578125
32655418, 154, 154, 903.9634399414062, 903.9634399414062
32657580, 217, 217, 868.9634399414062, 868.9634399414062
32692308, 149, 149, 906.8902587890625, 906.8902587890625
32694482, 153, 153, 904.756103515625, 904.756103515625
32729228, 190, 190, 884.2073364257812, 884.2073364257812
32731398, 191, 191, 883.9024658203125, 883.9024658203125
32766149, 167, 167, 896.7073364257812, 896.7073364257812
32768316, 136, 136, 913.8414916992188, 913.8414916992188
32805163, 203, 203, 877.1341552734375, 877.1341552734375
32807339, 221, 221, 866.768310546875, 866.768310546875
32842071, 246, 246, 853.4755859375, 853.4755859375
32844238, 209, 209, 873.8414916992188, 873.8414916992188
32879020, 136, 136, 914.6951293945312, 914.6951293945312
32881188, 186, 186, 887.1951293945312, 887.1951293945312
32918082, 185, 185, 887.743896484375, 887.743896484375
32920260, 163, 163, 899.8170776367188, 899.8170776367188
32955033, 200, 200, 879.268310546875, 879.268310546875
32957209, 89, 89, 940.9146118164062, 940.9146118164062
32991942, 138, 138, 913.719482421875, 913.719482421875
32994120, 153, 153, 905.3658447265625, 905.3658447265625
33028856, 227, 227, 864.2073364257812, 864.2073364257812
33031020, 152, 152, 905.6707153320312, 905.6707153320312
33067922, 198, 198, 880.1829223632812, 880.1829223632812
33070099, 207, 207, 875.4268188476562, 875.4268188476562
33121945, 200, 200, 879.268310546875, 879.268310546875
33124110, 209, 209, 874.2073364257812, 874.2073364257812
33161010, 123, 123, 921.4634399414062, 921.4634399414062
33163188, 154, 154, 904.4512329101562, 904.4512329101562
33197903, 47, 47, 1015.9755859375, 1015.9755859375
33200070, 30, 30, 972.4390258789062, 972.4390258789062
33234838, 33, 33, 969.9390258789062, 969.9390258789062
33237012, 123, 123, 920.3658447265625, 920.3658447265625
33273893, 153, 153, 903.5975341796875, 903.5975341796875
33276059, 210, 210, 871.6463623046875, 871.6463623046875
33310820, 255, 255, 836.4024658203125, 836.4024658203125
33312998, 255, 255, 823.9634399414062, 823.9634399414062
33386181, 207, 207, 876.3414916992188, 876.3414916992188
33388350, 169, 169, 897.6219482421875, 897.6219482421875
33423115, 140, 140, 913.8414916992188, 913.8414916992188
33425278, 118, 118, 925.731689453125, 925.731689453125
33460005, 65, 65, 955.0, 955.0
33462168, 72, 72, 951.280517578125, 951.280517578125
33499061, 182, 182, 889.6341552734375, 889.6341552734375
33501227, 125, 125, 921.3414916992188, 921.3414916992188
33555168, 224, 224, 866.219482421875, 866.219482421875
33557346, 221, 221, 868.231689453125, 868.231689453125
33592093, 170, 170, 896.5853881835938, 896.5853881835938
33594270, 206, 206, 876.768310546875, 876.768310546875
33629007, 170, 170, 897.0731811523438, 897.0731811523438
33631176, 154, 154, 905.9755859375, 905.9755859375
33668065, 138, 138, 914.5731811523438, 914.5731811523438
33670243, 110, 110, 930.0, 930.0
33704980, 177, 177, 892.8048706054688, 892.8048706054688
33707146, 151, 151, 907.1951293945312, 907.1951293945312
33741897, 192, 192, 883.9634399414062, 883.9634399414062
33744071, 149, 149, 907.9268188476562, 907.9268188476562
33778828, 166, 166, 898.9634399414062, 898.9634399414062
33781006, 219, 219, 869.51220703125, 869.51220703125
33817900, 194, 194, 883.4755859375, 883.4755859375
33820067, 183, 183, 889.3902587890625, 889.3902587890625
33854815, 213, 213, 873.1097412109375, 873.1097412109375
33856980, 201, 201, 879.5731811523438, 879.5731811523438
33891715, 147, 147, 909.8170776367188, 909.8170776367188
33893888, 140, 140, 913.5975341796875, 913.5975341796875
33928659, 162, 162, 901.3414916992188, 901.3414916992188
33930836, 153, 153, 906.280517578125, 906.280517578125
33967729, 150, 150, 907.3780517578125, 907.3780517578125
33969894, 139, 139, 913.780517578125, 913.780517578125
34004649, 175, 175, 893.4755859375, 893.4755859375
34006814, 162, 162, 901.219482421875, 901.219482421875
34041539, 131, 131, 918.4146118164062, 918.4146118164062
34043707, 156, 156, 904.1463623046875, 904.1463623046875
34078426, 206, 206, 876.768310546875, 876.768310546875
34080602, 202, 202, 879.0853881835938, 879.0853881835938
34117492, 137, 137, 915.1219482421875, 915.1219482421875
34119666, 171, 171, 896.4024658203125, 896.4024658203125
34154442, 158, 158, 903.3536376953125, 903.3536376953125
34156608, 152, 152, 906.8902587890625, 906.8902587890625
34210580, 141, 141, 912.8658447265625, 912.8658447265625
34212756, 163, 163, 900.1219482421875, 900.1219482421875
34247490, 148, 148, 908.3536376953125, 908.3536376953125
34249654, 138, 138, 914.0853881835938, 914.0853881835938
34303597, 181, 181, 890.0609741210938, 890.0609741210938
34305775, 162, 162, 901.0975341796875, 901.0975341796875
34342676, 174, 174, 893.9634399414062, 893.9634399414062
34344854, 169, 169, 896.8292846679688, 896.8292846679688
34379601, 154, 154, 905.4268188476562, 905.4268188476562
34381778, 184, 184, 888.3536376953125, 888.3536376953125
34416548, 111, 111, 929.0853881835938, 929.0853881835938
34418721, 143, 143, 911.3414916992188, 911.3414916992188
34453435, 170, 170, 896.4024658203125, 896.4024658203125
34455611, 145, 145, 909.9390258789062, 909.9390258789062
34509824, 148, 148, 908.2926635742188, 908.2926635742188
34511999, 170, 170, 896.3414916992188, 896.3414916992188
34548894, 111, 111, 928.8414916992188, 928.8414916992188
34551073, 102, 102, 933.5365600585938, 933.5365600585938
34585820, 160, 160, 901.4634399414062, 901.4634399414062
34587987, 132, 132, 917.01220703125, 917.01220703125
34622755, 148, 148, 907.8048706054688, 907.8048706054688
34624919, 147, 147, 908.231689453125, 908.231689453125
34659653, 131, 131, 916.7073364257812, 916.7073364257812
34661822, 134, 134, 915.5487670898438, 915.5487670898438
34698707, 162, 162, 899.3902587890625, 899.3902587890625
34700881, 103, 103, 932.5609741210938, 932.5609741210938
34735628, 141, 141, 911.5244140625, 911.5244140625
34737802, 144, 144, 909.6341552734375, 909.6341552734375
34772579, 171, 171, 894.6341552734375, 894.6341552734375
34774746, 195, 195, 881.4634399414062, 881.4634399414062
34809510, 158, 158, 901.8292846679688, 901.8292846679688
34811690, 145, 145, 909.2073364257812, 909.2073364257812
34848570, 136, 136, 914.0244140625, 914.0244140625
34850738, 169, 169, 895.6707153320312, 895.6707153320312
34885423, 166, 166, 897.1951293945312, 897.1951293945312
34887597, 158, 158, 901.768310546875, 901.768310546875
34922385, 181, 181, 888.719482421875, 888.719482421875
34924562, 170, 170, 894.6951293945312, 894.6951293945312
34961438, 130, 130, 917.01220703125, 917.01220703125
34963606, 159, 159, 900.9755859375, 900.9755859375
34998322, 108, 108, 929.2073364257812, 929.2073364257812
35000497, 123, 123, 921.219482421875, 921.219482421875
35035231, 172, 172, 893.719482421875, 893.719482421875
35037394, 142, 142, 910.1219482421875, 910.1219482421875
35072145, 148, 148, 906.5853881835938, 906.5853881835938
35074313, 125, 125, 919.5731811523438, 919.5731811523438
35111217, 184, 184, 886.768310546875, 886.768310546875
35113393, 180, 180, 889.0244140625, 889.0244140625
35148152, 234, 234, 859.1463623046875, 859.1463623046875
35150317, 192, 192, 882.6219482421875, 882.6219482421875
35185068, 177, 177, 890.9755859375, 890.9755859375
35187235, 181, 181, 888.9634399414062, 888.9634399414062
35222004, 125, 125, 920.0, 920.0
35224170, 125, 125, 920.0, 920.0
35261070, 133, 133, 915.3658447265625, 915.3658447265625
35263236, 136, 136, 913.4146118164062, 913.4146118164062
35297929, 147, 147, 907.3780517578125, 907.3780517578125
35300104, 161, 161, 899.8170776367188, 899.8170776367188
35334824, 144, 144, 908.9634399414062, 908.9634399414062
35336995, 133, 133, 915.48779296875, 915.48779296875
35373883, 215, 215, 869.756103515625, 869.756103515625
35376051, 186, 186, 885.8536376953125, 885.8536376953125
35410796, 208, 208, 873.780517578125, 873.780517578125
35412962, 219, 219, 867.9268188476562, 867.9268188476562
35447718, 172, 172, 894.3292846679688, 894.3292846679688
35449885, 139, 139, 912.3170776367188, 912.3170776367188
35503844, 133, 133, 915.9755859375, 915.9755859375
35506022, 198, 198, 879.3902587890625, 879.3902587890625
35559964, 116, 116, 924.9390258789062, 924.9390258789062
35562140, 152, 152, 905.0609741210938, 905.0609741210938
35596916, 101, 101, 932.743896484375, 932.743896484375
35599094, 102, 102, 932.1341552734375, 932.1341552734375
35635982, 125, 125, 918.5975341796875, 918.5975341796875
35638150, 57, 57, 956.6463623046875, 956.6463623046875
35672876, 255, 255, 837.1951293945312, 837.1951293945312
35675042, 194, 194, 880.4268188476562, 880.4268188476562
35729020, 171, 171, 893.780517578125, 893.780517578125
35731189, 201, 201, 877.3170776367188, 877.3170776367188
35765946, 151, 151, 905.0, 905.0
35768111, 50, 50, 961.5244140625, 961.5244140625
35822067, 152, 152, 904.268310546875, 904.268310546875
35824230, 162, 162, 898.4146118164062, 898.4146118164062
35861139, 255, 255, 817.0731811523438, 817.0731811523438
35863316, 225, 225, 863.9634399414062, 863.9634399414062
35898044, 226, 226, 864.0853881835938, 864.0853881835938
35900219, 207, 207, 874.5731811523438, 874.5731811523438
35934935, 184, 184, 887.9268188476562, 887.9268188476562
35937101, 90, 90, 940.3048706054688, 940.3048706054688
35971864, 112, 112, 928.1707153320312, 928.1707153320312
35974041, 61, 61, 956.3414916992188, 956.3414916992188
36010932, 234, 234, 860.1219482421875, 860.1219482421875
36013097, 237, 237, 858.4755859375, 858.4755859375
36047790, 152, 152, 905.4268188476562, 905.4268188476562
36049955, 177, 177, 891.1585083007812, 891.1585083007812
36086823, 133, 133, 915.7926635742188, 915.7926635742188
36089000, 160, 160, 900.6707153320312, 900.6707153320312
36123749, 232, 232, 861.1585083007812, 861.1585083007812
36125919, 227, 227, 863.719482421875, 863.719482421875
36160654, 243, 243, 855.3048706054688, 855.3048706054688
36162820, 134, 134, 915.7926635742188, 915.7926635742188
36197572, 132, 132, 917.1951293945312, 917.1951293945312
36199737, 180, 180, 890.1829223632812, 890.1829223632812
36234496, 255, 255, 819.8170776367188, 819.8170776367188
36236664, 236, 236, 859.51220703125, 859.51220703125
36273539, 123, 123, 922.5, 922.5
36275717, 161, 161, 901.4634399414062, 901.4634399414062
36310470, 114, 114, 926.9512329101562, 926.9512329101562
36312647, 144, 144, 910.3048706054688, 910.3048706054688
36347406, 192, 192, 883.780517578125, 883.780517578125
36349572, 132, 132, 916.9512329101562, 916.9512329101562
36384323, 214, 214, 871.5244140625, 871.5244140625
36386499, 174, 174, 893.780517578125, 893.780517578125
36423359, 229, 229, 863.6585083007812, 863.6585083007812
36425528, 173, 173, 894.3292846679688, 894.3292846679688
36460267, 131, 131, 917.98779296875, 917.98779296875
36462433, 123, 123, 922.6829223632812, 922.6829223632812
36497464, 161, 161, 901.0975341796875, 901.0975341796875
36499641, 217, 217, 870.0, 870.0
36534401, 126, 126, 920.6707153320312, 920.6707153320312
36536565, 141, 141, 912.01220703125, 912.01220703125
36573459, 161, 161, 901.280517578125, 901.280517578125
36575639, 104, 104, 932.5, 932.5
36610382, 118, 118, 925.1219482421875, 925.1219482421875
36612548, 91, 91, 940.0, 940.0
36666514, 144, 144, 910.243896484375, 910.243896484375
36668680, 125, 125, 920.731689453125, 920.731689453125
36703454, 180, 180, 889.6951293945312, 889.6951293945312
36705622, 116, 116, 925.1829223632812, 925.1829223632812
36740334, 151, 151, 905.731689453125, 905.731689453125
36742504, 182, 182, 888.8414916992188, 888.8414916992188
36779354, 167, 167, 897.3170776367188, 897.3170776367188
36781523, 138, 138, 913.1097412109375, 913.1097412109375
36816235, 153, 153, 905.1829223632812, 905.1829223632812
36818399, 139, 139, 912.6219482421875, 912.6219482421875
36853164, 154, 154, 904.2073364257812, 904.2073364257812
36855339, 179, 179, 890.6707153320312, 890.6707153320312
36892204, 249, 249, 851.768310546875, 851.768310546875
36894373, 217, 217, 869.3902587890625, 869.3902587890625
36929097, 166, 166, 897.8658447265625, 897.8658447265625
36931271, 163, 163, 899.5731811523438, 899.5731811523438
36965992, 100, 100, 934.0244140625, 934.0244140625
36968158, 128, 128, 918.4755859375, 918.4755859375
37002887, 130, 130, 917.4390258789062, 917.4390258789062
37005055, 124, 124, 920.8536376953125, 920.8536376953125
37041932, 147, 147, 907.8658447265625, 907.8658447265625
37044100, 154, 154, 903.719482421875, 903.719482421875
37078838, 170, 170, 894.9390258789062, 894.9390258789062
37081004, 154, 154, 904.0853881835938, 904.0853881835938
37115768, 193, 193, 882.6829223632812, 882.6829223632812
37117931, 184, 184, 887.4390258789062, 887.4390258789062
37171846, 196, 196, 880.8536376953125, 880.8536376953125
37174024, 186, 186, 886.5244140625, 886.5244140625
37210898, 179, 179, 890.243896484375, 890.243896484375
37213064, 121, 121, 922.3780517578125, 922.3780517578125
37247789, 159, 159, 901.5244140625, 901.5244140625
37249964, 168, 168, 896.4634399414062, 896.4634399414062
37284704, 169, 169, 895.731689453125, 895.731689453125
37286883, 226, 226, 864.51220703125, 864.51220703125
37321633, 89, 89, 940.5487670898438, 940.5487670898438
37323799, 91, 91, 939.8780517578125, 939.8780517578125
37360664, 100, 100, 934.3292846679688, 934.3292846679688
37362841, 85, 85, 942.9268188476562, 942.9268188476562
37397605, 106, 106, 930.8536376953125, 930.8536376953125
37399782, 57, 57, 958.1097412109375, 958.1097412109375
37434538, 50, 50, 961.280517578125, 961.280517578125