22458746, 0, 0, 0.0, 0.0
22461147, 255, 255, 0.8536585569381714, 0.8536585569381714
22465259, 255, 255, -2.195122003555298, -2.195122003555298
22467405, 255, 255, -2.378048896789551, -2.378048896789551
22485936, 255, 255, 69.20731353759766, 69.20731353759766
22488440, 255, 255, 68.41463470458984, 68.41463470458984
22490679, 255, 255, 88.23170471191406, 88.23170471191406
22502663, 255, 255, 137.6219482421875, 137.6219482421875
22504830, 255, 255, 133.96340942382812, 133.96340942382812
22512633, 255, 255, 141.46340942382812, 141.46340942382812
22514875, 255, 255, 155.06097412109375, 155.06097412109375
22530678, 255, 255, 197.5, 197.5
22533191, 255, 255, 210.7926788330078, 210.7926788330078
22535338, 255, 255, 212.01219177246094, 212.01219177246094
22546897, 255, 255, 239.51219177246094, 239.51219177246094
22549060, 255, 255, 243.2926788330078, 243.2926788330078
22562741, 255, 255, 281.5243835449219, 281.5243835449219
22564912, 255, 255, 263.7195129394531, 263.7195129394531
22572538, 255, 255, 301.3414611816406, 301.3414611816406
22574789, 255, 255, 296.4024353027344, 296.4024353027344
22584113, 255, 255, 336.0975646972656, 336.0975646972656
22586283, 255, 255, 326.5243835449219, 326.5243835449219
22600422, 255, 255, 349.51220703125, 349.51220703125
22602576, 255, 255, 384.51220703125, 384.51220703125
22622625, 255, 255, 383.7195129394531, 383.7195129394531
22624792, 255, 255, 391.7682800292969, 391.7682800292969
22636403, 255, 255, 450.30487060546875, 450.30487060546875
22638570, 255, 255, 432.80487060546875, 432.80487060546875
22650378, 255, 255, 429.6341552734375, 429.6341552734375
22652890, 255, 255, 429.1463317871094, 429.1463317871094
22655044, 255, 255, 450.8536682128906, 450.8536682128906
22668708, 255, 255, 481.3414611816406, 481.3414611816406
22670959, 255, 255, 499.8780517578125, 499.8780517578125
22682401, 255, 255, 515.48779296875, 515.48779296875
22684571, 255, 255, 494.81707763671875, 494.81707763671875
22692005, 255, 255, 552.0731811523438, 552.0731811523438
22694243, 255, 255, 563.9024658203125, 563.9024658203125
22712184, 255, 255, 549.5731811523438, 549.5731811523438
22714784, 255, 255, 573.1097412109375, 573.1097412109375
22717011, 255, 255, 594.9390258789062, 594.9390258789062
22726331, 255, 255, 593.1707153320312, 593.1707153320312
22728500, 255, 255, 587.5, 587.5
22742678, 255, 255, 617.98779296875, 617.98779296875
22744848, 255, 255, 597.8048706054688, 597.8048706054688
22756374, 255, 255, 656.9512329101562, 656.9512329101562
22758531, 255, 255, 656.4024658203125, 656.4024658203125
22770946, 255, 255, 621.8292846679688, 621.8292846679688
22773114, 255, 255, 659.8780517578125, 659.8780517578125
22785616, 255, 255, 692.1341552734375, 692.1341552734375
22787778, 255, 255, 686.280517578125, 686.280517578125
22801720, 255, 255, 743.3536376953125, 743.3536376953125
22804615, 255, 255, 683.1097412109375, 683.1097412109375
22806849, 255, 255, 707.1341552734375, 707.1341552734375
22822639, 255, 255, 710.48779296875, 710.48779296875
22825149, 255, 255, 752.1341552734375, 752.1341552734375
22827305, 255, 255, 742.6219482421875, 742.6219482421875
22838857, 255, 255, 778.3536376953125, 778.3536376953125
22841029, 255, 255, 782.6219482421875, 782.6219482421875
22854690, 255, 255, 812.1951293945312, 812.1951293945312
22856863, 255, 255, 845.7926635742188, 845.7926635742188
22864507, 255, 255, 827.9268188476562, 827.9268188476562
22866761, 255, 255, 815.9755859375, 815.9755859375
22876081, 255, 255, 824.756103515625, 824.756103515625
22878253, 255, 255, 830.6097412109375, 830.6097412109375
22898821, 255, 255, 816.0975341796875, 816.0975341796875
22900994, 255, 255, 809.5731811523438, 809.5731811523438
22927936, 71, 71, 885.6097412109375, 885.6097412109375
22930097, 255, 255, 826.8292846679688, 826.8292846679688
22940190, 17, 17, 896.4634399414062, 896.4634399414062
22943161, 38, 38, 892.3170776367188, 892.3170776367188
22945303, 102, 102, 879.51220703125, 879.51220703125
22952567, 201, 201, 859.756103515625, 859.756103515625
22954731, 161, 161, 867.6829223632812, 867.6829223632812
22973145, 255, 255, 820.4268188476562, 820.4268188476562
22975316, 239, 239, 852.1341552734375, 852.1341552734375
22987824, 130, 130, 873.9634399414062, 873.9634399414062
22989992, 255, 255, 803.2926635742188, 803.2926635742188
23003873, 255, 255, 827.3170776367188, 827.3170776367188
23006462, 255, 255, 791.1585083007812, 791.1585083007812
23008688, 255, 255, 783.4755859375, 783.4755859375
23026772, 255, 255, 825.0, 825.0
23028937, 255, 255, 828.4755859375, 828.4755859375
23040631, 188, 188, 862.256103515625, 862.256103515625
23042788, 255, 255, 795.7926635742188, 795.7926635742188
23062931, 255, 255, 751.9512329101562, 751.9512329101562
23065434, 255, 255, 838.0487670898438, 838.0487670898438
23067657, 163, 163, 867.3780517578125, 867.3780517578125
23079102, 255, 255, 781.0975341796875, 781.0975341796875
23081267, 255, 255, 821.1585083007812, 821.1585083007812
23089101, 255, 255, 828.9024658203125, 828.9024658203125
23091352, 255, 255, 786.5244140625, 786.5244140625
23100750, 255, 255, 838.1097412109375, 838.1097412109375
23103263, 255, 255, 830.3658447265625, 830.3658447265625
23105489, 255, 255, 834.5731811523438, 834.5731811523438
23115129, 255, 255, 837.256103515625, 837.256103515625
23117647, 255, 255, 778.2926635742188, 778.2926635742188
23121000, 255, 255, 799.4512329101562, 799.4512329101562
23123155, 114, 114, 877.01220703125, 877.01220703125
23145837, 255, 255, 839.6341552734375, 839.6341552734375
23148457, 255, 255, 784.8170776367188, 784.8170776367188
23150689, 255, 255, 831.0365600585938, 831.0365600585938
23160101, 255, 255, 844.3902587890625, 844.3902587890625
23162602, 244, 244, 851.0365600585938, 851.0365600585938
23164758, 135, 135, 872.9268188476562, 872.9268188476562
23178893, 163, 163, 867.3780517578125, 867.3780517578125
23181060, 115, 115, 876.9512329101562, 876.9512329101562
23211879, 157, 157, 868.4146118164062, 868.4146118164062
23214394, 117, 117, 876.5853881835938, 876.5853881835938
23216545, 232, 232, 853.5365600585938, 853.5365600585938
23236597, 255, 255, 828.231689453125, 828.231689453125
23238765, 255, 255, 827.3170776367188, 827.3170776367188
23250322, 92, 92, 881.4634399414062, 881.4634399414062
23252490, 255, 255, 847.3170776367188, 847.3170776367188
23266699, 255, 255, 847.1341552734375, 847.1341552734375
23269575, 246, 246, 850.6707153320312, 850.6707153320312
23272520, 255, 255, 811.5853881835938, 811.5853881835938
23274677, 255, 255, 805.3048706054688, 805.3048706054688
23281969, 255, 255, 798.780517578125, 798.780517578125
23284215, 255, 255, 777.4390258789062, 777.4390258789062
23289270, 255, 255, 840.0, 840.0
23291427, 255, 255, 796.7073364257812, 796.7073364257812
23298898, 155, 155, 868.8414916992188, 868.8414916992188
23301055, 255, 255, 835.48779296875, 835.48779296875
23316939, 255, 255, 845.3048706054688, 845.3048706054688
23319452, 133, 133, 873.3536376953125, 873.3536376953125
23321676, 184, 184, 863.1097412109375, 863.1097412109375
23340023, 165, 165, 866.8292846679688, 866.8292846679688
23342195, 52, 52, 889.5731811523438, 889.5731811523438
23349498, 255, 255, 840.9146118164062, 840.9146118164062
23351737, 255, 255, 847.8048706054688, 847.8048706054688
23363682, 114, 114, 922.8658447265625, 922.8658447265625
23365841, 236, 236, 852.743896484375, 852.743896484375
23373345, 198, 198, 860.243896484375, 860.243896484375
23375514, 196, 196, 860.6707153320312, 860.6707153320312
23400009, 255, 255, 796.768310546875, 796.768310546875
23402517, 40, 40, 908.1097412109375, 908.1097412109375
23404754, 197, 197, 860.48779296875, 860.48779296875
23409827, 128, 128, 874.2073364257812, 874.2073364257812
23412068, 141, 141, 871.6463623046875, 871.6463623046875
23417113, 255, 255, 798.4755859375, 798.4755859375
23419360, 255, 255, 810.7926635742188, 810.7926635742188
23424413, 255, 255, 826.4024658203125, 826.4024658203125
23426663, 255, 255, 803.2926635742188, 803.2926635742188
23431725, 255, 255, 803.1097412109375, 803.1097412109375
23433887, 255, 255, 813.9024658203125, 813.9024658203125
23452301, 255, 255, 808.6585083007812, 808.6585083007812
23454459, 255, 255, 799.1463623046875, 799.1463623046875
23468116, 255, 255, 788.3536376953125, 788.3536376953125
23470284, 47, 47, 909.51220703125, 909.51220703125
23482281, 255, 255, 829.756103515625, 829.756103515625
23484453, 255, 255, 797.01220703125, 797.01220703125
23496953, 255, 255, 817.0731811523438, 817.0731811523438
23499107, 255, 255, 825.8536376953125, 825.8536376953125
23521281, 255, 255, 779.4512329101562, 779.4512329101562
23523449, 255, 255, 796.8292846679688, 796.8292846679688
23534979, 255, 255, 817.3780517578125, 817.3780517578125
23537146, 236, 236, 852.743896484375, 852.743896484375
23549543, 255, 255, 746.768310546875, 746.768310546875
23551708, 255, 255, 783.3536376953125, 783.3536376953125
23571775, 255, 255, 648.0487670898438, 648.0487670898438
23573934, 255, 255, 834.756103515625, 834.756103515625
23609427, 255, 255, 834.0853881835938, 834.0853881835938
23611597, 255, 255, 817.6829223632812, 817.6829223632812
23631630, 255, 255, 790.7926635742188, 790.7926635742188
23633788, 255, 255, 784.6341552734375, 784.6341552734375
23653923, 255, 255, 782.4390258789062, 782.4390258789062
23656437, 226, 226, 854.756103515625, 854.756103515625
23658661, 255, 255, 822.3170776367188, 822.3170776367188
23670611, 255, 255, 817.6219482421875, 817.6219482421875
23672769, 255, 255, 838.2926635742188, 838.2926635742188
23684468, 255, 255, 840.3658447265625, 840.3658447265625
23686633, 236, 236, 852.6219482421875, 852.6219482421875
23707293, 94, 94, 881.0365600585938, 881.0365600585938
23709925, 136, 136, 872.743896484375, 872.743896484375
23712149, 255, 255, 848.4146118164062, 848.4146118164062
23721565, 129, 129, 874.0244140625, 874.0244140625
23724068, 55, 55, 888.9024658203125, 888.9024658203125
23726301, 78, 78, 915.6097412109375, 915.6097412109375
23731346, 2, 2, 899.5731811523438, 899.5731811523438
23733516, 50, 50, 910.0609741210938, 910.0609741210938
23747161, 229, 229, 854.1463623046875, 854.1463623046875
23749405, 169, 169, 866.0365600585938, 866.0365600585938
23758973, 58, 58, 888.231689453125, 888.231689453125
23761481, 108, 108, 921.768310546875, 921.768310546875
23764211, 69, 69, 886.0975341796875, 886.0975341796875
23766711, 112, 112, 922.5, 922.5
23768852, 130, 130, 873.8414916992188, 873.8414916992188
23776426, 166, 166, 866.768310546875, 866.768310546875
23779111, 240, 240, 948.1707153320312, 948.1707153320312
23781611, 156, 156, 931.3414916992188, 931.3414916992188
23783755, 255, 255, 833.780517578125, 833.780517578125
23791030, 189, 189, 937.8048706054688, 937.8048706054688
23793775, 255, 255, 802.5609741210938, 802.5609741210938
23796767, 255, 255, 810.7926635742188, 810.7926635742188
23798922, 255, 255, 846.9512329101562, 846.9512329101562
23806220, 255, 255, 750.731689453125, 750.731689453125
23808462, 255, 255, 750.243896484375, 750.243896484375
23813510, 255, 255, 1028.719482421875, 1028.719482421875
23815754, 255, 255, 690.8536376953125, 690.8536376953125
23827738, 255, 255, 639.0853881835938, 639.0853881835938
23829894, 255, 255, 719.1463623046875, 719.1463623046875
23837742, 255, 255, 697.256103515625, 697.256103515625
23839993, 255, 255, 689.3292846679688, 689.3292846679688
23849404, 255, 255, 695.1829223632812, 695.1829223632812
23851915, 255, 255, 569.0244140625, 569.0244140625
23854070, 255, 255, 469.6341552734375, 469.6341552734375
23870849, 255, 255, 688.9634399414062, 688.9634399414062
23873364, 255, 255, 537.1951293945312, 537.1951293945312
23875522, 255, 255, 541.8292846679688, 541.8292846679688
23883213, 255, 255, 649.2073364257812, 649.2073364257812
23885464, 255, 255, 635.5487670898438, 635.5487670898438
23894859, 255, 255, 517.6829223632812, 517.6829223632812
23897634, 255, 255, 587.3170776367188, 587.3170776367188
23899865, 255, 255, 601.4024658203125, 601.4024658203125
23911314, 255, 255, 614.8170776367188, 614.8170776367188
23914068, 255, 255, 573.0487670898438, 573.0487670898438
23916553, 255, 255, 569.3292846679688, 569.3292846679688
23918705, 255, 255, 610.6707153320312, 610.6707153320312
23926074, 255, 255, 641.8902587890625, 641.8902587890625
23928325, 255, 255, 686.768310546875, 686.768310546875
23938609, 255, 255, 675.4268188476562, 675.4268188476562
23940777, 255, 255, 679.51220703125, 679.51220703125
23954687, 255, 255, 622.98779296875, 622.98779296875
23957530, 255, 255, 682.01220703125, 682.01220703125
23959765, 255, 255, 664.6341552734375, 664.6341552734375
23969182, 255, 255, 713.9634399414062, 713.9634399414062
23971694, 255, 255, 669.6951293945312, 669.6951293945312
23973851, 255, 255, 617.6829223632812, 617.6829223632812
23998604, 255, 255, 664.9390258789062, 664.9390258789062
24000758, 255, 255, 739.2073364257812, 739.2073364257812
24014821, 255, 255, 744.5731811523438, 744.5731811523438
24016989, 255, 255, 751.4634399414062, 751.4634399414062
24024900, 255, 255, 722.4390258789062, 722.4390258789062
24027143, 255, 255, 703.8414916992188, 703.8414916992188
24036562, 255, 255, 746.7073364257812, 746.7073364257812
24039076, 255, 255, 768.8414916992188, 768.8414916992188
24041229, 255, 255, 781.219482421875, 781.219482421875
24074154, 235, 235, 852.8658447265625, 852.8658447265625
24077325, 243, 243, 851.3414916992188, 851.3414916992188
24079555, 255, 255, 800.1829223632812, 800.1829223632812
24088967, 222, 222, 855.4268188476562, 855.4268188476562
24091481, 255, 255, 836.1585083007812, 836.1585083007812
24093714, 255, 255, 845.1829223632812, 845.1829223632812
24103338, 255, 255, 848.231689453125, 848.231689453125
24105854, 255, 255, 839.3902587890625, 839.3902587890625
24108515, 246, 246, 850.6707153320312, 850.6707153320312
24111013, 142, 142, 871.4634399414062, 871.4634399414062
24113167, 33, 33, 906.6463623046875, 906.6463623046875
24120467, 227, 227, 854.51220703125, 854.51220703125
24123224, 225, 225, 854.8780517578125, 854.8780517578125
24125721, 57, 57, 911.4634399414062, 911.4634399414062
24127873, 13, 13, 902.6829223632812, 902.6829223632812
24141796, 78, 78, 884.3292846679688, 884.3292846679688
24144672, 114, 114, 922.8658447265625, 922.8658447265625
24146913, 29, 29, 905.8536376953125, 905.8536376953125
24164749, 0, 0, 900.0, 900.0
24167957, 255, 255, 959.3292846679688, 959.3292846679688
24170902, 100, 100, 880.0, 880.0
24173052, 87, 87, 882.4390258789062, 882.4390258789062
24180336, 255, 255, 826.3414916992188, 826.3414916992188
24182588, 61, 61, 887.6829223632812, 887.6829223632812
24187650, 129, 129, 874.0853881835938, 874.0853881835938
24189821, 246, 246, 850.6707153320312, 850.6707153320312
24195013, 255, 255, 787.1341552734375, 787.1341552734375
24197173, 255, 255, 819.6951293945312, 819.6951293945312
24208789, 245, 245, 850.9755859375, 850.9755859375
24211531, 255, 255, 817.6219482421875, 817.6219482421875
24213753, 255, 255, 797.5, 797.5
24223069, 255, 255, 776.3414916992188, 776.3414916992188
24225225, 255, 255, 843.8414916992188, 843.8414916992188
24239177, 255, 255, 829.2073364257812, 829.2073364257812
24241999, 255, 255, 824.268310546875, 824.268310546875
24244238, 255, 255, 818.5365600585938, 818.5365600585938
24253660, 255, 255, 828.4755859375, 828.4755859375
24256742, 255, 255, 827.6219482421875, 827.6219482421875
24258894, 255, 255, 826.1585083007812, 826.1585083007812
24283380, 137, 137, 872.4390258789062, 872.4390258789062
24285883, 255, 255, 831.0975341796875, 831.0975341796875
24288123, 175, 175, 864.8170776367188, 864.8170776367188
24293183, 255, 255, 846.4634399414062, 846.4634399414062
24295428, 154, 154, 869.1463623046875, 869.1463623046875
24300492, 41, 41, 891.768310546875, 891.768310546875
24302649, 171, 171, 865.6707153320312, 865.6707153320312
24316411, 9, 9, 901.8292846679688, 901.8292846679688
24318569, 168, 168, 866.280517578125, 866.280517578125
24342956, 255, 255, 842.6829223632812, 842.6829223632812
24345464, 255, 255, 773.719482421875, 773.719482421875
24347618, 255, 255, 805.5487670898438, 805.5487670898438
24359179, 135, 135, 927.1341552734375, 927.1341552734375
24361338, 80, 80, 916.0975341796875, 916.0975341796875
24372974, 255, 255, 840.3048706054688, 840.3048706054688
24375474, 247, 247, 850.5487670898438, 850.5487670898438
24377712, 172, 172, 865.48779296875, 865.48779296875
24382775, 168, 168, 866.280517578125, 866.280517578125
24385022, 208, 208, 858.231689453125, 858.231689453125
24390094, 189, 189, 862.0731811523438, 862.0731811523438
24392346, 180, 180, 863.9634399414062, 863.9634399414062
24397412, 114, 114, 877.0731811523438, 877.0731811523438
24399577, 250, 250, 849.9390258789062, 849.9390258789062
24407524, 1, 1, 899.6951293945312, 899.6951293945312
24410510, 140, 140, 871.9512329101562, 871.9512329101562
24412662, 109, 109, 878.1707153320312, 878.1707153320312
24426313, 139, 139, 872.0731811523438, 872.0731811523438
24428470, 155, 155, 868.9634399414062, 868.9634399414062
24440489, 210, 210, 942.0731811523438, 942.0731811523438
24442655, 171, 171, 934.3902587890625, 934.3902587890625
24449942, 75, 75, 915.1219482421875, 915.1219482421875
24452193, 228, 228, 945.731689453125, 945.731689453125
24462732, 211, 211, 857.6219482421875, 857.6219482421875
24464931, 120, 120, 875.9755859375, 875.9755859375
24472222, 24, 24, 904.9390258789062, 904.9390258789062
24474379, 19, 19, 896.1585083007812, 896.1585083007812
24485912, 61, 61, 887.6829223632812, 887.6829223632812
24488066, 51, 51, 889.6951293945312, 889.6951293945312
24500065, 255, 255, 773.1707153320312, 773.1707153320312
24502227, 255, 255, 760.6707153320312, 760.6707153320312
24509507, 255, 255, 801.8292846679688, 801.8292846679688
24511678, 255, 255, 775.1829223632812, 775.1829223632812
24530099, 178, 178, 864.3902587890625, 864.3902587890625
24532261, 255, 255, 722.743896484375, 722.743896484375
24552837, 255, 255, 794.0244140625, 794.0244140625
24555007, 255, 255, 806.768310546875, 806.768310546875
24562327, 255, 255, 769.3902587890625, 769.3902587890625
24564567, 255, 255, 817.9268188476562, 817.9268188476562
24574518, 255, 255, 829.51220703125, 829.51220703125
24577019, 255, 255, 797.5609741210938, 797.5609741210938
24579161, 255, 255, 843.231689453125, 843.231689453125
24586580, 255, 255, 793.9634399414062, 793.9634399414062
24588747, 255, 255, 840.6097412109375, 840.6097412109375
24613036, 181, 181, 863.780517578125, 863.780517578125
24615193, 133, 133, 873.3536376953125, 873.3536376953125
24628842, 121, 121, 875.7926635742188, 875.7926635742188
24631008, 121, 121, 875.6707153320312, 875.6707153320312
24638794, 39, 39, 892.1341552734375, 892.1341552734375
24641041, 210, 210, 857.98779296875, 857.98779296875
24650344, 87, 87, 917.4390258789062, 917.4390258789062
24652505, 75, 75, 885.0, 885.0
24664984, 178, 178, 864.268310546875, 864.268310546875
24667150, 28, 28, 894.2073364257812, 894.2073364257812
24679677, 42, 42, 891.4634399414062, 891.4634399414062
24681838, 244, 244, 851.0365600585938, 851.0365600585938
24695576, 255, 255, 828.9024658203125, 828.9024658203125
24698679, 255, 255, 837.743896484375, 837.743896484375
24700922, 143, 143, 928.780517578125, 928.780517578125
24716714, 187, 187, 862.5, 862.5
24719222, 145, 145, 870.8536376953125, 870.8536376953125
24721378, 253, 253, 849.268310546875, 849.268310546875
24747804, 255, 255, 844.6951293945312, 844.6951293945312
24749973, 214, 214, 857.0731811523438, 857.0731811523438
24763634, 255, 255, 834.6951293945312, 834.6951293945312
24765800, 196, 196, 860.6707153320312, 860.6707153320312
24771018, 249, 249, 850.1829223632812, 850.1829223632812
24773186, 114, 114, 877.01220703125, 877.01220703125
24784816, 36, 36, 892.6829223632812, 892.6829223632812
24787325, 126, 126, 874.6951293945312, 874.6951293945312
24789561, 255, 255, 839.6341552734375, 839.6341552734375
24800996, 127, 127, 874.5731811523438, 874.5731811523438
24803161, 248, 248, 850.3658447265625, 850.3658447265625
24810644, 225, 225, 854.8780517578125, 854.8780517578125
24812884, 255, 255, 842.1341552734375, 842.1341552734375
24822537, 255, 255, 841.219482421875, 841.219482421875
24825717, 150, 150, 869.8780517578125, 869.8780517578125
24827860, 235, 235, 852.9268188476562, 852.9268188476562
24859147, 255, 255, 845.48779296875, 845.48779296875
24861659, 255, 255, 838.6585083007812, 838.6585083007812
24863889, 255, 255, 816.219482421875, 816.219482421875
24868961, 135, 135, 872.9268188476562, 872.9268188476562
24871130, 160, 160, 867.9268188476562, 867.9268188476562
24878922, 255, 255, 791.7073364257812, 791.7073364257812
24881177, 255, 255, 798.2926635742188, 798.2926635742188
24890597, 2, 2, 899.5731811523438, 899.5731811523438
24893321, 138, 138, 927.6829223632812, 927.6829223632812
24895555, 35, 35, 892.8048706054688, 892.8048706054688
24904958, 255, 255, 785.5487670898438, 785.5487670898438
24907458, 255, 255, 840.7926635742188, 840.7926635742188
24909696, 20, 20, 904.0853881835938, 904.0853881835938
24919368, 255, 255, 842.3780517578125, 842.3780517578125
24921883, 226, 226, 945.3658447265625, 945.3658447265625
24924618, 192, 192, 938.5975341796875, 938.5975341796875
24927103, 64, 64, 887.01220703125, 887.01220703125
24929257, 35, 35, 907.0731811523438, 907.0731811523438
24936831, 120, 120, 924.0244140625, 924.0244140625
24939635, 255, 255, 822.743896484375, 822.743896484375
24942137, 78, 78, 915.6097412109375, 915.6097412109375
24944295, 78, 78, 884.3292846679688, 884.3292846679688
24951722, 255, 255, 991.0365600585938, 991.0365600585938
24953977, 255, 255, 988.0487670898438, 988.0487670898438
24964249, 255, 255, 848.6585083007812, 848.6585083007812
24966405, 255, 255, 707.5609741210938, 707.5609741210938
24980333, 242, 242, 948.4755859375, 948.4755859375
24983217, 110, 110, 877.9268188476562, 877.9268188476562
24985441, 255, 255, 719.268310546875, 719.268310546875
24994787, 255, 255, 723.780517578125, 723.780517578125
24996960, 255, 255, 807.1951293945312, 807.1951293945312
25010620, 207, 207, 858.5975341796875, 858.5975341796875
25012777, 255, 255, 777.6829223632812, 777.6829223632812
25032842, 255, 255, 743.719482421875, 743.719482421875
25035014, 255, 255, 767.1951293945312, 767.1951293945312
25055057, 58, 58, 888.231689453125, 888.231689453125
25057214, 255, 255, 836.8292846679688, 836.8292846679688
25077274, 167, 167, 866.4634399414062, 866.4634399414062
25079440, 74, 74, 885.1219482421875, 885.1219482421875
25091456, 53, 53, 889.2073364257812, 889.2073364257812
25093616, 255, 255, 811.5853881835938, 811.5853881835938
25103502, 56, 56, 888.780517578125, 888.780517578125
25105753, 38, 38, 892.3170776367188, 892.3170776367188
25115146, 255, 255, 802.1341552734375, 802.1341552734375
25117912, 224, 224, 855.1829223632812, 855.1829223632812
25120150, 169, 169, 866.1585083007812, 866.1585083007812
25129566, 8, 8, 901.6463623046875, 901.6463623046875
25132081, 153, 153, 869.3292846679688, 869.3292846679688
25134309, 255, 255, 844.8780517578125, 844.8780517578125
25143974, 203, 203, 859.3902587890625, 859.3902587890625
25146491, 181, 181, 863.719482421875, 863.719482421875
25149233, 169, 169, 866.0365600585938, 866.0365600585938
25151722, 175, 175, 864.8170776367188, 864.8170776367188
25153878, 255, 255, 820.0, 820.0
25161321, 56, 56, 911.3414916992188, 911.3414916992188
25163576, 255, 255, 811.6463623046875, 811.6463623046875
25173828, 255, 255, 792.743896484375, 792.743896484375
25175993, 255, 255, 792.1951293945312, 792.1951293945312
25196553, 255, 255, 817.6829223632812, 817.6829223632812
25198718, 255, 255, 790.48779296875, 790.48779296875
25211242, 189, 189, 862.1341552734375, 862.1341552734375
25213406, 255, 255, 842.0731811523438, 842.0731811523438
25227091, 255, 255, 738.5365600585938, 738.5365600585938
25229259, 255, 255, 742.1951293945312, 742.1951293945312
25241280, 230, 230, 853.9634399414062, 853.9634399414062
25243436, 141, 141, 871.6463623046875, 871.6463623046875
25250723, 255, 255, 787.8048706054688, 787.8048706054688
25252895, 217, 217, 856.5853881835938, 856.5853881835938
25271206, 107, 107, 878.5975341796875, 878.5975341796875
25273366, 255, 255, 828.1097412109375, 828.1097412109375
25293920, 113, 113, 877.3170776367188, 877.3170776367188
25296078, 17, 17, 896.5853881835938, 896.5853881835938
25331035, 155, 155, 868.9634399414062, 868.9634399414062
25333190, 110, 110, 877.8048706054688, 877.8048706054688
25353751, 255, 255, 757.8658447265625, 757.8658447265625
25355920, 255, 255, 818.780517578125, 818.780517578125
25368433, 255, 255, 828.4755859375, 828.4755859375
25370601, 255, 255, 765.1219482421875, 765.1219482421875
25384264, 255, 255, 732.6219482421875, 732.6219482421875
25386434, 255, 255, 755.1219482421875, 755.1219482421875
25406502, 255, 255, 712.256103515625, 712.256103515625
25408668, 255, 255, 753.0487670898438, 753.0487670898438
25443703, 141, 141, 871.768310546875, 871.768310546875
25445873, 255, 255, 810.243896484375, 810.243896484375
25460199, 255, 255, 838.4146118164062, 838.4146118164062
25463123, 150, 150, 870.0, 870.0
25466096, 255, 255, 824.3292846679688, 824.3292846679688
25468252, 255, 255, 830.1219482421875, 830.1219482421875
25475528, 255, 255, 843.5975341796875, 843.5975341796875
25477772, 97, 97, 880.4268188476562, 880.4268188476562
25489739, 136, 136, 872.743896484375, 872.743896484375
25491904, 35, 35, 892.98779296875, 892.98779296875
25499805, 215, 215, 856.8902587890625, 856.8902587890625
25502058, 255, 255, 845.9146118164062, 845.9146118164062
25511453, 105, 105, 878.9634399414062, 878.9634399414062
25514187, 78, 78, 884.3292846679688, 884.3292846679688
25516412, 175, 175, 864.9390258789062, 864.9390258789062
25527874, 255, 255, 843.9634399414062, 843.9634399414062
25530630, 255, 255, 845.5487670898438, 845.5487670898438
25533597, 255, 255, 841.6463623046875, 841.6463623046875
25535752, 255, 255, 845.9755859375, 845.9755859375
25557917, 239, 239, 852.1951293945312, 852.1951293945312
25560081, 255, 255, 826.4634399414062, 826.4634399414062
25571699, 255, 255, 818.231689453125, 818.231689453125
25573859, 144, 144, 871.0365600585938, 871.0365600585938
25587530, 107, 107, 878.4146118164062, 878.4146118164062
25589700, 255, 255, 828.9634399414062, 828.9634399414062
25603374, 255, 255, 829.3902587890625, 829.3902587890625
25605609, 255, 255, 811.768310546875, 811.768310546875
25623457, 48, 48, 890.3048706054688, 890.3048706054688
25625627, 122, 122, 875.5487670898438, 875.5487670898438
25632920, 1, 1, 900.243896484375, 900.243896484375
25635172, 54, 54, 889.0244140625, 889.0244140625
25645461, 132, 132, 873.4755859375, 873.4755859375
25647620, 143, 143, 928.6585083007812, 928.6585083007812
25661293, 53, 53, 889.2073364257812, 889.2073364257812
25663462, 92, 92, 918.4146118164062, 918.4146118164062
25677131, 103, 103, 920.6097412109375, 920.6097412109375
25679289, 191, 191, 861.768310546875, 861.768310546875
25686922, 112, 112, 877.5609741210938, 877.5609741210938
25689174, 13, 13, 897.3170776367188, 897.3170776367188
25700638, 255, 255, 848.8414916992188, 848.8414916992188
25703426, 255, 255, 821.7073364257812, 821.7073364257812
25705913, 255, 255, 813.9634399414062, 813.9634399414062
25708067, 255, 255, 808.0487670898438, 808.0487670898438
25715442, 255, 255, 771.280517578125, 771.280517578125
25718203, 255, 255, 808.4755859375, 808.4755859375
25720689, 255, 255, 752.743896484375, 752.743896484375
25722840, 255, 255, 739.6341552734375, 739.6341552734375
25730246, 255, 255, 751.4634399414062, 751.4634399414062
25733647, 229, 229, 854.1463623046875, 854.1463623046875
25735800, 255, 255, 684.9390258789062, 684.9390258789062
25760129, 255, 255, 679.8780517578125, 679.8780517578125
25762381, 255, 255, 710.4268188476562, 710.4268188476562
25774430, 255, 255, 739.5731811523438, 739.5731811523438
25777325, 255, 255, 775.0609741210938, 775.0609741210938
25779552, 255, 255, 731.0975341796875, 731.0975341796875
25788969, 255, 255, 735.0, 735.0
25791690, 255, 255, 704.1463623046875, 704.1463623046875
25793832, 255, 255, 743.9634399414062, 743.9634399414062
25809733, 255, 255, 741.7073364257812, 741.7073364257812
25812236, 255, 255, 629.1463623046875, 629.1463623046875
25814389, 255, 255, 718.6585083007812, 718.6585083007812
25825925, 255, 255, 796.1585083007812, 796.1585083007812
25828094, 232, 232, 853.4146118164062, 853.4146118164062
25841744, 255, 255, 819.0853881835938, 819.0853881835938
25843906, 255, 255, 764.0244140625, 764.0244140625
25851271, 241, 241, 851.6463623046875, 851.6463623046875
25853426, 255, 255, 825.4268188476562, 825.4268188476562
25869801, 255, 255, 818.780517578125, 818.780517578125
25872303, 255, 255, 838.231689453125, 838.231689453125
25874451, 255, 255, 846.7073364257812, 846.7073364257812
25882404, 18, 18, 903.780517578125, 903.780517578125
25885331, 131, 131, 873.6585083007812, 873.6585083007812
25887471, 209, 209, 858.1707153320312, 858.1707153320312
25894793, 54, 54, 889.0244140625, 889.0244140625
25897036, 10, 10, 897.8048706054688, 897.8048706054688
25909094, 121, 121, 875.7926635742188, 875.7926635742188
25912502, 40, 40, 891.8292846679688, 891.8292846679688
25914970, 26, 26, 894.6951293945312, 894.6951293945312
25917112, 255, 255, 821.0975341796875, 821.0975341796875
25924377, 255, 255, 826.8292846679688, 826.8292846679688
25927302, 51, 51, 889.6341552734375, 889.6341552734375
25930291, 134, 134, 873.0487670898438, 873.0487670898438
25932443, 123, 123, 875.3048706054688, 875.3048706054688
25961007, 155, 155, 868.8414916992188, 868.8414916992188
25963177, 167, 167, 933.5365600585938, 933.5365600585938
25975201, 255, 255, 845.1829223632812, 845.1829223632812
25977370, 255, 255, 777.6829223632812, 777.6829223632812
25984658, 93, 93, 881.219482421875, 881.219482421875
25986828, 255, 255, 975.1829223632812, 975.1829223632812
25992015, 255, 255, 737.3780517578125, 737.3780517578125
25994171, 128, 128, 874.268310546875, 874.268310546875
26012176, 146, 146, 929.2073364257812, 929.2073364257812
26014692, 255, 255, 739.51220703125, 739.51220703125
26016920, 255, 255, 733.5365600585938, 733.5365600585938
26027239, 255, 255, 737.8048706054688, 737.8048706054688
26029407, 255, 255, 845.1829223632812, 845.1829223632812
26043069, 255, 255, 761.6463623046875, 761.6463623046875
26045551, 255, 255, 843.231689453125, 843.231689453125
26047788, 255, 255, 807.01220703125, 807.01220703125
26059233, 255, 255, 820.8536376953125, 820.8536376953125
26061401, 255, 255, 838.5975341796875, 838.5975341796875
26079735, 131, 131, 873.780517578125, 873.780517578125
26081903, 32, 32, 906.4024658203125, 906.4024658203125
26104086, 255, 255, 828.5975341796875, 828.5975341796875
26106251, 255, 255, 840.1829223632812, 840.1829223632812
26117805, 85, 85, 917.1951293945312, 917.1951293945312
26119971, 207, 207, 858.4755859375, 858.4755859375
26133640, 221, 221, 855.731689453125, 855.731689453125
26135809, 255, 255, 838.9634399414062, 838.9634399414062
26147511, 255, 255, 841.5244140625, 841.5244140625
26149669, 128, 128, 925.6097412109375, 925.6097412109375
26161583, 212, 212, 857.4390258789062, 857.4390258789062
26164086, 123, 123, 875.3658447265625, 875.3658447265625
26166233, 2, 2, 900.5487670898438, 900.5487670898438
26177761, 47, 47, 890.4268188476562, 890.4268188476562
26179927, 255, 255, 791.7073364257812, 791.7073364257812
26193596, 255, 255, 762.5, 762.5
26195752, 255, 255, 732.1341552734375, 732.1341552734375
26200957, 255, 255, 629.51220703125, 629.51220703125
26203114, 255, 255, 747.256103515625, 747.256103515625
26214749, 255, 255, 793.5365600585938, 793.5365600585938
26217259, 255, 255, 784.0244140625, 784.0244140625
26219403, 255, 255, 722.3780517578125, 722.3780517578125
26230941, 255, 255, 792.6829223632812, 792.6829223632812
26233111, 255, 255, 815.6707153320312, 815.6707153320312
26244665, 255, 255, 829.0244140625, 829.0244140625
26246831, 255, 255, 775.6707153320312, 775.6707153320312
26260495, 255, 255, 825.9755859375, 825.9755859375
26263391, 255, 255, 784.0244140625, 784.0244140625
26265620, 255, 255, 829.0244140625, 829.0244140625
26277085, 255, 255, 845.9146118164062, 845.9146118164062
26280472, 255, 255, 840.0, 840.0
26282629, 208, 208, 858.3536376953125, 858.3536376953125
26298504, 255, 255, 844.756103515625, 844.756103515625
26301661, 139, 139, 872.0731811523438, 872.0731811523438
26304624, 114, 114, 922.8658447265625, 922.8658447265625
26306775, 255, 255, 798.2926635742188, 798.2926635742188
26314119, 96, 96, 919.2073364257812, 919.2073364257812
26316366, 35, 35, 907.01220703125, 907.01220703125
26321440, 17, 17, 903.4755859375, 903.4755859375
26323610, 217, 217, 856.4634399414062, 856.4634399414062
26337248, 255, 255, 810.0, 810.0
26339490, 237, 237, 852.5, 852.5
26349295, 86, 86, 917.3170776367188, 917.3170776367188
26351453, 70, 70, 885.9146118164062, 885.9146118164062
26358718, 218, 218, 856.219482421875, 856.219482421875
26360884, 255, 255, 835.4268188476562, 835.4268188476562
26372401, 145, 145, 870.9755859375, 870.9755859375
26374556, 255, 255, 983.5975341796875, 983.5975341796875
26388213, 165, 165, 866.8292846679688, 866.8292846679688
26390378, 255, 255, 837.4390258789062, 837.4390258789062
26404017, 119, 119, 876.0365600585938, 876.0365600585938
26406252, 255, 255, 847.9268188476562, 847.9268188476562
26418211, 104, 104, 920.9755859375, 920.9755859375
26420367, 255, 255, 804.1463623046875, 804.1463623046875
26432041, 109, 109, 878.0487670898438, 878.0487670898438
26446449, 213, 213, 857.3780517578125, 857.3780517578125
26448979, 173, 173, 865.3658447265625, 865.3658447265625
26451215, 255, 255, 807.256103515625, 807.256103515625
26461517, 207, 207, 858.4755859375, 858.4755859375
26463682, 206, 206, 858.719482421875, 858.719482421875
26477626, 172, 172, 865.5487670898438, 865.5487670898438
26480510, 121, 121, 875.6097412109375, 875.6097412109375
26482745, 255, 255, 835.48779296875, 835.48779296875
26492144, 255, 255, 820.1829223632812, 820.1829223632812
26494641, 157, 157, 868.4755859375, 868.4755859375
26496880, 52, 52, 910.48779296875, 910.48779296875
26506560, 255, 255, 813.1707153320312, 813.1707153320312
26509064, 255, 255, 815.7926635742188, 815.7926635742188
26511813, 255, 255, 848.9024658203125, 848.9024658203125
26514310, 199, 199, 860.0609741210938, 860.0609741210938
26516461, 255, 255, 824.5731811523438, 824.5731811523438
26524007, 77, 77, 884.51220703125, 884.51220703125
26526764, 56, 56, 888.719482421875, 888.719482421875
26529251, 205, 205, 858.9634399414062, 858.9634399414062
26531402, 255, 255, 826.1585083007812, 826.1585083007812
26538977, 109, 109, 921.9512329101562, 921.9512329101562
26542359, 255, 255, 812.3780517578125, 812.3780517578125
26544512, 255, 255, 821.7073364257812, 821.7073364257812
26567178, 86, 86, 882.743896484375, 882.743896484375
26570371, 38, 38, 907.6219482421875, 907.6219482421875
26572596, 255, 255, 831.5853881835938, 831.5853881835938
26582003, 237, 237, 852.4390258789062, 852.4390258789062
26584505, 217, 217, 856.4634399414062, 856.4634399414062
26586738, 255, 255, 843.2926635742188, 843.2926635742188
26604783, 78, 78, 884.268310546875, 884.268310546875
26607833, 255, 255, 845.4268188476562, 845.4268188476562
26610062, 85, 85, 917.0731811523438, 917.0731811523438
26626274, 248, 248, 850.243896484375, 850.243896484375
26628757, 197, 197, 939.4512329101562, 939.4512329101562
26630998, 38, 38, 892.3170776367188, 892.3170776367188
26641252, 240, 240, 851.8292846679688, 851.8292846679688
26643407, 255, 255, 825.1219482421875, 825.1219482421875
26663978, 255, 255, 832.6219482421875, 832.6219482421875
26666465, 255, 255, 826.3414916992188, 826.3414916992188
26668693, 255, 255, 788.1707153320312, 788.1707153320312
26678110, 155, 155, 868.9024658203125, 868.9024658203125
26680613, 197, 197, 939.5731811523438, 939.5731811523438
26683490, 239, 239, 947.98779296875, 947.98779296875
26686446, 185, 185, 862.98779296875, 862.98779296875
26688596, 92, 92, 881.5244140625, 881.5244140625
26695882, 36, 36, 892.6829223632812, 892.6829223632812
26698135, 84, 84, 916.8902587890625, 916.8902587890625
26703208, 12, 12, 902.5, 902.5
26705363, 40, 40, 891.9512329101562, 891.9512329101562
26710557, 11, 11, 897.6219482421875, 897.6219482421875
26712728, 63, 63, 912.743896484375, 912.743896484375
26724367, 86, 86, 882.743896484375, 882.743896484375
26727536, 255, 255, 836.4024658203125, 836.4024658203125
26729674, 255, 255, 841.9512329101562, 841.9512329101562
26745557, 255, 255, 802.256103515625, 802.256103515625
26748067, 255, 255, 773.6585083007812, 773.6585083007812
26750211, 255, 255, 764.756103515625, 764.756103515625
26761738, 255, 255, 750.7926635742188, 750.7926635742188
26763899, 255, 255, 822.6219482421875, 822.6219482421875
26777543, 255, 255, 784.9390258789062, 784.9390258789062
26779702, 255, 255, 832.4390258789062, 832.4390258789062
26787479, 255, 255, 740.0, 740.0
26789726, 255, 255, 779.6341552734375, 779.6341552734375
26799142, 255, 255, 779.51220703125, 779.51220703125
26801643, 255, 255, 784.0244140625, 784.0244140625
26803872, 255, 255, 786.8292846679688, 786.8292846679688
26821804, 255, 255, 826.768310546875, 826.768310546875
26824300, 255, 255, 817.743896484375, 817.743896484375
26827667, 255, 255, 775.9755859375, 775.9755859375
26829809, 255, 255, 824.2073364257812, 824.2073364257812
26851989, 255, 255, 844.6951293945312, 844.6951293945312
26854151, 255, 255, 793.8414916992188, 793.8414916992188
26881064, 41, 41, 908.3536376953125, 908.3536376953125
26883232, 18, 18, 896.219482421875, 896.219482421875
26890517, 49, 49, 890.1219482421875, 890.1219482421875
26892761, 229, 229, 854.1463623046875, 854.1463623046875
26897819, 130, 130, 873.9634399414062, 873.9634399414062
26899977, 43, 43, 891.280517578125, 891.280517578125
26913693, 255, 255, 844.6951293945312, 844.6951293945312
26915947, 220, 220, 855.8536376953125, 855.8536376953125
26933883, 46, 46, 890.731689453125, 890.731689453125
26936611, 119, 119, 876.0975341796875, 876.0975341796875
26939976, 219, 219, 856.1585083007812, 856.1585083007812
26942130, 142, 142, 871.5244140625, 871.5244140625
26951669, 109, 109, 878.1707153320312, 878.1707153320312
26953905, 140, 140, 871.8292846679688, 871.8292846679688
26971737, 232, 232, 853.4146118164062, 853.4146118164062
26973893, 88, 88, 882.3780517578125, 882.3780517578125
26985919, 255, 255, 836.4634399414062, 836.4634399414062
26988076, 255, 255, 828.4146118164062, 828.4146118164062
26995375, 155, 155, 868.8414916992188, 868.8414916992188
26997544, 14, 14, 897.01220703125, 897.01220703125
27002747, 255, 255, 795.1829223632812, 795.1829223632812
27004910, 255, 255, 819.756103515625, 819.756103515625
27016640, 218, 218, 856.219482421875, 856.219482421875
27019579, 255, 255, 829.3902587890625, 829.3902587890625
27021806, 255, 255, 792.6219482421875, 792.6219482421875
27046104, 208, 208, 858.3536376953125, 858.3536376953125
27048615, 255, 255, 846.3414916992188, 846.3414916992188
27050844, 255, 255, 839.268310546875, 839.268310546875
27060274, 161, 161, 867.6829223632812, 867.6829223632812
27062791, 236, 236, 852.743896484375, 852.743896484375
27065517, 255, 255, 834.6341552734375, 834.6341552734375
27068006, 103, 103, 920.6097412109375, 920.6097412109375
27070158, 3, 3, 899.3902587890625, 899.3902587890625
27084046, 255, 255, 843.1707153320312, 843.1707153320312
27086950, 144, 144, 871.1585083007812, 871.1585083007812
27089183, 129, 129, 874.0244140625, 874.0244140625
27098584, 255, 255, 844.9390258789062, 844.9390258789062
27101099, 255, 255, 842.9268188476562, 842.9268188476562
27103324, 255, 255, 820.6097412109375, 820.6097412109375
27113014, 255, 255, 842.4390258789062, 842.4390258789062
27115529, 255, 255, 825.5487670898438, 825.5487670898438
27118893, 255, 255, 763.719482421875, 763.719482421875
27121043, 255, 255, 841.5853881835938, 841.5853881835938
27136907, 255, 255, 779.4512329101562, 779.4512329101562
27140181, 255, 255, 832.8658447265625, 832.8658447265625
27143179, 255, 255, 825.243896484375, 825.243896484375
27145331, 255, 255, 769.5731811523438, 769.5731811523438
27161119, 255, 255, 839.9390258789062, 839.9390258789062
27163364, 255, 255, 796.8902587890625, 796.8902587890625
27172905, 255, 255, 778.3536376953125, 778.3536376953125
27175412, 255, 255, 828.9024658203125, 828.9024658203125
27178151, 255, 255, 825.731689453125, 825.731689453125
27180650, 255, 255, 813.6585083007812, 813.6585083007812
27182806, 255, 255, 825.5487670898438, 825.5487670898438
27190366, 255, 255, 827.1341552734375, 827.1341552734375
27193755, 171, 171, 865.7926635742188, 865.7926635742188
27195907, 255, 255, 847.8658447265625, 847.8658447265625
27211715, 255, 255, 844.0853881835938, 844.0853881835938
27214202, 255, 255, 839.6951293945312, 839.6951293945312
27216357, 22, 22, 895.4268188476562, 895.4268188476562
27240721, 112, 112, 877.5609741210938, 877.5609741210938
27243232, 10, 10, 897.9268188476562, 897.9268188476562
27245458, 84, 84, 916.9512329101562, 916.9512329101562
27263250, 23, 23, 904.756103515625, 904.756103515625
27265407, 21, 21, 904.3292846679688, 904.3292846679688
27279076, 255, 255, 820.9146118164062, 820.9146118164062
27281230, 255, 255, 846.9512329101562, 846.9512329101562
27292777, 255, 255, 813.0487670898438, 813.0487670898438
27294944, 255, 255, 844.9390258789062, 844.9390258789062
27315579, 255, 255, 847.98779296875, 847.98779296875
27318090, 255, 255, 848.3536376953125, 848.3536376953125
27320233, 255, 255, 833.1097412109375, 833.1097412109375
27338174, 69, 69, 886.1585083007812, 886.1585083007812
27340342, 205, 205, 858.9024658203125, 858.9024658203125
27354017, 255, 255, 826.9512329101562, 826.9512329101562
27356185, 72, 72, 885.48779296875, 885.48779296875
27363627, 255, 255, 814.3292846679688, 814.3292846679688
27365872, 255, 255, 837.256103515625, 837.256103515625
27375197, 193, 193, 861.3414916992188, 861.3414916992188
27377362, 251, 251, 849.6951293945312, 849.6951293945312
27389437, 255, 255, 838.5975341796875, 838.5975341796875
27391934, 255, 255, 824.1463623046875, 824.1463623046875
27394075, 255, 255, 836.3414916992188, 836.3414916992188
27420485, 255, 255, 825.0609741210938, 825.0609741210938
27422642, 160, 160, 867.9268188476562, 867.9268188476562
27451224, 255, 255, 839.756103515625, 839.756103515625
27453393, 56, 56, 888.6585083007812, 888.6585083007812
27472261, 48, 48, 890.243896484375, 890.243896484375
27474416, 176, 176, 864.6341552734375, 864.6341552734375
27517969, 255, 255, 841.7073364257812, 841.7073364257812
27520483, 255, 255, 848.5365600585938, 848.5365600585938
27522716, 255, 255, 844.6341552734375, 844.6341552734375
27532287, 255, 255, 806.0975341796875, 806.0975341796875
27534807, 255, 255, 818.9634399414062, 818.9634399414062
27537541, 255, 255, 812.4390258789062, 812.4390258789062
27540033, 255, 255, 838.9024658203125, 838.9024658203125
27542186, 255, 255, 835.0609741210938, 835.0609741210938
27558042, 255, 255, 842.8048706054688, 842.8048706054688
27561435, 255, 255, 805.243896484375, 805.243896484375
27563590, 225, 225, 855.0, 855.0
27573624, 255, 255, 831.280517578125, 831.280517578125
27575877, 255, 255, 836.0365600585938, 836.0365600585938
27585296, 255, 255, 842.5609741210938, 842.5609741210938
27588081, 117, 117, 923.5365600585938, 923.5365600585938
27590313, 149, 149, 870.1829223632812, 870.1829223632812
27599629, 46, 46, 909.268310546875, 909.268310546875
27601789, 202, 202, 859.4512329101562, 859.4512329101562
27615694, 255, 255, 773.719482421875, 773.719482421875
27618548, 255, 255, 803.0487670898438, 803.0487670898438
27620784, 255, 255, 845.3658447265625, 845.3658447265625
27630102, 255, 255, 797.98779296875, 797.98779296875
27632262, 255, 255, 784.0853881835938, 784.0853881835938
27652811, 255, 255, 664.8780517578125, 664.8780517578125
27654977, 255, 255, 700.3658447265625, 700.3658447265625
27683517, 255, 255, 825.731689453125, 825.731689453125
27685675, 255, 255, 776.5853881835938, 776.5853881835938
27697345, 255, 255, 701.0975341796875, 701.0975341796875
27699511, 255, 255, 760.5487670898438, 760.5487670898438
27726941, 255, 255, 819.4512329101562, 819.4512329101562
27729097, 255, 255, 808.3536376953125, 808.3536376953125
27743279, 255, 255, 800.48779296875, 800.48779296875
27745448, 255, 255, 767.5, 767.5
27750762, 255, 255, 832.0731811523438, 832.0731811523438
27752930, 197, 197, 860.48779296875, 860.48779296875
27794351, 255, 255, 838.8414916992188, 838.8414916992188
27796868, 229, 229, 854.0244140625, 854.0244140625
27799105, 6, 6, 901.3414916992188, 901.3414916992188
27809452, 17, 17, 896.5244140625, 896.5244140625
27811618, 255, 255, 824.0853881835938, 824.0853881835938
27825290, 163, 163, 932.6829223632812, 932.6829223632812
27827455, 179, 179, 935.8536376953125, 935.8536376953125
27847697, 142, 142, 928.4146118164062, 928.4146118164062
27849854, 255, 255, 956.5244140625, 956.5244140625
27861912, 144, 144, 871.1585083007812, 871.1585083007812
27864079, 255, 255, 832.8658447265625, 832.8658447265625
27871410, 255, 255, 827.0731811523438, 827.0731811523438
27873650, 255, 255, 848.719482421875, 848.719482421875
27900621, 255, 255, 749.51220703125, 749.51220703125
27904035, 204, 204, 859.0853881835938, 859.0853881835938
27906513, 136, 136, 872.743896484375, 872.743896484375
27908666, 255, 255, 791.4634399414062, 791.4634399414062
27915959, 255, 255, 800.0609741210938, 800.0609741210938
27918603, 255, 255, 786.280517578125, 786.280517578125
27920840, 255, 255, 842.01220703125, 842.01220703125
27930246, 255, 255, 831.7073364257812, 831.7073364257812
27932968, 255, 255, 758.9634399414062, 758.9634399414062
27935113, 255, 255, 758.5365600585938, 758.5365600585938
27959512, 28, 28, 905.731689453125, 905.731689453125
27962027, 255, 255, 817.9268188476562, 817.9268188476562
27964255, 255, 255, 832.5609741210938, 832.5609741210938
27982162, 255, 255, 781.5244140625, 781.5244140625
27984803, 255, 255, 814.756103515625, 814.756103515625
27988171, 160, 160, 867.8658447265625, 867.8658447265625
27990327, 255, 255, 837.0731811523438, 837.0731811523438
28011356, 255, 255, 816.280517578125, 816.280517578125
28013512, 255, 255, 844.1463623046875, 844.1463623046875
28035697, 255, 255, 780.6097412109375, 780.6097412109375
28038400, 255, 255, 837.5, 837.5
28040628, 60, 60, 912.1951293945312, 912.1951293945312
28049964, 255, 255, 824.4512329101562, 824.4512329101562
28052133, 242, 242, 851.5244140625, 851.5244140625
28064194, 255, 255, 799.0853881835938, 799.0853881835938
28066354, 152, 152, 869.51220703125, 869.51220703125
28080012, 255, 255, 815.0609741210938, 815.0609741210938
28082181, 255, 255, 748.0487670898438, 748.0487670898438
28093748, 255, 255, 743.1097412109375, 743.1097412109375
28095917, 255, 255, 790.6707153320312, 790.6707153320312
28109766, 255, 255, 817.3780517578125, 817.3780517578125
28111933, 255, 255, 773.1707153320312, 773.1707153320312
28132001, 255, 255, 819.5731811523438, 819.5731811523438
28134169, 111, 111, 877.743896484375, 877.743896484375
28146192, 255, 255, 842.1341552734375, 842.1341552734375
28148351, 255, 255, 792.4390258789062, 792.4390258789062
28164210, 208, 208, 858.231689453125, 858.231689453125
28166465, 255, 255, 836.768310546875, 836.768310546875
28176188, 147, 147, 870.48779296875, 870.48779296875
28178700, 174, 174, 865.0609741210938, 865.0609741210938
28181444, 255, 255, 813.1097412109375, 813.1097412109375
28183941, 255, 255, 801.0975341796875, 801.0975341796875
28186084, 195, 195, 860.9146118164062, 860.9146118164062
28193645, 255, 255, 833.4146118164062, 833.4146118164062
28196403, 255, 255, 819.9390258789062, 819.9390258789062
28198906, 255, 255, 781.9512329101562, 781.9512329101562
28201062, 22, 22, 904.4512329101562, 904.4512329101562
28208612, 255, 255, 821.6463623046875, 821.6463623046875
28211364, 255, 255, 825.243896484375, 825.243896484375
28213850, 255, 255, 793.2926635742188, 793.2926635742188
28215995, 255, 255, 823.3536376953125, 823.3536376953125
28223510, 255, 255, 820.731689453125, 820.731689453125
28225763, 255, 255, 784.8170776367188, 784.8170776367188
28244105, 255, 255, 825.3048706054688, 825.3048706054688
28246268, 255, 255, 807.98779296875, 807.98779296875
28259943, 105, 105, 921.1585083007812, 921.1585083007812
28262104, 54, 54, 889.0853881835938, 889.0853881835938
28267368, 255, 255, 796.6463623046875, 796.6463623046875
28269538, 255, 255, 843.2926635742188, 843.2926635742188
28281157, 255, 255, 834.8170776367188, 834.8170776367188
28283665, 255, 255, 829.3292846679688, 829.3292846679688
28285817, 175, 175, 864.9390258789062, 864.9390258789062
28305851, 255, 255, 977.256103515625, 977.256103515625
28308100, 255, 255, 701.4024658203125, 701.4024658203125
28326447, 102, 102, 879.5731811523438, 879.5731811523438
28328607, 255, 255, 752.3780517578125, 752.3780517578125
28357175, 255, 255, 831.8902587890625, 831.8902587890625
28359332, 255, 255, 815.0609741210938, 815.0609741210938
28367271, 186, 186, 862.6829223632812, 862.6829223632812
28369512, 42, 42, 908.5365600585938, 908.5365600585938
28378927, 218, 218, 856.3414916992188, 856.3414916992188
28381430, 178, 178, 864.2073364257812, 864.2073364257812
28383672, 206, 206, 858.719482421875, 858.719482421875
28393304, 163, 163, 867.3170776367188, 867.3170776367188
28395812, 45, 45, 909.0244140625, 909.0244140625
28398487, 208, 208, 858.2926635742188, 858.2926635742188
28400987, 255, 255, 843.9024658203125, 843.9024658203125
28403140, 18, 18, 903.780517578125, 903.780517578125
28415869, 125, 125, 874.8170776367188, 874.8170776367188
28418028, 243, 243, 851.3414916992188, 851.3414916992188
28438606, 181, 181, 863.719482421875, 863.719482421875
28440770, 68, 68, 886.280517578125, 886.280517578125
28460946, 245, 245, 850.8536376953125, 850.8536376953125
28463113, 169, 169, 866.1585083007812, 866.1585083007812
28491765, 18, 18, 903.719482421875, 903.719482421875
28494552, 186, 186, 862.743896484375, 862.743896484375
28496793, 240, 240, 851.8292846679688, 851.8292846679688
28506117, 204, 204, 859.0853881835938, 859.0853881835938
28508284, 80, 80, 883.9634399414062, 883.9634399414062
28537337, 88, 88, 882.3780517578125, 882.3780517578125
28539505, 22, 22, 904.4512329101562, 904.4512329101562
28574462, 25, 25, 894.9390258789062, 894.9390258789062
28576631, 255, 255, 838.3536376953125, 838.3536376953125
28588304, 255, 255, 823.1097412109375, 823.1097412109375
28590471, 255, 255, 824.3902587890625, 824.3902587890625
28604147, 255, 255, 800.9146118164062, 800.9146118164062
28606319, 255, 255, 847.6829223632812, 847.6829223632812
28626357, 255, 255, 784.756103515625, 784.756103515625
28628515, 255, 255, 791.768310546875, 791.768310546875
28640539, 255, 255, 846.5853881835938, 846.5853881835938
28642695, 255, 255, 843.9024658203125, 843.9024658203125
28649976, 136, 136, 872.6829223632812, 872.6829223632812
28652143, 255, 255, 801.0365600585938, 801.0365600585938
28657325, 195, 195, 860.9146118164062, 860.9146118164062
28659485, 255, 255, 839.756103515625, 839.756103515625
28671006, 216, 216, 856.7073364257812, 856.7073364257812
28673495, 92, 92, 881.5244140625, 881.5244140625
28675721, 111, 111, 877.6829223632812, 877.6829223632812
28693742, 168, 168, 866.219482421875, 866.219482421875
28697346, 67, 67, 886.5853881835938, 886.5853881835938
28699813, 42, 42, 908.4146118164062, 908.4146118164062
28701956, 60, 60, 912.1951293945312, 912.1951293945312
28715714, 85, 85, 882.9268188476562, 882.9268188476562
28718226, 35, 35, 892.8658447265625, 892.8658447265625
28720379, 40, 40, 891.8902587890625, 891.8902587890625
28738413, 86, 86, 882.6219482421875, 882.6219482421875
28740917, 67, 67, 886.4634399414062, 886.4634399414062
28743147, 161, 161, 867.743896484375, 867.743896484375
28754596, 32, 32, 893.5975341796875, 893.5975341796875
28757454, 99, 99, 880.1829223632812, 880.1829223632812
28760455, 77, 77, 884.4512329101562, 884.4512329101562
28762608, 235, 235, 852.9268188476562, 852.9268188476562
28769903, 47, 47, 890.5487670898438, 890.5487670898438
28772139, 153, 153, 869.3292846679688, 869.3292846679688
28784111, 255, 255, 826.4634399414062, 826.4634399414062
28786276, 189, 189, 862.1951293945312, 862.1951293945312
28797957, 145, 145, 870.8536376953125, 870.8536376953125
28800119, 216, 216, 856.6463623046875, 856.6463623046875
28827528, 209, 209, 858.1097412109375, 858.1097412109375
28830007, 26, 26, 905.243896484375, 905.243896484375
28832162, 122, 122, 875.4268188476562, 875.4268188476562
28843700, 203, 203, 859.3902587890625, 859.3902587890625
28845872, 255, 255, 808.8414916992188, 808.8414916992188
28857410, 255, 255, 843.2926635742188, 843.2926635742188
28859568, 61, 61, 912.3780517578125, 912.3780517578125
28873240, 221, 221, 855.7926635742188, 855.7926635742188
28875399, 9, 9, 898.1707153320312, 898.1707153320312
28887429, 104, 104, 879.0244140625, 879.0244140625
28889593, 122, 122, 875.48779296875, 875.48779296875
28896916, 66, 66, 886.768310546875, 886.768310546875
28899085, 221, 221, 855.7926635742188, 855.7926635742188
28910896, 255, 255, 815.48779296875, 815.48779296875
28913396, 255, 255, 830.9146118164062, 830.9146118164062
28915552, 255, 255, 835.1829223632812, 835.1829223632812
28933983, 255, 255, 752.01220703125, 752.01220703125
28937388, 255, 255, 752.4390258789062, 752.4390258789062
28939542, 255, 255, 766.768310546875, 766.768310546875
28955454, 255, 255, 716.280517578125, 716.280517578125
28957972, 255, 255, 769.0244140625, 769.0244140625
28960205, 255, 255, 751.280517578125, 751.280517578125
28978215, 255, 255, 740.8536376953125, 740.8536376953125
28981909, 255, 255, 803.2926635742188, 803.2926635742188
28984374, 255, 255, 792.3170776367188, 792.3170776367188
28986526, 255, 255, 761.3414916992188, 761.3414916992188
28996890, 255, 255, 761.5853881835938, 761.5853881835938
28999380, 255, 255, 769.5731811523438, 769.5731811523438
29001531, 255, 255, 755.0609741210938, 755.0609741210938
29011843, 255, 255, 822.1951293945312, 822.1951293945312
29014324, 255, 255, 822.0731811523438, 822.0731811523438
29016467, 255, 255, 782.1341552734375, 782.1341552734375
29030236, 255, 255, 790.6707153320312, 790.6707153320312
29032749, 255, 255, 798.3536376953125, 798.3536376953125
29034976, 200, 200, 859.9390258789062, 859.9390258789062
29044811, 150, 150, 869.8780517578125, 869.8780517578125
29046967, 255, 255, 832.1341552734375, 832.1341552734375
29054252, 255, 255, 846.8902587890625, 846.8902587890625
29056409, 255, 255, 843.6585083007812, 843.6585083007812
29068146, 59, 59, 911.9512329101562, 911.9512329101562
29070311, 106, 106, 878.719482421875, 878.719482421875
29090388, 128, 128, 874.3902587890625, 874.3902587890625
29092558, 25, 25, 894.9390258789062, 894.9390258789062
29104583, 7, 7, 898.5365600585938, 898.5365600585938
29106755, 153, 153, 930.7926635742188, 930.7926635742188
29114037, 255, 255, 840.731689453125, 840.731689453125
29116202, 255, 255, 833.2926635742188, 833.2926635742188
29123503, 216, 216, 856.6463623046875, 856.6463623046875
29125755, 193, 193, 861.3414916992188, 861.3414916992188
29143621, 116, 116, 876.7073364257812, 876.7073364257812
29146782, 255, 255, 833.8414916992188, 833.8414916992188
29149743, 255, 255, 802.1951293945312, 802.1951293945312
29151896, 255, 255, 847.8048706054688, 847.8048706054688
29159185, 255, 255, 825.7926635742188, 825.7926635742188
29161350, 146, 146, 870.6097412109375, 870.6097412109375
29181394, 255, 255, 848.3536376953125, 848.3536376953125
29183553, 195, 195, 860.9755859375, 860.9755859375
29195077, 180, 180, 863.9634399414062, 863.9634399414062
29197238, 255, 255, 840.8536376953125, 840.8536376953125
29210899, 255, 255, 837.9268188476562, 837.9268188476562
29213054, 255, 255, 780.3658447265625, 780.3658447265625
29220843, 7, 7, 901.5244140625, 901.5244140625
29223086, 255, 255, 682.1341552734375, 682.1341552734375
29238892, 131, 131, 926.3414916992188, 926.3414916992188
29241393, 255, 255, 836.219482421875, 836.219482421875
29243545, 255, 255, 740.1219482421875, 740.1219482421875
29255068, 221, 221, 855.6097412109375, 855.6097412109375
29257225, 255, 255, 819.6341552734375, 819.6341552734375
29269232, 255, 255, 815.0, 815.0
29271397, 255, 255, 825.7926635742188, 825.7926635742188
29287196, 255, 255, 758.1097412109375, 758.1097412109375
29289437, 255, 255, 828.9634399414062, 828.9634399414062
29299255, 255, 255, 813.8414916992188, 813.8414916992188
29301414, 75, 75, 885.0, 885.0
29308690, 253, 253, 849.268310546875, 849.268310546875
29310850, 255, 255, 842.3170776367188, 842.3170776367188
29318160, 255, 255, 824.0244140625, 824.0244140625
29320413, 73, 73, 885.243896484375, 885.243896484375
29329838, 123, 123, 875.243896484375, 875.243896484375
29332351, 255, 255, 833.9634399414062, 833.9634399414062
29334506, 255, 255, 829.8780517578125, 829.8780517578125
29358908, 255, 255, 837.98779296875, 837.98779296875
29361419, 255, 255, 843.9024658203125, 843.9024658203125
29363652, 211, 211, 857.743896484375, 857.743896484375
29375654, 255, 255, 822.4390258789062, 822.4390258789062
29377819, 255, 255, 834.4512329101562, 834.4512329101562
29404325, 255, 255, 824.3292846679688, 824.3292846679688
29406490, 255, 255, 840.5487670898438, 840.5487670898438
29420676, 47, 47, 890.48779296875, 890.48779296875
29422847, 254, 254, 849.1463623046875, 849.1463623046875
29434371, 79, 79, 915.9146118164062, 915.9146118164062
29436530, 255, 255, 846.4024658203125, 846.4024658203125
29449101, 255, 255, 772.256103515625, 772.256103515625
29451269, 227, 227, 854.5731811523438, 854.5731811523438
29465305, 146, 146, 870.7926635742188, 870.7926635742188
29467470, 228, 228, 854.2073364257812, 854.2073364257812
29472807, 255, 255, 820.5487670898438, 820.5487670898438
29474965, 129, 129, 874.0244140625, 874.0244140625
29488650, 227, 227, 854.4512329101562, 854.4512329101562
29491408, 255, 255, 837.5, 837.5
29493901, 238, 238, 852.3780517578125, 852.3780517578125
29496052, 44, 44, 891.0365600585938, 891.0365600585938
29512234, 221, 221, 855.6097412109375, 855.6097412109375
29515638, 141, 141, 871.6463623046875, 871.6463623046875
29517789, 5, 5, 898.9634399414062, 898.9634399414062
29533595, 108, 108, 921.7073364257812, 921.7073364257812
29535835, 96, 96, 919.3902587890625, 919.3902587890625
29547840, 14, 14, 902.8048706054688, 902.8048706054688
29549998, 162, 162, 867.4390258789062, 867.4390258789062
29561645, 4, 4, 900.9755859375, 900.9755859375
29563814, 141, 141, 928.231689453125, 928.231689453125
29583981, 255, 255, 843.9634399414062, 843.9634399414062
29586487, 255, 255, 842.5609741210938, 842.5609741210938
29588717, 255, 255, 802.743896484375, 802.743896484375
29593795, 255, 255, 756.4024658203125, 756.4024658203125
29596049, 255, 255, 758.6585083007812, 758.6585083007812
29601122, 255, 255, 776.7073364257812, 776.7073364257812
29603291, 255, 255, 785.1829223632812, 785.1829223632812
29608489, 255, 255, 817.1951293945312, 817.1951293945312
29610647, 255, 255, 836.5244140625, 836.5244140625
29637094, 255, 255, 809.9390258789062, 809.9390258789062
29639259, 255, 255, 802.9268188476562, 802.9268188476562
29666188, 255, 255, 769.268310546875, 769.268310546875
29668356, 255, 255, 812.01220703125, 812.01220703125
29675647, 255, 255, 782.8658447265625, 782.8658447265625
29677818, 255, 255, 808.2926635742188, 808.2926635742188
29685856, 255, 255, 828.1097412109375, 828.1097412109375
29688849, 255, 255, 839.3902587890625, 839.3902587890625
29691002, 255, 255, 817.5609741210938, 817.5609741210938
29698279, 255, 255, 847.256103515625, 847.256103515625
29700437, 228, 228, 854.3292846679688, 854.3292846679688
29705623, 153, 153, 869.3292846679688, 869.3292846679688
29707778, 255, 255, 845.8536376953125, 845.8536376953125
29725789, 255, 255, 837.6219482421875, 837.6219482421875
29728302, 119, 119, 876.0975341796875, 876.0975341796875
29730531, 110, 110, 877.9268188476562, 877.9268188476562
29771049, 86, 86, 882.743896484375, 882.743896484375
29773205, 191, 191, 938.3536376953125, 938.3536376953125
29787392, 255, 255, 828.780517578125, 828.780517578125
29789552, 255, 255, 847.01220703125, 847.01220703125
29801246, 228, 228, 854.3292846679688, 854.3292846679688
29803405, 14, 14, 902.8048706054688, 902.8048706054688
29815951, 255, 255, 826.219482421875, 826.219482421875
29818105, 255, 255, 809.51220703125, 809.51220703125
29832305, 255, 255, 828.780517578125, 828.780517578125
29834472, 1, 1, 899.6341552734375, 899.6341552734375
29848118, 57, 57, 888.5365600585938, 888.5365600585938
29850361, 244, 244, 851.0975341796875, 851.0975341796875
29868714, 255, 255, 847.8658447265625, 847.8658447265625
29870868, 146, 146, 870.6707153320312, 870.6707153320312
29883348, 255, 255, 813.2926635742188, 813.2926635742188
29885508, 195, 195, 860.9146118164062, 860.9146118164062
29914086, 255, 255, 817.8048706054688, 817.8048706054688
29916243, 255, 255, 791.4634399414062, 791.4634399414062
29928253, 255, 255, 789.268310546875, 789.268310546875
29930408, 255, 255, 837.3780517578125, 837.3780517578125
29946220, 255, 255, 837.3170776367188, 837.3170776367188
29948378, 255, 255, 826.219482421875, 826.219482421875
29966578, 255, 255, 752.3780517578125, 752.3780517578125
29969519, 85, 85, 882.8658447265625, 882.8658447265625
29971673, 255, 255, 823.9634399414062, 823.9634399414062
29989581, 255, 255, 744.4512329101562, 744.4512329101562
29991749, 255, 255, 840.243896484375, 840.243896484375
30018643, 255, 255, 757.98779296875, 757.98779296875
30020809, 255, 255, 765.3048706054688, 765.3048706054688
30034475, 255, 255, 780.4268188476562, 780.4268188476562
30036648, 255, 255, 838.780517578125, 838.780517578125
30044440, 255, 255, 807.1341552734375, 807.1341552734375
30046688, 255, 255, 788.4755859375, 788.4755859375
30056100, 255, 255, 796.1585083007812, 796.1585083007812
30059785, 255, 255, 798.231689453125, 798.231689453125
30061935, 255, 255, 808.4755859375, 808.4755859375
30086315, 255, 255, 838.5365600585938, 838.5365600585938
30088476, 191, 191, 861.6463623046875, 861.6463623046875
30102133, 194, 194, 861.1585083007812, 861.1585083007812
30104291, 146, 146, 870.6707153320312, 870.6707153320312
30111600, 124, 124, 875.1219482421875, 875.1219482421875
30113756, 124, 124, 875.0609741210938, 875.0609741210938
30131788, 15, 15, 903.1097412109375, 903.1097412109375
30134299, 124, 124, 875.1219482421875, 875.1219482421875
30136533, 126, 126, 874.6951293945312, 874.6951293945312
30145973, 41, 41, 891.768310546875, 891.768310546875
30148487, 214, 214, 942.98779296875, 942.98779296875
30150711, 87, 87, 917.5609741210938, 917.5609741210938
30160264, 148, 148, 929.6951293945312, 929.6951293945312
30162770, 28, 28, 905.731689453125, 905.731689453125
30165009, 72, 72, 914.5731811523438, 914.5731811523438
30176966, 3, 3, 900.6097412109375, 900.6097412109375
30179134, 67, 67, 886.4024658203125, 886.4024658203125
30190682, 9, 9, 901.8292846679688, 901.8292846679688