25294225, 0, 0, -2.1341464519500732, 0.0
25298916, 0, 0, 0.4268292784690857, 0.0
25300888, 0, 0, 1.8902438879013062, 0.0
25307822, 0, 0, -0.6707317233085632, 0.0
25309882, 0, 0, 1.7682926654815674, 0.0
25318556, 0, 0, 1.8292683362960815, 0.0
25320879, 0, 0, -0.4878048896789551, 0.0
25323296, 0, 0, 2.0731706619262695, 0.0
25325341, 0, 0, 3.353658437728882, 0.0
25334488, 180, 180, 2.1341464519500732, 0.0
25337051, 180, 180, -2.987804889678955, 0.0
25339334, 180, 180, 1.4634146690368652, 0.0
25344508, 180, 180, 0.9146341681480408, 0.0
25346812, 180, 180, -3.2317073345184326, 0.0
25351970, 180, 180, 4.756097793579102, 0.0
25354267, 180, 180, -1.7073171138763428, 0.0
25359452, 180, 180, -33.53658676147461, 0.0
25361748, 180, 180, 39.817073822021484, 0.0
25366920, 180, 180, 114.39024353027344, 0.0
25369217, 180, 180, 65.0, 0.0
25374395, 180, 180, 76.15853881835938, 0.0
25376613, 180, 180, 134.3292694091797, 0.0
25388391, 180, 180, 78.29268646240234, 0.0
25390609, 180, 180, 105.36585235595703, 0.0
25402512, 180, 180, 124.57317352294922, 0.0
25405075, 180, 180, 121.03658294677734, 0.0
25407365, 180, 180, 126.09756469726562, 0.0
25412662, 180, 180, 117.43902587890625, 0.0
25414959, 180, 180, 112.07317352294922, 0.0
25420571, 180, 180, 140.60975646972656, 0.0
25422871, 180, 180, 142.6219482421875, 0.0
25429156, 180, 180, 174.81707763671875, 0.0
25431372, 180, 180, 176.40243530273438, 0.0
25444147, 180, 180, 147.56097412109375, 0.0
25446685, 180, 180, 170.36585998535156, 0.0
25448891, 180, 180, 168.71951293945312, 0.0
25456335, 180, 180, 167.86585998535156, 0.0
25459165, 180, 180, 199.0853729248047, 0.0
25462149, 180, 180, 186.46340942382812, 0.0
25464351, 180, 180, 185.48780822753906, 0.0
25472024, 180, 180, 187.3780517578125, 0.0
25474829, 180, 180, 175.60975646972656, 0.0
25477378, 180, 180, 177.68292236328125, 0.0
25479580, 180, 180, 173.53659057617188, 0.0
25491999, 180, 180, 209.5731658935547, 0.0
25494560, 180, 180, 213.23170471191406, 0.0
25496846, 180, 180, 203.53659057617188, 0.0
25502024, 180, 180, 176.40243530273438, 0.0
25504327, 180, 180, 224.81707763671875, 0.0
25509511, 180, 180, 214.39024353027344, 0.0
25511810, 180, 180, 222.31707763671875, 0.0
25516982, 180, 180, 214.39024353027344, 0.0
25519283, 180, 180, 203.65853881835938, 0.0
25524856, 180, 180, 224.4512176513672, 0.0
25527071, 180, 180, 239.14634704589844, 0.0
25541557, 180, 180, 227.31707763671875, 0.0
25544488, 180, 180, 257.98779296875, 0.0
25546688, 180, 180, 252.743896484375, 0.0
25554396, 180, 180, 237.43902587890625, 0.0
25557835, 180, 180, 218.1707305908203, 0.0
25560032, 180, 180, 249.5731658935547, 0.0
25574115, 180, 180, 247.31707763671875, 0.0
25576674, 180, 180, 248.78048706054688, 0.0
25578955, 180, 180, 256.7073059082031, 0.0
25589357, 180, 180, 262.80487060546875, 0.0
25591572, 180, 180, 306.4634094238281, 0.0
25599028, 180, 180, 236.76829528808594, 0.0
25601328, 180, 180, 246.03659057617188, 0.0
25611720, 180, 180, 269.2682800292969, 0.0
25613941, 180, 180, 301.7073059082031, 0.0
25621382, 180, 180, 225.30487060546875, 0.0
25623686, 180, 180, 300.18292236328125, 0.0
25634581, 180, 180, 240.73170471191406, 0.0
25636802, 180, 180, 253.4146270751953, 0.0
25649507, 180, 180, 249.8780517578125, 0.0
25651723, 180, 180, 300.30487060546875, 0.0
25664433, 180, 180, 253.90243530273438, 0.0
25666650, 180, 180, 240.97561645507812, 0.0
25679306, 180, 180, 308.6585388183594, 0.0
25681519, 180, 180, 279.756103515625, 0.0
25702161, 180, 180, 315.243896484375, 0.0
25704724, 180, 180, 301.0365905761719, 0.0
25707015, 180, 180, 320.3658447265625, 0.0
25712641, 180, 180, 317.68292236328125, 0.0
25714941, 180, 180, 313.7804870605469, 0.0
25721233, 180, 180, 339.93902587890625, 0.0
25723447, 180, 180, 322.8658447265625, 0.0
25736208, 180, 180, 302.743896484375, 0.0
25738748, 180, 180, 334.51220703125, 0.0
25740950, 180, 180, 338.5975646972656, 0.0
25748396, 180, 180, 382.68292236328125, 0.0
25751240, 180, 180, 376.5243835449219, 0.0
25754204, 180, 180, 337.80487060546875, 0.0
25756408, 180, 180, 348.2317199707031, 0.0
25764083, 180, 180, 387.80487060546875, 0.0
25766894, 180, 180, 324.57318115234375, 0.0
25769439, 180, 180, 329.3292541503906, 0.0
25771637, 180, 180, 332.3780517578125, 0.0
25779089, 180, 180, 444.0243835449219, 0.0
25781893, 180, 180, 413.1707458496094, 0.0
25784434, 180, 180, 395.42681884765625, 0.0
25786634, 180, 180, 399.3902587890625, 0.0
25794082, 180, 180, 384.69512939453125, 0.0
25796893, 180, 180, 414.81707763671875, 0.0
25799440, 180, 180, 391.5853576660156, 0.0
25801643, 180, 180, 352.743896484375, 0.0
25809092, 180, 180, 407.92681884765625, 0.0
25811895, 180, 180, 395.48779296875, 0.0
25814443, 180, 180, 389.2682800292969, 0.0
25816646, 180, 180, 425.6707458496094, 0.0
25824089, 180, 180, 434.51220703125, 0.0
25826898, 180, 180, 375.54876708984375, 0.0
25829445, 180, 180, 396.7682800292969, 0.0
25831643, 180, 180, 385.06097412109375, 0.0
25845809, 180, 180, 474.3292541503906, 0.0
25848617, 180, 180, 423.7195129394531, 0.0
25851602, 180, 180, 413.4146423339844, 0.0
25853806, 180, 180, 438.6585388183594, 0.0
25861452, 180, 180, 405.1219482421875, 0.0
25864255, 180, 180, 386.5243835449219, 0.0
25866806, 180, 180, 403.4756164550781, 0.0
25869007, 180, 180, 440.3658447265625, 0.0
25876460, 180, 180, 443.1097412109375, 0.0
25879262, 180, 180, 459.0243835449219, 0.0
25881805, 180, 180, 466.3414611816406, 0.0
25884004, 180, 180, 439.1463317871094, 0.0
25891452, 180, 180, 421.8902587890625, 0.0
25894255, 180, 180, 401.7682800292969, 0.0
25896802, 180, 180, 465.9756164550781, 0.0
25899000, 180, 180, 531.0365600585938, 0.0
25906445, 180, 180, 478.7804870605469, 0.0
25909875, 180, 180, 390.7926940917969, 0.0
25912078, 180, 180, 473.4756164550781, 0.0
25926169, 180, 180, 418.2317199707031, 0.0
25928730, 180, 180, 456.5853576660156, 0.0
25931017, 180, 180, 468.1707458496094, 0.0
25941446, 180, 180, 492.31707763671875, 0.0
25943661, 180, 180, 422.43902587890625, 0.0
25956044, 180, 180, 423.6585388183594, 0.0
25958604, 180, 180, 510.6097412109375, 0.0
25960887, 180, 180, 552.256103515625, 0.0
25979619, 180, 180, 505.42681884765625, 0.0
25981834, 180, 180, 447.19512939453125, 0.0
25989279, 180, 180, 537.743896484375, 0.0
25991495, 180, 180, 530.3048706054688, 0.0
26002487, 180, 180, 511.4634094238281, 0.0
26004703, 180, 180, 489.3902587890625, 0.0
26016604, 180, 180, 482.56097412109375, 0.0
26019166, 180, 180, 448.7195129394531, 0.0
26021452, 180, 180, 521.9512329101562, 0.0
26026744, 180, 180, 514.2073364257812, 0.0
26029044, 180, 180, 466.2195129394531, 0.0
26034687, 180, 180, 515.7926635742188, 0.0
26036989, 180, 180, 533.6585083007812, 0.0
26043290, 180, 180, 493.2317199707031, 0.0
26045507, 180, 180, 508.4146423339844, 0.0
26058254, 180, 180, 540.3048706054688, 0.0
26060792, 180, 180, 487.256103515625, 0.0
26062992, 180, 180, 480.30487060546875, 0.0
26070618, 180, 180, 505.7926940917969, 0.0
26073427, 180, 180, 484.0243835449219, 0.0
26076378, 180, 180, 511.4024353027344, 0.0
26078580, 180, 180, 480.7926940917969, 0.0
26086025, 180, 180, 504.6341552734375, 0.0
26088329, 180, 180, 565.5487670898438, 0.0
26093511, 180, 180, 552.01220703125, 0.0
26095804, 180, 180, 575.4268188476562, 0.0
26106129, 180, 180, 591.4024658203125, 0.0
26108348, 180, 180, 489.0243835449219, 0.0
26121124, 180, 180, 518.0487670898438, 0.0
26123345, 180, 180, 513.0487670898438, 0.0
26136064, 180, 180, 605.243896484375, 0.0
26138284, 180, 180, 521.5244140625, 0.0
26150991, 180, 180, 524.8170776367188, 0.0
26153204, 180, 180, 567.8658447265625, 0.0
26166350, 180, 180, 493.5975646972656, 0.0
26168569, 180, 180, 522.6219482421875, 0.0
26181286, 180, 180, 567.743896484375, 0.0
26183503, 180, 180, 493.4756164550781, 0.0
26196220, 180, 180, 523.2926635742188, 0.0
26198437, 180, 180, 518.1707153320312, 0.0
26211151, 180, 180, 506.5853576660156, 0.0
26213369, 180, 180, 535.4268188476562, 0.0
26226080, 180, 180, 553.1707153320312, 0.0
26228296, 180, 180, 577.1341552734375, 0.0
26240951, 180, 180, 565.6097412109375, 0.0
26243167, 180, 180, 560.9146118164062, 0.0
26250608, 180, 180, 554.5731811523438, 0.0
26252909, 180, 180, 547.6829223632812, 0.0
26263324, 180, 180, 543.719482421875, 0.0
26265542, 180, 180, 606.3414916992188, 0.0
26272995, 180, 180, 548.2926635742188, 0.0
26275293, 180, 180, 521.4024658203125, 0.0
26286179, 180, 180, 551.5244140625, 0.0
26288398, 180, 180, 567.3780517578125, 0.0
26295838, 180, 180, 561.4634399414062, 0.0
26298142, 180, 180, 570.731689453125, 0.0
26303323, 180, 180, 550.3658447265625, 0.0
26305535, 180, 180, 550.9146118164062, 0.0
26317396, 180, 180, 542.6829223632812, 0.0
26319614, 180, 180, 566.5853881835938, 0.0
26331983, 180, 180, 569.268310546875, 0.0
26334675, 180, 180, 571.280517578125, 0.0
26336988, 180, 180, 557.3780517578125, 0.0
26346614, 180, 180, 505.0, 0.0
26349594, 180, 180, 543.0487670898438, 0.0
26351884, 180, 180, 575.9146118164062, 0.0
26361560, 180, 180, 536.280517578125, 0.0
26364580, 180, 180, 546.5244140625, 0.0
26366864, 180, 180, 594.3292846679688, 0.0
26376531, 180, 180, 596.4634399414062, 0.0
26379551, 180, 180, 618.5365600585938, 0.0
26381840, 180, 180, 589.4512329101562, 0.0
26391513, 180, 180, 582.5609741210938, 0.0
26394536, 180, 180, 574.0244140625, 0.0
26396818, 180, 180, 583.3536376953125, 0.0
26406492, 180, 180, 545.0, 0.0
26409514, 180, 180, 570.9146118164062, 0.0
26411804, 180, 180, 615.1219482421875, 0.0
26421473, 180, 180, 563.4755859375, 0.0
26424499, 180, 180, 583.780517578125, 0.0
26426783, 180, 180, 595.0609741210938, 0.0
26436444, 180, 180, 587.0731811523438, 0.0
26439469, 180, 180, 612.743896484375, 0.0
26441754, 180, 180, 608.231689453125, 0.0
26451435, 180, 180, 556.7073364257812, 0.0
26454447, 180, 180, 592.3780517578125, 0.0
26456730, 180, 180, 611.5244140625, 0.0
26466400, 180, 180, 626.6463623046875, 0.0
26469437, 180, 180, 603.4146118164062, 0.0
26471723, 180, 180, 559.6341552734375, 0.0
26481387, 180, 180, 622.9268188476562, 0.0
26484416, 180, 180, 582.3170776367188, 0.0
26486701, 180, 180, 540.9755859375, 0.0
26496378, 180, 180, 517.5609741210938, 0.0
26499386, 180, 180, 613.231689453125, 0.0
26501671, 180, 180, 536.1585083007812, 0.0
26511340, 180, 180, 573.8414916992188, 0.0
26514364, 180, 180, 580.48779296875, 0.0
26516650, 180, 180, 577.743896484375, 0.0
26526341, 180, 180, 586.6463623046875, 0.0
26529792, 180, 180, 570.1829223632812, 0.0
26531991, 180, 180, 575.3048706054688, 0.0
26548269, 180, 180, 586.8902587890625, 0.0
26550830, 180, 180, 614.3292846679688, 0.0
26553120, 180, 180, 574.8780517578125, 0.0
26558289, 180, 180, 620.3048706054688, 0.0
26560589, 180, 180, 613.8414916992188, 0.0
26565779, 180, 180, 589.0853881835938, 0.0
26568081, 180, 180, 594.2073364257812, 0.0
26573257, 180, 180, 598.8414916992188, 0.0
26575558, 180, 180, 606.9512329101562, 0.0
26580731, 180, 180, 612.9268188476562, 0.0
26583035, 180, 180, 604.8780517578125, 0.0
26588204, 180, 180, 590.1219482421875, 0.0
26590505, 180, 180, 574.3902587890625, 0.0
26595686, 180, 180, 624.756103515625, 0.0
26597983, 180, 180, 634.1463623046875, 0.0
26603163, 180, 180, 623.1707153320312, 0.0
26605460, 180, 180, 607.6829223632812, 0.0
26610635, 180, 180, 580.731689453125, 0.0
26612941, 180, 180, 581.9512329101562, 0.0
26618114, 180, 180, 626.0365600585938, 0.0
26620414, 180, 180, 619.8780517578125, 0.0
26625588, 180, 180, 615.3048706054688, 0.0
26627889, 180, 180, 596.4024658203125, 0.0
26633063, 180, 180, 584.8170776367188, 0.0
26635362, 180, 180, 610.3658447265625, 0.0
26640536, 180, 180, 640.48779296875, 0.0
26642836, 180, 180, 648.1097412109375, 0.0
26648014, 180, 180, 538.4755859375, 0.0
26650315, 180, 180, 515.3658447265625, 0.0
26655492, 180, 180, 625.243896484375, 0.0
26657791, 180, 180, 589.8780517578125, 0.0
26662972, 180, 180, 639.6341552734375, 0.0
26665274, 180, 180, 655.1829223632812, 0.0
26670449, 180, 180, 612.1951293945312, 0.0
26672754, 180, 180, 571.8292846679688, 0.0
26677932, 180, 180, 616.768310546875, 0.0
26680232, 180, 180, 624.1463623046875, 0.0
26685407, 180, 180, 579.4512329101562, 0.0
26687713, 180, 180, 599.3902587890625, 0.0
26692887, 180, 180, 571.3414916992188, 0.0
26695190, 180, 180, 558.3536376953125, 0.0
26700360, 180, 180, 639.6341552734375, 0.0
26702662, 180, 180, 625.731689453125, 0.0
26707833, 180, 180, 517.6829223632812, 0.0
26710052, 180, 180, 585.48779296875, 0.0
26721907, 180, 180, 634.51220703125, 0.0
26724127, 180, 180, 575.9755859375, 0.0
26736055, 180, 180, 592.6219482421875, 0.0
26739065, 180, 180, 601.4024658203125, 0.0
26741350, 180, 180, 622.5609741210938, 0.0
26751041, 180, 180, 583.9634399414062, 0.0
26754041, 180, 180, 585.243896484375, 0.0
26756322, 180, 180, 615.9755859375, 0.0
26766024, 180, 180, 582.5609741210938, 0.0
26769029, 180, 180, 578.4755859375, 0.0
26771316, 180, 180, 594.2073364257812, 0.0
26781002, 180, 180, 617.1341552734375, 0.0
26784005, 180, 180, 578.1707153320312, 0.0
26786289, 180, 180, 596.0975341796875, 0.0
26795972, 180, 180, 645.0609741210938, 0.0
26798984, 180, 180, 646.3414916992188, 0.0
26801265, 180, 180, 618.3536376953125, 0.0
26817852, 180, 180, 613.780517578125, 0.0
26820388, 180, 180, 587.8048706054688, 0.0
26822673, 180, 180, 609.4512329101562, 0.0
26832577, 180, 180, 603.1707153320312, 0.0
26835147, 180, 180, 652.1341552734375, 0.0
26837934, 180, 180, 640.731689453125, 0.0
26840482, 180, 180, 642.98779296875, 0.0
26842686, 180, 180, 613.1097412109375, 0.0
26850133, 180, 180, 602.01220703125, 0.0
26852939, 180, 180, 626.8902587890625, 0.0
26855483, 180, 180, 634.1463623046875, 0.0
26857683, 180, 180, 661.4634399414062, 0.0
26865135, 180, 180, 629.1463623046875, 0.0
26867939, 180, 180, 659.1463623046875, 0.0
26870485, 180, 180, 612.01220703125, 0.0
26872689, 180, 180, 650.0, 0.0
26880142, 180, 180, 646.768310546875, 0.0
26882943, 180, 180, 609.268310546875, 0.0
26885487, 180, 180, 652.1341552734375, 0.0
26887687, 180, 180, 645.1219482421875, 0.0
26895140, 180, 180, 627.5, 0.0
26897941, 180, 180, 663.9024658203125, 0.0
26900491, 180, 180, 692.8658447265625, 0.0
26902692, 180, 180, 662.8048706054688, 0.0
26910771, 180, 180, 614.3292846679688, 0.0
26914248, 180, 180, 660.0, 0.0
26916449, 180, 180, 620.4268188476562, 0.0
26927072, 180, 180, 660.4268188476562, 0.0
26929611, 180, 180, 662.9268188476562, 0.0
26931815, 180, 180, 664.51220703125, 0.0
26939256, 180, 180, 640.6707153320312, 0.0
26942107, 180, 180, 669.8170776367188, 0.0
26945058, 180, 180, 652.98779296875, 0.0
26947257, 180, 180, 647.6829223632812, 0.0
26954949, 180, 180, 658.5365600585938, 0.0
26957752, 180, 180, 635.731689453125, 0.0
26960296, 180, 180, 678.6585083007812, 0.0
26962497, 180, 180, 667.5609741210938, 0.0
26969950, 180, 180, 656.768310546875, 0.0
26972752, 180, 180, 647.4390258789062, 0.0
26975297, 180, 180, 645.0, 0.0
26977499, 180, 180, 634.6341552734375, 0.0
26984953, 180, 180, 678.780517578125, 0.0
26987755, 180, 180, 672.3170776367188, 0.0
26990298, 180, 180, 647.6829223632812, 0.0
26992502, 180, 180, 645.1219482421875, 0.0
26999956, 180, 180, 668.0487670898438, 0.0
27002765, 180, 180, 663.4146118164062, 0.0
27005311, 180, 180, 657.98779296875, 0.0
27007512, 180, 180, 675.0609741210938, 0.0
27014962, 180, 180, 696.0975341796875, 0.0
27017764, 180, 180, 658.3536376953125, 0.0
27020311, 180, 180, 673.8414916992188, 0.0
27022515, 180, 180, 643.2926635742188, 0.0
27029965, 180, 180, 697.0731811523438, 0.0
27032772, 180, 180, 695.48779296875, 0.0
27035317, 180, 180, 667.6219482421875, 0.0
27037519, 180, 180, 689.2073364257812, 0.0
27044965, 180, 180, 685.731689453125, 0.0
27047771, 180, 180, 676.5853881835938, 0.0
27050318, 180, 180, 677.5, 0.0
27052521, 180, 180, 677.8658447265625, 0.0
27059971, 180, 180, 679.6341552734375, 0.0
27062270, 180, 180, 694.756103515625, 0.0
27072686, 180, 180, 687.8048706054688, 0.0
27074905, 180, 180, 701.0365600585938, 0.0
27087563, 180, 180, 681.8902587890625, 0.0
27089776, 180, 180, 682.0731811523438, 0.0
27102436, 180, 180, 699.0853881835938, 0.0
27104652, 180, 180, 722.0731811523438, 0.0
27117373, 180, 180, 693.780517578125, 0.0
27119591, 180, 180, 672.8658447265625, 0.0
27131969, 180, 180, 711.7073364257812, 0.0
27134533, 180, 180, 724.51220703125, 0.0
27136819, 180, 180, 714.0244140625, 0.0
27141998, 180, 180, 716.768310546875, 0.0
27144302, 180, 180, 724.3902587890625, 0.0
27149473, 180, 180, 668.5975341796875, 0.0
27151770, 180, 180, 710.7926635742188, 0.0
27156943, 180, 180, 724.3902587890625, 0.0
27159242, 180, 180, 707.8658447265625, 0.0
27164423, 180, 180, 721.8292846679688, 0.0
27166724, 180, 180, 735.243896484375, 0.0
27171890, 180, 180, 720.0, 0.0
27174192, 180, 180, 719.756103515625, 0.0
27179361, 180, 180, 734.6341552734375, 0.0
27181575, 180, 180, 690.8536376953125, 0.0
27193329, 180, 180, 697.9268188476562, 0.0
27195544, 180, 180, 724.4512329101562, 0.0
27207448, 180, 180, 736.219482421875, 0.0
27210012, 180, 180, 716.6463623046875, 0.0
27212302, 180, 180, 692.8048706054688, 0.0
27217598, 180, 180, 747.6219482421875, 0.0
27219897, 180, 180, 742.98779296875, 0.0
27225390, 180, 180, 738.5975341796875, 0.0
27227689, 180, 180, 762.8658447265625, 0.0
27234057, 180, 180, 712.8048706054688, 0.0
27236275, 180, 180, 706.8902587890625, 0.0
27249087, 180, 180, 746.5853881835938, 0.0
27251627, 180, 180, 736.8902587890625, 0.0
27253829, 180, 180, 728.5975341796875, 0.0
27261455, 180, 180, 719.0853881835938, 0.0
27264268, 180, 180, 719.8170776367188, 0.0
27267239, 180, 180, 724.268310546875, 0.0
27269440, 180, 180, 730.1219482421875, 0.0
27276936, 180, 180, 751.8292846679688, 0.0
27279237, 180, 180, 725.243896484375, 0.0
27289672, 180, 180, 786.5244140625, 0.0
27291889, 180, 180, 744.6341552734375, 0.0
27312535, 180, 180, 772.743896484375, 0.0
27314750, 180, 180, 771.3414916992188, 0.0
27326656, 180, 180, 720.0609741210938, 0.0
27329219, 180, 180, 748.2926635742188, 0.0
27331507, 180, 180, 769.8780517578125, 0.0
27350207, 180, 180, 731.219482421875, 0.0
27352422, 180, 180, 759.2073364257812, 0.0
27359868, 180, 180, 753.719482421875, 0.0
27362170, 180, 180, 765.3048706054688, 0.0
27367464, 180, 180, 742.8048706054688, 0.0
27369765, 180, 180, 733.4755859375, 0.0
27375715, 180, 180, 765.9755859375, 0.0
27378011, 180, 180, 771.1585083007812, 0.0
27387673, 180, 180, 759.4512329101562, 0.0
27390683, 180, 180, 748.4755859375, 0.0
27392967, 180, 180, 748.8414916992188, 0.0
27402660, 180, 180, 752.8048706054688, 0.0
27405668, 180, 180, 784.8780517578125, 0.0
27407951, 180, 180, 795.6097412109375, 0.0
27417554, 180, 180, 728.780517578125, 0.0
27420644, 180, 180, 771.3414916992188, 0.0
27422930, 180, 180, 786.3414916992188, 0.0
27432617, 180, 180, 761.8292846679688, 0.0
27435629, 180, 180, 729.5731811523438, 0.0
27437916, 180, 180, 766.768310546875, 0.0
27447604, 180, 180, 773.231689453125, 0.0
27450603, 180, 180, 753.0487670898438, 0.0
27452886, 180, 180, 771.280517578125, 0.0
27462574, 180, 180, 773.780517578125, 0.0
27465586, 180, 180, 763.8414916992188, 0.0
27467867, 180, 180, 763.4146118164062, 0.0
27477568, 180, 180, 798.2926635742188, 0.0
27480570, 180, 180, 753.3536376953125, 0.0
27482857, 180, 180, 766.5244140625, 0.0
27492450, 180, 180, 782.6219482421875, 0.0
27494671, 180, 180, 759.51220703125, 0.0
27506905, 180, 180, 819.9390258789062, 0.0
27509120, 180, 180, 778.780517578125, 0.0
27516563, 180, 180, 777.743896484375, 0.0
27518862, 180, 180, 771.768310546875, 0.0
27524036, 180, 180, 797.0731811523438, 0.0
27526334, 180, 180, 799.3292846679688, 0.0
27531507, 180, 180, 775.3048706054688, 0.0
27533812, 180, 180, 780.4268188476562, 0.0
27538990, 180, 180, 797.4390258789062, 0.0
27541284, 180, 180, 771.8902587890625, 0.0
27546466, 180, 180, 782.5609741210938, 0.0
27548761, 180, 180, 776.8292846679688, 0.0
27553932, 180, 180, 805.4268188476562, 0.0
27556228, 180, 180, 781.0975341796875, 0.0
27561401, 180, 180, 780.731689453125, 0.0
27563695, 180, 180, 785.731689453125, 0.0
27568874, 180, 180, 782.3170776367188, 0.0
27571175, 180, 180, 789.4512329101562, 0.0
27576351, 180, 180, 817.6219482421875, 0.0
27578646, 180, 180, 797.6829223632812, 0.0
27583824, 180, 180, 775.6097412109375, 0.0
27586121, 180, 180, 804.756103515625, 0.0
27591296, 180, 180, 786.219482421875, 0.0
27593512, 180, 180, 767.9268188476562, 0.0
27611867, 180, 180, 781.768310546875, 0.0
27614080, 180, 180, 790.243896484375, 0.0
27626744, 180, 180, 796.6463623046875, 0.0
27628959, 180, 180, 771.9512329101562, 0.0
27641675, 180, 180, 792.743896484375, 0.0
27643888, 180, 180, 798.5975341796875, 0.0
27671873, 180, 180, 805.7926635742188, 0.0
27674091, 180, 180, 797.1341552734375, 0.0
27686781, 180, 180, 803.6585083007812, 0.0
27688997, 180, 180, 812.6829223632812, 0.0
27701713, 180, 180, 820.9755859375, 0.0
27703931, 180, 180, 816.0975341796875, 0.0
27716644, 180, 180, 789.4512329101562, 0.0
27718863, 180, 180, 800.3048706054688, 0.0
27731514, 180, 180, 804.0853881835938, 0.0
27733730, 180, 180, 804.51220703125, 0.0
27746065, 180, 180, 791.5853881835938, 0.0
27748623, 180, 180, 796.0365600585938, 0.0
27750909, 180, 180, 813.3536376953125, 0.0
27761327, 180, 180, 796.6463623046875, 0.0
27763543, 180, 180, 780.0, 0.0
27770990, 180, 180, 795.48779296875, 0.0
27773293, 180, 180, 801.4634399414062, 0.0
27783693, 180, 180, 790.7926635742188, 0.0
27785910, 180, 180, 783.2926635742188, 0.0
27793359, 180, 180, 801.280517578125, 0.0
27795660, 180, 180, 806.3414916992188, 0.0
27806544, 180, 180, 781.5244140625, 0.0
27808760, 180, 180, 797.256103515625, 0.0
27821423, 180, 180, 837.8658447265625, 0.0
27823639, 180, 180, 798.1097412109375, 0.0
27836298, 180, 180, 755.1829223632812, 0.0
27838515, 180, 180, 796.5244140625, 0.0
27845965, 180, 180, 796.6463623046875, 0.0
27848262, 180, 180, 786.3414916992188, 0.0
27858665, 180, 180, 813.231689453125, 0.0
27860883, 180, 180, 805.3048706054688, 0.0
27868338, 180, 180, 804.8170776367188, 0.0
27870639, 180, 180, 816.8902587890625, 0.0
27881522, 180, 180, 821.7073364257812, 0.0
27883742, 180, 180, 811.8902587890625, 0.0
27891190, 180, 180, 759.3902587890625, 0.0
27893484, 180, 180, 807.1951293945312, 0.0
27898656, 180, 180, 817.3780517578125, 0.0
27900956, 180, 180, 837.5609741210938, 0.0
27906589, 180, 180, 795.6097412109375, 0.0
27908805, 180, 180, 782.8048706054688, 0.0
27923294, 180, 180, 781.0975341796875, 0.0
27926263, 180, 180, 786.219482421875, 0.0
27928465, 180, 180, 819.9390258789062, 0.0
27935911, 180, 180, 798.5365600585938, 0.0
27938211, 180, 180, 806.0365600585938, 0.0
27943391, 180, 180, 796.9512329101562, 0.0
27945691, 180, 180, 792.1341552734375, 0.0
27950865, 180, 180, 769.5731811523438, 0.0
27953165, 180, 180, 784.5731811523438, 0.0
27958348, 180, 180, 817.6829223632812, 0.0
27960649, 180, 180, 835.1829223632812, 0.0
27965829, 180, 180, 799.51220703125, 0.0
27968129, 180, 180, 765.3658447265625, 0.0
27973302, 180, 180, 802.3170776367188, 0.0
27975604, 180, 180, 796.8292846679688, 0.0
27980787, 180, 180, 833.0487670898438, 0.0
27983086, 180, 180, 771.6463623046875, 0.0
27988268, 180, 180, 825.7926635742188, 0.0
27990567, 180, 180, 807.1341552734375, 0.0
27995741, 180, 180, 780.5487670898438, 0.0
27998037, 180, 180, 811.4024658203125, 0.0
28003208, 180, 180, 838.1707153320312, 0.0
28005508, 180, 180, 807.256103515625, 0.0
28010682, 180, 180, 798.231689453125, 0.0
28012981, 180, 180, 771.4634399414062, 0.0
28018158, 180, 180, 810.6707153320312, 0.0
28020454, 180, 180, 814.268310546875, 0.0
28025629, 180, 180, 836.8902587890625, 0.0
28027929, 180, 180, 828.4146118164062, 0.0
28033110, 180, 180, 762.6829223632812, 0.0
28035411, 180, 180, 752.01220703125, 0.0
28040589, 180, 180, 826.4634399414062, 0.0
28042889, 180, 180, 836.280517578125, 0.0
28048062, 180, 180, 769.6341552734375, 0.0
28050362, 180, 180, 811.3414916992188, 0.0
28055544, 180, 180, 827.8658447265625, 0.0
28057847, 180, 180, 822.1341552734375, 0.0
28063021, 180, 180, 826.3414916992188, 0.0
28065324, 180, 180, 795.8536376953125, 0.0
28070505, 180, 180, 837.98779296875, 0.0
28072804, 180, 180, 816.7073364257812, 0.0
28077979, 180, 180, 791.3414916992188, 0.0
28080282, 180, 180, 796.0975341796875, 0.0
28085458, 180, 180, 768.780517578125, 0.0
28087759, 180, 180, 800.4268188476562, 0.0
28092926, 180, 180, 804.2073364257812, 0.0
28095226, 180, 180, 813.1707153320312, 0.0
28100405, 180, 180, 855.9146118164062, 0.0
28102705, 180, 180, 843.3536376953125, 0.0
28107879, 180, 180, 803.231689453125, 0.0
28110184, 180, 180, 802.1341552734375, 0.0
28115367, 180, 180, 788.0487670898438, 0.0
28117671, 180, 180, 807.6219482421875, 0.0
28122838, 180, 180, 813.4755859375, 0.0
28125060, 180, 180, 817.98779296875, 0.0
28133403, 180, 180, 789.1463623046875, 0.0
28135621, 180, 180, 807.1951293945312, 0.0
28150591, 180, 180, 826.8902587890625, 0.0
28153151, 180, 180, 788.8414916992188, 0.0
28155438, 180, 180, 802.3170776367188, 0.0
28160611, 180, 180, 785.7926635742188, 0.0
28162911, 180, 180, 802.8048706054688, 0.0
28168086, 180, 180, 804.8170776367188, 0.0
28170387, 180, 180, 821.5853881835938, 0.0
28175561, 180, 180, 820.7926635742188, 0.0
28177859, 180, 180, 837.3170776367188, 0.0
28183029, 180, 180, 786.6463623046875, 0.0
28185331, 180, 180, 813.9634399414062, 0.0
28190505, 180, 180, 835.6097412109375, 0.0
28192805, 180, 180, 814.8170776367188, 0.0
28197990, 180, 180, 853.719482421875, 0.0
28200287, 180, 180, 829.5731811523438, 0.0
28205465, 180, 180, 810.243896484375, 0.0
28207767, 180, 180, 802.3170776367188, 0.0
28212940, 180, 180, 830.6097412109375, 0.0
28215244, 180, 180, 825.1829223632812, 0.0
28220420, 180, 180, 819.9390258789062, 0.0
28222720, 180, 180, 820.243896484375, 0.0
28227892, 180, 180, 812.9268188476562, 0.0
28230189, 180, 180, 807.5, 0.0
28235364, 180, 180, 831.280517578125, 0.0
28237661, 180, 180, 826.1585083007812, 0.0
28242839, 180, 180, 828.1707153320312, 0.0
28245135, 180, 180, 821.768310546875, 0.0
28250312, 180, 180, 804.1463623046875, 0.0
28252616, 180, 180, 825.1219482421875, 0.0
28257802, 180, 180, 832.9268188476562, 0.0
28260102, 180, 180, 820.6707153320312, 0.0
28265273, 180, 180, 837.8048706054688, 0.0
28267578, 180, 180, 828.0487670898438, 0.0
28272750, 180, 180, 805.9146118164062, 0.0
28275053, 180, 180, 800.0609741210938, 0.0
28280231, 180, 180, 821.280517578125, 0.0
28282527, 180, 180, 814.6341552734375, 0.0
28287702, 180, 180, 816.0365600585938, 0.0
28289915, 180, 180, 808.5975341796875, 0.0
28301672, 180, 180, 803.719482421875, 0.0
28322619, 180, 180, 838.4755859375, 0.0
28325184, 180, 180, 802.1341552734375, 0.0
28327470, 180, 180, 805.7926635742188, 0.0
28338356, 180, 180, 828.5975341796875, 0.0
28340570, 180, 180, 828.4146118164062, 0.0
28353226, 180, 180, 822.3170776367188, 0.0
28355440, 180, 180, 810.1219482421875, 0.0
28368101, 180, 180, 820.731689453125, 0.0
28370318, 180, 180, 837.0731811523438, 0.0
28377765, 180, 180, 787.6829223632812, 0.0
28380065, 180, 180, 831.219482421875, 0.0
28390462, 180, 180, 828.4146118164062, 0.0
28392677, 180, 180, 836.0365600585938, 0.0
28400130, 180, 180, 849.268310546875, 0.0
28402428, 180, 180, 854.268310546875, 0.0
28412839, 180, 180, 839.51220703125, 0.0
28415058, 180, 180, 828.1707153320312, 0.0
28422508, 180, 180, 854.1463623046875, 0.0
28424803, 180, 180, 852.0731811523438, 0.0
28435694, 180, 180, 841.8902587890625, 0.0
28437913, 180, 180, 847.256103515625, 0.0
28452383, 180, 180, 872.3780517578125, 0.0
28454687, 180, 180, 841.6463623046875, 0.0
28465558, 180, 180, 832.4390258789062, 0.0
28467771, 180, 180, 843.5365600585938, 0.0
28480428, 180, 180, 833.5975341796875, 0.0
28482643, 180, 180, 871.5244140625, 0.0
28490091, 180, 180, 873.2926635742188, 0.0
28492389, 180, 180, 838.9634399414062, 0.0
28502795, 180, 180, 832.5609741210938, 0.0
28505014, 180, 180, 851.6463623046875, 0.0
28512460, 180, 180, 886.8902587890625, 0.0
28514758, 180, 180, 839.6951293945312, 0.0
28533469, 180, 180, 852.6829223632812, 0.0
28535685, 180, 180, 841.8902587890625, 0.0
28543131, 180, 180, 849.3902587890625, 0.0
28545433, 180, 180, 831.6463623046875, 0.0
28550606, 180, 180, 831.6463623046875, 0.0
28552906, 180, 180, 858.0487670898438, 0.0
28558078, 180, 180, 854.5731811523438, 0.0
28560376, 180, 180, 861.4024658203125, 0.0
28565702, 180, 180, 827.8658447265625, 0.0
28567920, 180, 180, 824.756103515625, 0.0
28582398, 180, 180, 872.743896484375, 0.0
28585388, 180, 180, 818.2926635742188, 0.0
28587589, 180, 180, 873.231689453125, 0.0
28595039, 180, 180, 867.5, 0.0
28597337, 180, 180, 855.9146118164062, 0.0
28602507, 180, 180, 866.5244140625, 0.0
28604720, 180, 180, 850.243896484375, 0.0
28616602, 180, 180, 881.8292846679688, 0.0
28618822, 180, 180, 899.3292846679688, 0.0
28630958, 180, 180, 874.268310546875, 0.0
28634013, 180, 180, 868.5975341796875, 0.0
28636300, 180, 180, 865.243896484375, 0.0
28645945, 180, 180, 864.756103515625, 0.0
28648978, 180, 180, 855.4268188476562, 0.0
28651260, 180, 180, 840.5487670898438, 0.0
28660923, 180, 180, 863.780517578125, 0.0
28663965, 180, 180, 868.231689453125, 0.0
28666247, 180, 180, 868.9634399414062, 0.0
28675897, 180, 180, 841.0975341796875, 0.0
28678945, 180, 180, 845.1829223632812, 0.0
28681229, 180, 180, 854.0244140625, 0.0
28690900, 180, 180, 847.5, 0.0
28693921, 180, 180, 880.0609741210938, 0.0
28696209, 180, 180, 868.4755859375, 0.0
28705860, 180, 180, 858.3536376953125, 0.0
28708910, 180, 180, 839.6951293945312, 0.0
28711197, 180, 180, 846.5853881835938, 0.0
28720852, 180, 180, 874.6951293945312, 0.0
28723887, 180, 180, 869.0853881835938, 0.0
28726171, 180, 180, 854.1463623046875, 0.0
28735822, 180, 180, 871.5853881835938, 0.0
28738868, 180, 180, 839.3292846679688, 0.0
28741152, 180, 180, 834.8780517578125, 0.0
28750727, 180, 180, 867.743896484375, 0.0
28752940, 180, 180, 852.0731811523438, 0.0
28773609, 180, 180, 864.8170776367188, 0.0
28775825, 180, 180, 871.9512329101562, 0.0
28795068, 180, 180, 858.780517578125, 0.0
28797284, 180, 180, 889.4512329101562, 0.0
28809654, 180, 180, 874.6341552734375, 0.0
28812217, 180, 180, 890.9755859375, 0.0
28814502, 180, 180, 886.5853881835938, 0.0
28824933, 180, 180, 872.256103515625, 0.0
28827150, 180, 180, 881.8902587890625, 0.0
28834601, 180, 180, 866.8292846679688, 0.0
28836902, 180, 180, 840.731689453125, 0.0
28847295, 180, 180, 907.4390258789062, 0.0
28849512, 180, 180, 899.756103515625, 0.0
28856963, 180, 180, 883.780517578125, 0.0
28859262, 180, 180, 892.6219482421875, 0.0
28870157, 180, 180, 892.3780517578125, 0.0
28872369, 180, 180, 895.3658447265625, 0.0
28879813, 180, 180, 871.5853881835938, 0.0
28882109, 180, 180, 893.5975341796875, 0.0
28887287, 180, 180, 874.1463623046875, 0.0
28889586, 180, 180, 888.719482421875, 0.0
28894759, 180, 180, 890.5487670898438, 0.0
28897061, 180, 180, 893.0487670898438, 0.0
28902235, 180, 180, 827.01220703125, 0.0
28904540, 180, 180, 890.731689453125, 0.0
28909712, 180, 180, 897.8658447265625, 0.0
28912010, 180, 180, 870.5487670898438, 0.0
28917187, 180, 180, 904.8780517578125, 0.0
28919482, 180, 180, 867.4390258789062, 0.0
28924672, 180, 180, 870.1219482421875, 0.0
28926972, 180, 180, 871.0365600585938, 0.0
28932151, 180, 180, 870.3048706054688, 0.0
28934451, 180, 180, 869.6341552734375, 0.0
28939627, 180, 180, 871.1585083007812, 0.0
28941929, 180, 180, 857.256103515625, 0.0
28947102, 180, 180, 880.9755859375, 0.0
28949402, 180, 180, 882.8658447265625, 0.0
28954571, 180, 180, 877.4390258789062, 0.0
28956869, 180, 180, 897.3170776367188, 0.0
28962050, 180, 180, 887.9268188476562, 0.0
28964348, 180, 180, 873.6585083007812, 0.0
28969522, 180, 180, 863.3536376953125, 0.0
28971815, 180, 180, 878.780517578125, 0.0
28976997, 180, 180, 875.6097412109375, 0.0
28979298, 180, 180, 901.1585083007812, 0.0
28984472, 180, 180, 875.5487670898438, 0.0
28986685, 180, 180, 886.8902587890625, 0.0
29001015, 180, 180, 889.6951293945312, 0.0
29003315, 180, 180, 853.6585083007812, 0.0
29012951, 180, 180, 892.3780517578125, 0.0
29015996, 180, 180, 868.9024658203125, 0.0
29018276, 180, 180, 865.8536376953125, 0.0
29027920, 180, 180, 895.9755859375, 0.0
29030973, 180, 180, 923.4146118164062, 0.0
29033259, 180, 180, 909.4512329101562, 0.0
29042905, 180, 180, 873.1707153320312, 0.0
29045952, 180, 180, 868.9634399414062, 0.0
29048236, 180, 180, 887.01220703125, 0.0
29057899, 180, 180, 885.1219482421875, 0.0
29060932, 180, 180, 869.9390258789062, 0.0
29063216, 180, 180, 882.743896484375, 0.0
29072863, 180, 180, 888.0487670898438, 0.0
29075867, 180, 180, 892.4390258789062, 0.0
29078065, 180, 180, 859.0853881835938, 0.0
29094339, 180, 180, 918.780517578125, 0.0
29096896, 180, 180, 878.1707153320312, 0.0
29099180, 180, 180, 877.4390258789062, 0.0
29109576, 180, 180, 869.268310546875, 0.0
29111789, 180, 180, 889.2073364257812, 0.0
29119232, 180, 180, 873.5365600585938, 0.0
29121529, 180, 180, 882.4390258789062, 0.0
29131950, 180, 180, 904.0853881835938, 0.0
29134170, 180, 180, 889.3292846679688, 0.0
29141614, 180, 180, 865.0609741210938, 0.0
29143916, 180, 180, 885.8536376953125, 0.0
29154808, 180, 180, 886.4634399414062, 0.0
29157023, 180, 180, 899.51220703125, 0.0
29164906, 180, 180, 905.1219482421875, 0.0
29167119, 180, 180, 872.8658447265625, 0.0
29182023, 180, 180, 853.1707153320312, 0.0
29184242, 180, 180, 898.5365600585938, 0.0
29200585, 180, 180, 869.2073364257812, 0.0
29203246, 180, 180, 903.1707153320312, 0.0
29205533, 180, 180, 916.4634399414062, 0.0
29215172, 180, 180, 899.9390258789062, 0.0
29218230, 180, 180, 911.1585083007812, 0.0
29220517, 180, 180, 913.5975341796875, 0.0
29230156, 180, 180, 893.5365600585938, 0.0
29233199, 180, 180, 904.756103515625, 0.0
29235483, 180, 180, 904.5731811523438, 0.0
29245139, 180, 180, 875.5487670898438, 0.0
29248185, 180, 180, 898.1097412109375, 0.0
29250464, 180, 180, 874.756103515625, 0.0
29260133, 180, 180, 854.5731811523438, 0.0
29263166, 180, 180, 873.8414916992188, 0.0
29265450, 180, 180, 915.3048706054688, 0.0
29275102, 180, 180, 910.1219482421875, 0.0
29278147, 180, 180, 890.731689453125, 0.0
29280431, 180, 180, 844.5731811523438, 0.0
29290087, 180, 180, 874.1463623046875, 0.0
29293123, 180, 180, 913.5975341796875, 0.0
29295410, 180, 180, 890.731689453125, 0.0
29305065, 180, 180, 854.6951293945312, 0.0
29308103, 180, 180, 813.3536376953125, 0.0
29310387, 180, 180, 893.719482421875, 0.0
29320048, 180, 180, 896.7073364257812, 0.0
29323090, 180, 180, 870.9146118164062, 0.0
29325374, 180, 180, 841.7073364257812, 0.0
29341934, 180, 180, 896.1585083007812, 0.0
29344469, 180, 180, 873.1707153320312, 0.0
29346758, 180, 180, 865.731689453125, 0.0
29356680, 180, 180, 887.6219482421875, 0.0
29359246, 180, 180, 882.3170776367188, 0.0
29362034, 180, 180, 887.4390258789062, 0.0
29364579, 180, 180, 890.1829223632812, 0.0
29366782, 180, 180, 903.719482421875, 0.0
29374232, 180, 180, 916.280517578125, 0.0
29377039, 180, 180, 877.256103515625, 0.0
29379587, 180, 180, 881.4634399414062, 0.0
29381785, 180, 180, 858.719482421875, 0.0
29389225, 180, 180, 885.48779296875, 0.0
29392022, 180, 180, 881.8902587890625, 0.0
29394572, 180, 180, 938.3536376953125, 0.0
29396777, 180, 180, 921.1585083007812, 0.0
29404221, 180, 180, 859.8780517578125, 0.0
29407023, 180, 180, 866.3414916992188, 0.0
29409573, 180, 180, 902.8048706054688, 0.0
29411774, 180, 180, 881.280517578125, 0.0
29419221, 180, 180, 897.3780517578125, 0.0
29422024, 180, 180, 867.3780517578125, 0.0
29424568, 180, 180, 858.1707153320312, 0.0
29426772, 180, 180, 869.4512329101562, 0.0
29434214, 180, 180, 903.9634399414062, 0.0
29437017, 180, 180, 869.3292846679688, 0.0
29439568, 180, 180, 890.731689453125, 0.0
29441770, 180, 180, 877.6219482421875, 0.0
29449225, 180, 180, 893.9634399414062, 0.0
29452028, 180, 180, 890.5487670898438, 0.0
29454572, 180, 180, 886.1585083007812, 0.0
29456772, 180, 180, 886.5244140625, 0.0
29464507, 180, 180, 880.4268188476562, 0.0
29467954, 180, 180, 863.9024658203125, 0.0
29470154, 180, 180, 875.1219482421875, 0.0
29484233, 180, 180, 841.0975341796875, 0.0
29486791, 180, 180, 888.6585083007812, 0.0
29489078, 180, 180, 870.0609741210938, 0.0
29494250, 180, 180, 879.0244140625, 0.0
29496467, 180, 180, 909.1463623046875, 0.0
29501776, 180, 180, 880.0609741210938, 0.0
29504074, 180, 180, 840.0609741210938, 0.0
29513987, 180, 180, 901.9512329101562, 0.0
29516554, 180, 180, 905.243896484375, 0.0
29519343, 180, 180, 881.5853881835938, 0.0
29521891, 180, 180, 864.0244140625, 0.0
29524104, 180, 180, 878.231689453125, 0.0
29531554, 180, 180, 855.5487670898438, 0.0
29534359, 180, 180, 884.4512329101562, 0.0
29536904, 180, 180, 902.1341552734375, 0.0
29539103, 180, 180, 902.0731811523438, 0.0
29546555, 180, 180, 892.6219482421875, 0.0
29550000, 180, 180, 846.280517578125, 0.0
29552203, 180, 180, 891.4024658203125, 0.0
29566282, 180, 180, 874.4512329101562, 0.0
29568843, 180, 180, 895.3048706054688, 0.0
29571128, 180, 180, 886.0975341796875, 0.0
29581550, 180, 180, 910.5487670898438, 0.0
29583773, 180, 180, 885.6707153320312, 0.0
29596481, 180, 180, 875.8536376953125, 0.0
29598698, 180, 180, 886.8292846679688, 0.0
29611070, 180, 180, 888.9634399414062, 0.0
29613642, 180, 180, 869.1463623046875, 0.0
29615927, 180, 180, 890.3048706054688, 0.0
29626343, 180, 180, 873.719482421875, 0.0
29628558, 180, 180, 875.243896484375, 0.0
29638526, 180, 180, 865.6707153320312, 0.0
29641461, 180, 180, 883.5365600585938, 0.0
29643663, 180, 180, 891.5244140625, 0.0
29651104, 180, 180, 863.780517578125, 0.0
29653406, 180, 180, 896.768310546875, 0.0
29658576, 180, 180, 864.9390258789062, 0.0
29660878, 180, 180, 918.6585083007812, 0.0
29666052, 180, 180, 870.6097412109375, 0.0
29668353, 180, 180, 822.0731811523438, 0.0
29673529, 180, 180, 940.9146118164062, 0.0
29675827, 180, 180, 908.231689453125, 0.0
29680999, 180, 180, 880.3658447265625, 0.0
29683299, 180, 180, 870.6097412109375, 0.0
29688468, 180, 180, 869.4512329101562, 0.0
29690770, 180, 180, 859.0853881835938, 0.0
29695941, 180, 180, 894.6341552734375, 0.0
29698242, 180, 180, 869.268310546875, 0.0
29703417, 180, 180, 867.256103515625, 0.0
29705633, 180, 180, 890.48779296875, 0.0
29720077, 180, 180, 908.6585083007812, 0.0
29722376, 180, 180, 904.4512329101562, 0.0
29732016, 180, 180, 884.756103515625, 0.0
29735047, 180, 180, 871.3414916992188, 0.0
29737332, 180, 180, 879.1463623046875, 0.0
29746993, 180, 180, 890.5487670898438, 0.0
29750025, 180, 180, 894.3292846679688, 0.0
29752311, 180, 180, 888.780517578125, 0.0
29761973, 180, 180, 841.7073364257812, 0.0
29765008, 180, 180, 875.4268188476562, 0.0
29767289, 180, 180, 889.6341552734375, 0.0
29783511, 180, 180, 885.243896484375, 0.0
29786071, 180, 180, 870.243896484375, 0.0
29788355, 180, 180, 856.0365600585938, 0.0
29798791, 180, 180, 879.2073364257812, 0.0
29801007, 180, 180, 885.5487670898438, 0.0
29813721, 180, 180, 902.1951293945312, 0.0
29815935, 180, 180, 872.256103515625, 0.0
29828264, 180, 180, 865.7926635742188, 0.0
29830821, 180, 180, 892.01220703125, 0.0
29833106, 180, 180, 898.2926635742188, 0.0
29845292, 180, 180, 864.8170776367188, 0.0
29847798, 180, 180, 908.1097412109375, 0.0
29852968, 180, 180, 857.1951293945312, 0.0
29855183, 180, 180, 888.2926635742188, 0.0
29863200, 180, 180, 885.6707153320312, 0.0
29866140, 180, 180, 875.0609741210938, 0.0
29868339, 180, 180, 876.4634399414062, 0.0
29876046, 180, 180, 874.1463623046875, 0.0
29878852, 180, 180, 876.0975341796875, 0.0
29881396, 180, 180, 905.48779296875, 0.0
29883597, 180, 180, 909.756103515625, 0.0
29891077, 180, 180, 879.6341552734375, 0.0
29893920, 180, 180, 896.4024658203125, 0.0
29896467, 180, 180, 896.1585083007812, 0.0
29898667, 180, 180, 864.1463623046875, 0.0
29906117, 180, 180, 882.9268188476562, 0.0
29908922, 180, 180, 878.6585083007812, 0.0
29911469, 180, 180, 888.2926635742188, 0.0
29913670, 180, 180, 884.756103515625, 0.0
29921115, 180, 180, 857.8048706054688, 0.0
29923921, 180, 180, 874.2073364257812, 0.0
29926464, 180, 180, 878.719482421875, 0.0
29928664, 180, 180, 884.6951293945312, 0.0
29936104, 180, 180, 903.5365600585938, 0.0
29938905, 180, 180, 888.4146118164062, 0.0
29941450, 180, 180, 872.743896484375, 0.0
29943652, 180, 180, 864.756103515625, 0.0
29951101, 180, 180, 902.6829223632812, 0.0
29953902, 180, 180, 888.4146118164062, 0.0
29956447, 180, 180, 883.1097412109375, 0.0
29958646, 180, 180, 894.6951293945312, 0.0
29966097, 180, 180, 873.2926635742188, 0.0
29968905, 180, 180, 861.0365600585938, 0.0
29971451, 180, 180, 888.4755859375, 0.0
29973653, 180, 180, 898.719482421875, 0.0
29981726, 180, 180, 880.731689453125, 0.0
29985189, 180, 180, 897.256103515625, 0.0
29987387, 180, 180, 908.1097412109375, 0.0
29997927, 180, 180, 892.9268188476562, 0.0
30000464, 180, 180, 895.1219482421875, 0.0
30002666, 180, 180, 851.5244140625, 0.0
30010287, 180, 180, 887.4390258789062, 0.0
30013092, 180, 180, 886.1585083007812, 0.0
30016085, 180, 180, 902.1951293945312, 0.0
30018284, 180, 180, 887.8048706054688, 0.0
30032312, 180, 180, 870.8536376953125, 0.0
30034528, 180, 180, 907.6829223632812, 0.0
30053139, 180, 180, 875.6097412109375, 0.0
30055702, 180, 180, 902.743896484375, 0.0
30057988, 180, 180, 876.219482421875, 0.0
30068381, 180, 180, 896.219482421875, 0.0
30070596, 180, 180, 889.0244140625, 0.0
30082915, 180, 180, 876.4024658203125, 0.0
30085479, 180, 180, 873.5975341796875, 0.0
30087767, 180, 180, 882.1951293945312, 0.0
30098246, 180, 180, 892.256103515625, 0.0
30100456, 180, 180, 891.9512329101562, 0.0
30108218, 180, 180, 887.743896484375, 0.0
30110518, 180, 180, 897.4390258789062, 0.0
30120921, 180, 180, 907.0731811523438, 0.0
30123138, 180, 180, 887.3780517578125, 0.0
30135803, 180, 180, 909.3902587890625, 0.0
30138022, 180, 180, 886.1585083007812, 0.0
30150737, 180, 180, 874.9390258789062, 0.0
30152955, 180, 180, 890.7926635742188, 0.0
30165337, 180, 180, 868.4146118164062, 0.0
30167896, 180, 180, 895.5487670898438, 0.0
30170181, 180, 180, 926.1585083007812, 0.0
30180601, 180, 180, 905.243896484375, 0.0
30182815, 180, 180, 893.780517578125, 0.0
30190259, 180, 180, 915.1219482421875, 0.0
30192559, 180, 180, 884.756103515625, 0.0
30202970, 180, 180, 895.4268188476562, 0.0
30205190, 180, 180, 877.5609741210938, 0.0
30212637, 180, 180, 851.219482421875, 0.0
30214939, 180, 180, 878.4146118164062, 0.0
30227090, 180, 180, 880.9146118164062, 0.0
30229307, 180, 180, 891.9512329101562, 0.0
30236892, 180, 180, 901.8902587890625, 0.0
30239190, 180, 180, 904.8170776367188, 0.0
30248819, 180, 180, 896.9512329101562, 0.0
30251864, 180, 180, 884.2073364257812, 0.0
30254150, 180, 180, 882.6219482421875, 0.0
30263787, 180, 180, 902.256103515625, 0.0
30266841, 180, 180, 891.0975341796875, 0.0
30269126, 180, 180, 871.7073364257812, 0.0
30279111, 180, 180, 881.1585083007812, 0.0
30281878, 180, 180, 885.243896484375, 0.0
30284216, 180, 180, 892.5, 0.0
30293781, 180, 180, 912.256103515625, 0.0
30296806, 180, 180, 896.5853881835938, 0.0
30299090, 180, 180, 907.256103515625, 0.0
30308730, 180, 180, 847.5, 0.0
30311783, 180, 180, 855.1829223632812, 0.0
30314066, 180, 180, 877.3780517578125, 0.0
30323704, 180, 180, 881.7073364257812, 0.0
30326765, 180, 180, 857.743896484375, 0.0
30329047, 180, 180, 874.9390258789062, 0.0
30338699, 180, 180, 880.3658447265625, 0.0
30341744, 180, 180, 904.3902587890625, 0.0
30344027, 180, 180, 874.4512329101562, 0.0
30353654, 180, 180, 888.719482421875, 0.0
30356724, 180, 180, 876.219482421875, 0.0
30359009, 180, 180, 886.7073364257812, 0.0
30368654, 180, 180, 853.1707153320312, 0.0
30371664, 180, 180, 889.3292846679688, 0.0
30373865, 180, 180, 884.3902587890625, 0.0
30390125, 180, 180, 878.231689453125, 0.0
30392686, 180, 180, 874.8780517578125, 0.0
30394972, 180, 180, 898.1097412109375, 0.0
30405390, 180, 180, 897.256103515625, 0.0
30407608, 180, 180, 871.219482421875, 0.0
30419941, 180, 180, 867.3170776367188, 0.0
30422505, 180, 180, 886.8292846679688, 0.0
30424789, 180, 180, 904.2073364257812, 0.0
30435207, 180, 180, 873.5975341796875, 0.0
30437427, 180, 180, 895.4268188476562, 0.0
30444874, 180, 180, 908.8414916992188, 0.0
30447174, 180, 180, 874.8780517578125, 0.0
30458062, 180, 180, 896.0975341796875, 0.0
30460275, 180, 180, 896.0365600585938, 0.0
30467725, 180, 180, 888.1707153320312, 0.0
30470022, 180, 180, 906.280517578125, 0.0
30475191, 180, 180, 891.4024658203125, 0.0
30477491, 180, 180, 898.9024658203125, 0.0
30482658, 180, 180, 900.5487670898438, 0.0
30484953, 180, 180, 878.9024658203125, 0.0
30490127, 180, 180, 867.1341552734375, 0.0
30492340, 180, 180, 876.219482421875, 0.0
30504190, 180, 180, 880.1219482421875, 0.0
30506406, 180, 180, 863.6585083007812, 0.0
30518447, 180, 180, 876.280517578125, 0.0
30521507, 180, 180, 880.7926635742188, 0.0
30523789, 180, 180, 881.1585083007812, 0.0
30533423, 180, 180, 888.1097412109375, 0.0
30536491, 180, 180, 884.3292846679688, 0.0
30538777, 180, 180, 902.6829223632812, 0.0
30548421, 180, 180, 874.6341552734375, 0.0
30551472, 180, 180, 883.6585083007812, 0.0
30553753, 180, 180, 873.1097412109375, 0.0
30563390, 180, 180, 875.0, 0.0
30566448, 180, 180, 898.1707153320312, 0.0
30568734, 180, 180, 890.48779296875, 0.0
30578373, 180, 180, 888.1707153320312, 0.0
30581427, 180, 180, 894.4512329101562, 0.0
30583716, 180, 180, 895.8536376953125, 0.0
30593358, 180, 180, 882.6829223632812, 0.0
30596413, 180, 180, 877.9268188476562, 0.0
30598700, 180, 180, 877.3780517578125, 0.0
30608333, 180, 180, 918.2926635742188, 0.0
30611386, 180, 180, 882.6219482421875, 0.0
30613669, 180, 180, 882.1341552734375, 0.0
30623319, 180, 180, 895.9146118164062, 0.0
30626373, 180, 180, 891.6463623046875, 0.0
30628658, 180, 180, 875.9755859375, 0.0
30638291, 180, 180, 885.5487670898438, 0.0
30641312, 180, 180, 898.6585083007812, 0.0
30643510, 180, 180, 894.8170776367188, 0.0
30659766, 180, 180, 912.6829223632812, 0.0
30662325, 180, 180, 908.780517578125, 0.0
30664608, 180, 180, 874.6951293945312, 0.0
30675058, 180, 180, 889.5731811523438, 0.0
30677273, 180, 180, 904.8170776367188, 0.0
30697894, 180, 180, 897.0731811523438, 0.0
30700458, 180, 180, 898.0487670898438, 0.0
30702740, 180, 180, 898.4146118164062, 0.0
30708039, 180, 180, 874.0853881835938, 0.0
30710336, 180, 180, 884.9390258789062, 0.0
30716256, 180, 180, 902.5, 0.0
30718556, 180, 180, 905.48779296875, 0.0
30728195, 180, 180, 870.1219482421875, 0.0
30731239, 180, 180, 879.3292846679688, 0.0
30733525, 180, 180, 889.5731811523438, 0.0
30743163, 180, 180, 923.4146118164062, 0.0
30746219, 180, 180, 862.5, 0.0
30748499, 180, 180, 867.98779296875, 0.0
30758148, 180, 180, 894.8780517578125, 0.0
30761203, 180, 180, 914.6951293945312, 0.0
30763489, 180, 180, 914.9390258789062, 0.0
30773121, 180, 180, 881.4024658203125, 0.0
30776178, 180, 180, 913.3536376953125, 0.0
30778461, 180, 180, 867.743896484375, 0.0
30788104, 180, 180, 935.0609741210938, 0.0
30791158, 180, 180, 884.8170776367188, 0.0
30793439, 180, 180, 887.5609741210938, 0.0
30803098, 180, 180, 912.5, 0.0
30806143, 180, 180, 900.243896484375, 0.0
30808432, 180, 180, 894.6341552734375, 0.0
30818085, 180, 180, 906.9512329101562, 0.0
30821126, 180, 180, 873.231689453125, 0.0
30823409, 180, 180, 918.4146118164062, 0.0
30833062, 180, 180, 897.4390258789062, 0.0
30836109, 180, 180, 923.4755859375, 0.0
30838395, 180, 180, 933.8414916992188, 0.0
30848048, 180, 180, 898.231689453125, 0.0
30851085, 180, 180, 910.0, 0.0
30853371, 180, 180, 911.9512329101562, 0.0
30863023, 180, 180, 915.731689453125, 0.0
30866067, 180, 180, 903.9024658203125, 0.0
30868350, 180, 180, 887.6219482421875, 0.0
30877999, 180, 180, 906.4024658203125, 0.0
30881045, 180, 180, 881.8292846679688, 0.0
30883331, 180, 180, 896.9512329101562, 0.0
30892989, 180, 180, 898.8414916992188, 0.0
30896032, 180, 180, 908.3536376953125, 0.0
30898313, 180, 180, 911.768310546875, 0.0
30907878, 180, 180, 915.0609741210938, 0.0
30911009, 180, 180, 866.768310546875, 0.0
30913296, 180, 180, 905.9755859375, 0.0
30922951, 180, 180, 915.6707153320312, 0.0
30925995, 180, 180, 898.5975341796875, 0.0
30928283, 180, 180, 890.4268188476562, 0.0
30937939, 180, 180, 910.8536376953125, 0.0
30940974, 180, 180, 916.4634399414062, 0.0
30943256, 180, 180, 915.731689453125, 0.0
30952919, 180, 180, 899.268310546875, 0.0
30955955, 180, 180, 914.9390258789062, 0.0
30958241, 180, 180, 907.743896484375, 0.0
30974780, 180, 180, 910.48779296875, 0.0
30977318, 180, 180, 928.1097412109375, 0.0
30979603, 180, 180, 911.7073364257812, 0.0
30989545, 180, 180, 885.9146118164062, 0.0
30992113, 180, 180, 908.5975341796875, 0.0
30994901, 180, 180, 916.0975341796875, 0.0
30997447, 180, 180, 919.1463623046875, 0.0
30999650, 180, 180, 891.7073364257812, 0.0
31007093, 180, 180, 918.9634399414062, 0.0
31009899, 180, 180, 896.1585083007812, 0.0
31012442, 180, 180, 901.3414916992188, 0.0
31014642, 180, 180, 916.8902587890625, 0.0
31022090, 180, 180, 914.2073364257812, 0.0
31024894, 180, 180, 904.51220703125, 0.0
31027445, 180, 180, 883.1707153320312, 0.0
31029646, 180, 180, 887.9268188476562, 0.0
31037100, 180, 180, 919.9390258789062, 0.0
31039908, 180, 180, 943.1097412109375, 0.0
31042454, 180, 180, 901.280517578125, 0.0
31044653, 180, 180, 902.3170776367188, 0.0
31052100, 180, 180, 907.3170776367188, 0.0
31054902, 180, 180, 866.8292846679688, 0.0
31057451, 180, 180, 905.48779296875, 0.0
31059653, 180, 180, 914.4512329101562, 0.0
31067101, 180, 180, 914.6951293945312, 0.0
31069909, 180, 180, 915.6707153320312, 0.0
31072455, 180, 180, 874.2073364257812, 0.0
31074656, 180, 180, 909.8170776367188, 0.0
31082104, 180, 180, 909.51220703125, 0.0
31084909, 180, 180, 911.3414916992188, 0.0
31087456, 180, 180, 938.6585083007812, 0.0
31089659, 180, 180, 877.9268188476562, 0.0
31103837, 180, 180, 900.243896484375, 0.0
31106643, 180, 180, 925.6097412109375, 0.0
31109618, 180, 180, 884.268310546875, 0.0
31111823, 180, 180, 927.98779296875, 0.0
31119271, 180, 180, 914.6951293945312, 0.0
31121569, 180, 180, 923.9634399414062, 0.0
31126751, 180, 180, 908.719482421875, 0.0
31129053, 180, 180, 882.5, 0.0
31134222, 180, 180, 898.1707153320312, 0.0
31136522, 180, 180, 897.256103515625, 0.0
31141706, 180, 180, 932.1341552734375, 0.0
31144005, 180, 180, 939.8780517578125, 0.0
31149190, 180, 180, 903.6585083007812, 0.0
31151490, 180, 180, 909.756103515625, 0.0
31156670, 180, 180, 921.3414916992188, 0.0
31158968, 180, 180, 929.6951293945312, 0.0
31164138, 180, 180, 910.0, 0.0
31166435, 180, 180, 906.219482421875, 0.0
31171606, 180, 180, 886.0975341796875, 0.0
31173902, 180, 180, 899.3902587890625, 0.0
31179078, 180, 180, 935.6707153320312, 0.0
31181294, 180, 180, 953.6585083007812, 0.0
31195660, 180, 180, 906.7073364257812, 0.0
31197960, 180, 180, 869.1463623046875, 0.0
31207599, 180, 180, 928.780517578125, 0.0
31210167, 180, 180, 902.01220703125, 0.0
31212454, 180, 180, 912.01220703125, 0.0
31224177, 180, 180, 880.3048706054688, 0.0
31226983, 180, 180, 900.3658447265625, 0.0
31229531, 180, 180, 915.1829223632812, 0.0
31231734, 180, 180, 964.268310546875, 0.0
31239274, 180, 180, 878.4755859375, 0.0
31242079, 180, 180, 903.2926635742188, 0.0
31244623, 180, 180, 916.6463623046875, 0.0
31246825, 180, 180, 913.9634399414062, 0.0
31254273, 180, 180, 940.5487670898438, 0.0
31257076, 180, 180, 918.5365600585938, 0.0
31259621, 180, 180, 896.3414916992188, 0.0
31261819, 180, 180, 918.1097412109375, 0.0
31269273, 180, 180, 910.5487670898438, 0.0
31272077, 180, 180, 920.9146118164062, 0.0
31274620, 180, 180, 934.8170776367188, 0.0
31276819, 180, 180, 925.731689453125, 0.0
31284265, 180, 180, 924.268310546875, 0.0
31287068, 180, 180, 908.3536376953125, 0.0
31289616, 180, 180, 918.9634399414062, 0.0
31291816, 180, 180, 921.219482421875, 0.0
31299274, 180, 180, 910.8536376953125, 0.0
31302082, 180, 180, 904.4512329101562, 0.0
31304628, 180, 180, 889.6341552734375, 0.0
31306828, 180, 180, 907.0731811523438, 0.0
31314281, 180, 180, 910.4268188476562, 0.0
31317081, 180, 180, 956.9512329101562, 0.0
31319629, 180, 180, 919.8780517578125, 0.0
31321829, 180, 180, 923.1097412109375, 0.0
31329282, 180, 180, 904.268310546875, 0.0
31332085, 180, 180, 909.3292846679688, 0.0
31334629, 180, 180, 941.219482421875, 0.0
31336826, 180, 180, 938.719482421875, 0.0
31344275, 180, 180, 916.9512329101562, 0.0
31347077, 180, 180, 891.219482421875, 0.0
31349625, 180, 180, 904.268310546875, 0.0
31351821, 180, 180, 894.756103515625, 0.0
31359265, 180, 180, 953.1707153320312, 0.0
31361563, 180, 180, 953.4755859375, 0.0
31371973, 180, 180, 933.719482421875, 0.0
31374188, 180, 180, 911.7073364257812, 0.0
31386849, 180, 180, 894.6341552734375, 0.0
31389063, 180, 180, 921.6463623046875, 0.0
31401780, 180, 180, 900.7926635742188, 0.0
31403995, 180, 180, 937.5609741210938, 0.0
31416653, 180, 180, 902.3780517578125, 0.0
31418871, 180, 180, 919.2073364257812, 0.0
31431248, 180, 180, 945.731689453125, 0.0
31433808, 180, 180, 954.2073364257812, 0.0
31436007, 180, 180, 926.4634399414062, 0.0
31454360, 180, 180, 896.5853881835938, 0.0
31456577, 180, 180, 909.4512329101562, 0.0
31477213, 180, 180, 920.4268188476562, 0.0
31480292, 180, 180, 893.5975341796875, 0.0
31482579, 180, 180, 878.4755859375, 0.0
31492234, 180, 180, 940.3048706054688, 0.0
31495266, 180, 180, 920.731689453125, 0.0
31497552, 180, 180, 921.7073364257812, 0.0
31513753, 180, 180, 916.3414916992188, 0.0
31516315, 180, 180, 918.6585083007812, 0.0
31518514, 180, 180, 917.3170776367188, 0.0
31545600, 180, 180, 929.756103515625, 0.0
31547811, 180, 180, 947.98779296875, 0.0
31559618, 180, 180, 951.768310546875, 0.0
31561832, 180, 180, 951.5244140625, 0.0
31574099, 180, 180, 919.6951293945312, 0.0
31576320, 180, 180, 926.0975341796875, 0.0
31583760, 180, 180, 926.768310546875, 0.0
31586059, 180, 180, 954.9390258789062, 0.0
31591238, 180, 180, 870.3658447265625, 0.0
31593540, 180, 180, 873.4146118164062, 0.0
31598717, 180, 180, 931.6463623046875, 0.0
31601018, 180, 180, 899.3292846679688, 0.0
31606198, 180, 180, 934.6951293945312, 0.0
31608496, 180, 180, 932.8048706054688, 0.0
31613664, 180, 180, 881.9512329101562, 0.0
31615962, 180, 180, 929.3902587890625, 0.0
31621133, 180, 180, 942.8658447265625, 0.0
31623434, 180, 180, 917.1951293945312, 0.0
31628606, 180, 180, 934.5731811523438, 0.0
31630908, 180, 180, 895.3658447265625, 0.0
31636082, 180, 180, 890.1829223632812, 0.0
31638382, 180, 180, 940.3048706054688, 0.0
31643551, 180, 180, 903.9634399414062, 0.0
31645852, 180, 180, 922.8658447265625, 0.0
31651024, 180, 180, 919.0853881835938, 0.0
31653323, 180, 180, 924.268310546875, 0.0
31658493, 180, 180, 908.4146118164062, 0.0
31660792, 180, 180, 899.0244140625, 0.0
31665961, 180, 180, 906.1585083007812, 0.0
31668259, 180, 180, 929.0244140625, 0.0
31673435, 180, 180, 936.4024658203125, 0.0
31675738, 180, 180, 912.4390258789062, 0.0
31680913, 180, 180, 916.5853881835938, 0.0
31683212, 180, 180, 920.7926635742188, 0.0
31688388, 180, 180, 922.0731811523438, 0.0
31690687, 180, 180, 928.719482421875, 0.0
31695853, 180, 180, 917.8658447265625, 0.0
31698151, 180, 180, 927.6829223632812, 0.0
31703325, 180, 180, 915.243896484375, 0.0
31705626, 180, 180, 882.98779296875, 0.0
31710799, 180, 180, 937.256103515625, 0.0
31713097, 180, 180, 902.5, 0.0
31718279, 180, 180, 946.9512329101562, 0.0
31720576, 180, 180, 951.4024658203125, 0.0
31725752, 180, 180, 903.5365600585938, 0.0
31728049, 180, 180, 896.768310546875, 0.0
31733228, 180, 180, 911.8902587890625, 0.0
31735529, 180, 180, 900.243896484375, 0.0
31740704, 180, 180, 887.256103515625, 0.0
31743004, 180, 180, 928.719482421875, 0.0
31748177, 180, 180, 894.9390258789062, 0.0
31750477, 180, 180, 917.1951293945312, 0.0
31755653, 180, 180, 936.6463623046875, 0.0
31757959, 180, 180, 897.1341552734375, 0.0
31763128, 180, 180, 905.1829223632812, 0.0
31765429, 180, 180, 909.4512329101562, 0.0
31770611, 180, 180, 913.719482421875, 0.0
31772914, 180, 180, 924.4512329101562, 0.0
31778087, 180, 180, 901.219482421875, 0.0
31780391, 180, 180, 897.9268188476562, 0.0
31785574, 180, 180, 919.6341552734375, 0.0
31787878, 180, 180, 924.1463623046875, 0.0
31793051, 180, 180, 931.5244140625, 0.0
31795357, 180, 180, 908.0487670898438, 0.0
31800535, 180, 180, 912.1951293945312, 0.0
31802833, 180, 180, 900.9146118164062, 0.0
31808004, 180, 180, 919.1463623046875, 0.0
31810221, 180, 180, 866.9512329101562, 0.0
31818176, 180, 180, 924.0853881835938, 0.0
31821166, 180, 180, 918.1097412109375, 0.0
31823374, 180, 180, 927.256103515625, 0.0
31831014, 180, 180, 890.6097412109375, 0.0
31833819, 180, 180, 901.768310546875, 0.0
31836364, 180, 180, 880.1219482421875, 0.0
31838566, 180, 180, 912.256103515625, 0.0
31846026, 180, 180, 932.743896484375, 0.0
31848829, 180, 180, 932.3780517578125, 0.0
31851375, 180, 180, 930.9755859375, 0.0
31853577, 180, 180, 915.48779296875, 0.0
31861031, 180, 180, 907.9268188476562, 0.0
31863837, 180, 180, 912.98779296875, 0.0
31866380, 180, 180, 947.6829223632812, 0.0
31868578, 180, 180, 945.0, 0.0
31876031, 180, 180, 872.5609741210938, 0.0
31878831, 180, 180, 932.1951293945312, 0.0
31881376, 180, 180, 917.5609741210938, 0.0
31883577, 180, 180, 894.2073364257812, 0.0
31891027, 180, 180, 946.9512329101562, 0.0
31893834, 180, 180, 918.8414916992188, 0.0
31896380, 180, 180, 905.3048706054688, 0.0
31898581, 180, 180, 920.1829223632812, 0.0
31906022, 180, 180, 897.743896484375, 0.0
31909447, 180, 180, 889.756103515625, 0.0
31911647, 180, 180, 913.1097412109375, 0.0
31927819, 180, 180, 911.4634399414062, 0.0
31930626, 180, 180, 879.3292846679688, 0.0
31933623, 180, 180, 863.4755859375, 0.0
31935822, 180, 180, 900.9146118164062, 0.0
31943265, 180, 180, 892.3170776367188, 0.0
31945558, 180, 180, 873.9634399414062, 0.0
31950737, 180, 180, 908.5975341796875, 0.0
31953032, 180, 180, 874.1463623046875, 0.0
31958205, 180, 180, 897.6219482421875, 0.0
31960506, 180, 180, 913.6585083007812, 0.0
31965687, 180, 180, 877.01220703125, 0.0
31967984, 180, 180, 872.8658447265625, 0.0
31973152, 180, 180, 902.6219482421875, 0.0
31975454, 180, 180, 928.3536376953125, 0.0
31980634, 180, 180, 876.219482421875, 0.0
31982933, 180, 180, 891.1585083007812, 0.0
31988104, 180, 180, 908.719482421875, 0.0
31990404, 180, 180, 888.4755859375, 0.0
31995577, 180, 180, 892.5, 0.0
31997874, 180, 180, 936.219482421875, 0.0
32003053, 180, 180, 892.6829223632812, 0.0
32005345, 180, 180, 910.0, 0.0
32010519, 180, 180, 902.6829223632812, 0.0
32012821, 180, 180, 896.5244140625, 0.0
32017987, 180, 180, 898.0487670898438, 0.0
32020284, 180, 180, 867.743896484375, 0.0
32025461, 180, 180, 913.3536376953125, 0.0
32027759, 180, 180, 937.0731811523438, 0.0
32032935, 180, 180, 884.1463623046875, 0.0
32035234, 180, 180, 883.719482421875, 0.0
32040405, 180, 180, 897.5609741210938, 0.0
32042704, 180, 180, 929.0853881835938, 0.0
32047876, 180, 180, 908.4755859375, 0.0
32050177, 180, 180, 887.256103515625, 0.0
32055353, 180, 180, 893.1097412109375, 0.0
32057655, 180, 180, 913.6585083007812, 0.0
32062822, 180, 180, 875.9755859375, 0.0
32065124, 180, 180, 860.7926635742188, 0.0
32070304, 180, 180, 921.8902587890625, 0.0
32072600, 180, 180, 926.8902587890625, 0.0
32077783, 180, 180, 904.6951293945312, 0.0
32080081, 180, 180, 929.1463623046875, 0.0
32085253, 180, 180, 892.01220703125, 0.0
32087551, 180, 180, 909.0244140625, 0.0
32092716, 180, 180, 901.0365600585938, 0.0
32095023, 180, 180, 923.8414916992188, 0.0
32100199, 180, 180, 892.256103515625, 0.0
32102497, 180, 180, 896.8292846679688, 0.0
32107675, 180, 180, 906.9512329101562, 0.0
32109980, 180, 180, 888.4146118164062, 0.0
32115156, 180, 180, 920.731689453125, 0.0
32117454, 180, 180, 888.5365600585938, 0.0
32122624, 180, 180, 877.3170776367188, 0.0
32124931, 180, 180, 895.3048706054688, 0.0
32130101, 180, 180, 890.1219482421875, 0.0
32132320, 180, 180, 876.5244140625, 0.0
32140260, 180, 180, 895.0, 0.0
32143249, 180, 180, 925.0, 0.0
32145454, 180, 180, 891.4634399414062, 0.0
32153106, 180, 180, 897.8048706054688, 0.0
32155912, 180, 180, 873.9634399414062, 0.0
32158457, 180, 180, 897.1341552734375, 0.0
32160656, 180, 180, 902.9268188476562, 0.0
32168109, 180, 180, 875.4268188476562, 0.0
32170911, 180, 180, 892.98779296875, 0.0
32173458, 180, 180, 860.9755859375, 0.0
32175661, 180, 180, 844.6951293945312, 0.0
32183108, 180, 180, 899.6951293945312, 0.0
32185912, 180, 180, 888.9024658203125, 0.0
32188457, 180, 180, 885.8536376953125, 0.0
32190657, 180, 180, 907.0731811523438, 0.0
32198106, 180, 180, 919.51220703125, 0.0
32200914, 180, 180, 878.9024658203125, 0.0
32203461, 180, 180, 882.743896484375, 0.0
32205662, 180, 180, 897.8048706054688, 0.0
32213108, 180, 180, 900.731689453125, 0.0
32215915, 180, 180, 898.5975341796875, 0.0
32218459, 180, 180, 893.9634399414062, 0.0
32220659, 180, 180, 894.3902587890625, 0.0
32228104, 180, 180, 897.5, 0.0
32230906, 180, 180, 894.0244140625, 0.0
32233455, 180, 180, 904.6951293945312, 0.0
32235659, 180, 180, 898.231689453125, 0.0
32243116, 180, 180, 879.2073364257812, 0.0
32245920, 180, 180, 876.5853881835938, 0.0
32248462, 180, 180, 873.4755859375, 0.0
32258314, 180, 180, 890.3048706054688, 0.0
32261109, 180, 180, 928.9634399414062, 0.0
32263658, 180, 180, 887.4390258789062, 0.0
32265860, 180, 180, 865.9755859375, 0.0
32273297, 180, 180, 908.4755859375, 0.0
32275597, 180, 180, 930.731689453125, 0.0
32280768, 180, 180, 905.1219482421875, 0.0
32283062, 180, 180, 897.01220703125, 0.0
32288230, 180, 180, 905.9755859375, 0.0
32290528, 180, 180, 877.0731811523438, 0.0
32295705, 180, 180, 895.8536376953125, 0.0
32298005, 180, 180, 877.6829223632812, 0.0
32303182, 180, 180, 906.3414916992188, 0.0
32305485, 180, 180, 889.4512329101562, 0.0
32310652, 180, 180, 904.6951293945312, 0.0
32312948, 180, 180, 884.6951293945312, 0.0
32318114, 180, 180, 886.219482421875, 0.0
32320416, 180, 180, 888.6585083007812, 0.0
32323456, 180, 180, 927.256103515625, 0.0
32325673, 180, 180, 881.8292846679688, 0.0
32333120, 180, 180, 883.231689453125, 0.0
32335924, 180, 180, 896.5853881835938, 0.0
32338467, 180, 180, 884.3902587890625, 0.0
32340667, 180, 180, 907.3780517578125, 0.0
32348118, 180, 180, 873.4146118164062, 0.0
32350916, 180, 180, 843.5975341796875, 0.0
32353463, 180, 180, 872.01220703125, 0.0
32355666, 180, 180, 889.51220703125, 0.0
32363108, 180, 180, 931.7073364257812, 0.0
32365911, 180, 180, 904.2073364257812, 0.0
32368457, 180, 180, 893.1707153320312, 0.0
32370660, 180, 180, 886.9512329101562, 0.0
32378100, 180, 180, 885.8536376953125, 0.0
32380314, 180, 180, 901.9512329101562, 0.0
32392165, 180, 180, 904.3902587890625, 0.0
32394380, 180, 180, 897.1951293945312, 0.0
32406461, 180, 180, 913.4146118164062, 0.0
32409113, 180, 180, 900.4268188476562, 0.0
32411396, 180, 180, 899.3292846679688, 0.0
32421101, 180, 180, 899.0853881835938, 0.0
32424090, 180, 180, 880.6097412109375, 0.0
32426369, 180, 180, 883.2926635742188, 0.0
32436080, 180, 180, 911.4024658203125, 0.0
32439072, 180, 180, 935.731689453125, 0.0
32441356, 180, 180, 913.5365600585938, 0.0
32451050, 180, 180, 865.48779296875, 0.0
32454051, 180, 180, 919.51220703125, 0.0
32456334, 180, 180, 912.98779296875, 0.0
32466038, 180, 180, 899.5731811523438, 0.0
32469025, 180, 180, 902.1951293945312, 0.0
32471312, 180, 180, 872.5609741210938, 0.0
32481031, 180, 180, 904.4512329101562, 0.0
32484006, 180, 180, 904.5731811523438, 0.0
32486291, 180, 180, 902.8048706054688, 0.0
32496008, 180, 180, 899.8780517578125, 0.0
32499000, 180, 180, 913.1097412109375, 0.0
32501285, 180, 180, 897.9268188476562, 0.0
32511001, 180, 180, 887.9268188476562, 0.0
32513983, 180, 180, 904.9390258789062, 0.0
32516269, 180, 180, 908.8414916992188, 0.0
32525978, 180, 180, 904.4512329101562, 0.0
32528958, 180, 180, 880.0609741210938, 0.0
32531242, 180, 180, 877.6829223632812, 0.0
32540953, 180, 180, 916.280517578125, 0.0
32543944, 180, 180, 919.3292846679688, 0.0
32546227, 180, 180, 881.3414916992188, 0.0
32555940, 180, 180, 920.3048706054688, 0.0
32558876, 180, 180, 904.5731811523438, 0.0
32561077, 180, 180, 913.231689453125, 0.0
32577668, 180, 180, 908.4755859375, 0.0
32580233, 180, 180, 917.4390258789062, 0.0
32582513, 180, 180, 902.8048706054688, 0.0
32587691, 180, 180, 918.6585083007812, 0.0
32589993, 180, 180, 924.756103515625, 0.0
32595165, 180, 180, 913.6585083007812, 0.0
32597465, 180, 180, 892.01220703125, 0.0
32602634, 180, 180, 900.6707153320312, 0.0
32604933, 180, 180, 900.731689453125, 0.0
32610113, 180, 180, 946.219482421875, 0.0
32612410, 180, 180, 940.6707153320312, 0.0
32622931, 180, 180, 941.5853881835938, 0.0
32625144, 180, 180, 912.8048706054688, 0.0
32637802, 180, 180, 932.3780517578125, 0.0
32640016, 180, 180, 923.5365600585938, 0.0
32652680, 180, 180, 923.3536376953125, 0.0
32654893, 180, 180, 929.6341552734375, 0.0
32667559, 180, 180, 892.256103515625, 0.0
32669777, 180, 180, 894.3292846679688, 0.0
32677227, 180, 180, 934.4512329101562, 0.0
32679525, 180, 180, 905.6097412109375, 0.0
32689925, 180, 180, 924.1463623046875, 0.0
32692140, 180, 180, 899.756103515625, 0.0
32699581, 180, 180, 933.4755859375, 0.0
32701882, 180, 180, 896.5244140625, 0.0
32712785, 180, 180, 912.4390258789062, 0.0
32714999, 180, 180, 900.7926635742188, 0.0
32722439, 180, 180, 894.8780517578125, 0.0
32724741, 180, 180, 907.01220703125, 0.0
32729914, 180, 180, 892.8048706054688, 0.0
32732216, 180, 180, 900.3048706054688, 0.0
32737385, 180, 180, 922.8658447265625, 0.0
32739684, 180, 180, 940.7926635742188, 0.0
32744855, 180, 180, 875.9755859375, 0.0
32747154, 180, 180, 903.0487670898438, 0.0
32752329, 180, 180, 937.9268188476562, 0.0
32754627, 180, 180, 927.6219482421875, 0.0
32759800, 180, 180, 919.8170776367188, 0.0
32762014, 180, 180, 895.6097412109375, 0.0
32776162, 180, 180, 902.5609741210938, 0.0
32778458, 180, 180, 925.731689453125, 0.0
32788138, 180, 180, 944.6951293945312, 0.0
32791138, 180, 180, 938.4755859375, 0.0
32793424, 180, 180, 908.8414916992188, 0.0
32803126, 180, 180, 900.4268188476562, 0.0
32806117, 180, 180, 905.9146118164062, 0.0
32808404, 180, 180, 894.5731811523438, 0.0
32818117, 180, 180, 926.0975341796875, 0.0
32821109, 180, 180, 912.98779296875, 0.0
32823395, 180, 180, 896.0365600585938, 0.0
32833091, 180, 180, 933.4146118164062, 0.0
32836092, 180, 180, 897.4390258789062, 0.0
32838376, 180, 180, 917.01220703125, 0.0
32848076, 180, 180, 892.3170776367188, 0.0
32851022, 180, 180, 938.231689453125, 0.0
32853217, 180, 180, 936.768310546875, 0.0
32869838, 180, 180, 916.3414916992188, 0.0
32872400, 180, 180, 947.9268188476562, 0.0
32874685, 180, 180, 919.2073364257812, 0.0
32879859, 180, 180, 920.5487670898438, 0.0
32882074, 180, 180, 920.6097412109375, 0.0
32893927, 180, 180, 924.8170776367188, 0.0
32896145, 180, 180, 899.756103515625, 0.0
32908060, 180, 180, 926.768310546875, 0.0
32910993, 180, 180, 930.6097412109375, 0.0
32913278, 180, 180, 929.9390258789062, 0.0
32922984, 180, 180, 925.48779296875, 0.0
32925973, 180, 180, 932.4390258789062, 0.0
32928258, 180, 180, 936.6463623046875, 0.0
32937962, 180, 180, 903.231689453125, 0.0
32940953, 180, 180, 899.8780517578125, 0.0
32943241, 180, 180, 924.756103515625, 0.0
32952945, 180, 180, 925.7926635742188, 0.0
32955933, 180, 180, 917.256103515625, 0.0
32958217, 180, 180, 932.8048706054688, 0.0
32967931, 180, 180, 938.6585083007812, 0.0
32970922, 180, 180, 930.6707153320312, 0.0
32973206, 180, 180, 912.1951293945312, 0.0
32982911, 180, 180, 936.768310546875, 0.0
32985900, 180, 180, 969.6951293945312, 0.0
32988186, 180, 180, 947.4390258789062, 0.0
32997887, 180, 180, 907.1341552734375, 0.0
33000888, 180, 180, 903.1097412109375, 0.0
33003167, 180, 180, 973.8414916992188, 0.0
33012883, 180, 180, 921.5244140625, 0.0
33015862, 180, 180, 958.9634399414062, 0.0
33018148, 180, 180, 944.8170776367188, 0.0
33027872, 180, 180, 953.0487670898438, 0.0
33030855, 180, 180, 896.0975341796875, 0.0
33033139, 180, 180, 903.4755859375, 0.0
33042851, 180, 180, 953.0487670898438, 0.0
33045827, 180, 180, 967.9268188476562, 0.0
33048114, 180, 180, 947.3780517578125, 0.0
33057831, 180, 180, 959.3902587890625, 0.0
33060811, 180, 180, 905.6707153320312, 0.0
33063095, 180, 180, 940.9146118164062, 0.0
33072813, 180, 180, 898.9634399414062, 0.0
33075791, 180, 180, 937.1951293945312, 0.0
33078076, 180, 180, 907.1341552734375, 0.0
33087789, 180, 180, 953.231689453125, 0.0
33090782, 180, 180, 909.6341552734375, 0.0
33093066, 180, 180, 905.0, 0.0
33102771, 180, 180, 949.8170776367188, 0.0
33105758, 180, 180, 928.780517578125, 0.0
33108041, 180, 180, 949.5731811523438, 0.0
33124304, 180, 180, 932.6219482421875, 0.0
33126862, 180, 180, 947.6829223632812, 0.0
33129149, 180, 180, 954.6951293945312, 0.0
33139564, 180, 180, 936.9512329101562, 0.0
33141777, 180, 180, 940.48779296875, 0.0
33154440, 180, 180, 963.2926635742188, 0.0
33156657, 180, 180, 956.5853881835938, 0.0
33164101, 180, 180, 946.8292846679688, 0.0
33166399, 180, 180, 958.9634399414062, 0.0
33176811, 180, 180, 921.768310546875, 0.0
33179026, 180, 180, 935.0, 0.0
33186466, 180, 180, 950.6707153320312, 0.0
33188764, 180, 180, 937.9268188476562, 0.0
33199671, 180, 180, 936.4634399414062, 0.0
33201886, 180, 180, 932.743896484375, 0.0
33209319, 180, 180, 939.9390258789062, 0.0
33211614, 180, 180, 933.4755859375, 0.0
33216782, 180, 180, 962.256103515625, 0.0
33219085, 180, 180, 930.6097412109375, 0.0
33224264, 180, 180, 950.243896484375, 0.0
33226559, 180, 180, 981.5244140625, 0.0
33237038, 180, 180, 932.3170776367188, 0.0
33239257, 180, 180, 948.3536376953125, 0.0
33251912, 180, 180, 942.6829223632812, 0.0
33254126, 180, 180, 922.6829223632812, 0.0
33266782, 180, 180, 970.1829223632812, 0.0
33268999, 180, 180, 953.8414916992188, 0.0
33281729, 180, 180, 946.768310546875, 0.0
33283944, 180, 180, 937.1951293945312, 0.0
33296662, 180, 180, 961.5853881835938, 0.0
33298887, 180, 180, 966.7073364257812, 0.0
33311593, 180, 180, 930.9755859375, 0.0
33313810, 180, 180, 920.7926635742188, 0.0
33334756, 180, 180, 940.1829223632812, 0.0
33336980, 180, 180, 963.719482421875, 0.0
33349213, 180, 180, 936.5244140625, 0.0
33351429, 180, 180, 949.5731811523438, 0.0
33358870, 180, 180, 952.3170776367188, 0.0
33361169, 180, 180, 983.9024658203125, 0.0
33371584, 180, 180, 948.5365600585938, 0.0
33373800, 180, 180, 932.6219482421875, 0.0
33381247, 180, 180, 967.3170776367188, 0.0
33383541, 180, 180, 951.280517578125, 0.0
33393949, 180, 180, 967.5, 0.0
33396167, 180, 180, 1002.256103515625, 0.0
33403614, 180, 180, 970.0, 0.0
33405909, 180, 180, 936.5853881835938, 0.0
33416816, 180, 180, 951.5853881835938, 0.0
33419034, 180, 180, 937.5609741210938, 0.0
33431749, 180, 180, 916.3414916992188, 0.0
33433970, 180, 180, 927.4390258789062, 0.0
33446688, 180, 180, 977.8048706054688, 0.0
33448906, 180, 180, 952.1341552734375, 0.0
33461617, 180, 180, 952.4390258789062, 0.0
33463833, 180, 180, 941.7073364257812, 0.0
33476143, 180, 180, 945.1219482421875, 0.0
33478704, 180, 180, 979.8170776367188, 0.0
33480987, 180, 180, 944.2073364257812, 0.0
33491427, 180, 180, 985.6097412109375, 0.0
33493641, 180, 180, 983.9634399414062, 0.0
33501091, 180, 180, 933.4755859375, 0.0
33503306, 180, 180, 940.8536376953125, 0.0
33521664, 180, 180, 934.51220703125, 0.0
33523877, 180, 180, 950.731689453125, 0.0
33536203, 180, 180, 955.243896484375, 0.0
33538766, 180, 180, 957.5, 0.0
33541053, 180, 180, 955.243896484375, 0.0
33546223, 180, 180, 948.0487670898438, 0.0
33548525, 180, 180, 936.4024658203125, 0.0
33553703, 180, 180, 967.98779296875, 0.0
33556008, 180, 180, 959.8170776367188, 0.0
33561185, 180, 180, 991.280517578125, 0.0
33563484, 180, 180, 997.3170776367188, 0.0
33568659, 180, 180, 964.3292846679688, 0.0
33570958, 180, 180, 957.5609741210938, 0.0
33576124, 180, 180, 929.9390258789062, 0.0
33578427, 180, 180, 906.8292846679688, 0.0
33583607, 180, 180, 974.8170776367188, 0.0
33585907, 180, 180, 960.8536376953125, 0.0
33591082, 180, 180, 959.5731811523438, 0.0
33593383, 180, 180, 954.3902587890625, 0.0
33598558, 180, 180, 934.2073364257812, 0.0
33600856, 180, 180, 961.219482421875, 0.0
33606032, 180, 180, 916.4024658203125, 0.0
33608336, 180, 180, 945.7926635742188, 0.0
33613509, 180, 180, 969.8780517578125, 0.0
33615808, 180, 180, 966.7073364257812, 0.0
33620985, 180, 180, 957.256103515625, 0.0
33623286, 180, 180, 951.6463623046875, 0.0
33628459, 180, 180, 940.3658447265625, 0.0
33630675, 180, 180, 939.5731811523438, 0.0
33644869, 180, 180, 957.6219482421875, 0.0
33647088, 180, 180, 970.0609741210938, 0.0
33663721, 180, 180, 974.2073364257812, 0.0
33666282, 180, 180, 979.4512329101562, 0.0
33668567, 180, 180, 962.3170776367188, 0.0
33673741, 180, 180, 955.243896484375, 0.0
33676045, 180, 180, 937.5609741210938, 0.0
33681222, 180, 180, 994.3902587890625, 0.0
33683522, 180, 180, 950.1219482421875, 0.0
33688707, 180, 180, 952.3170776367188, 0.0
33691007, 180, 180, 978.780517578125, 0.0
33696188, 180, 180, 943.1097412109375, 0.0
33698491, 180, 180, 977.98779296875, 0.0
33703667, 180, 180, 926.3414916992188, 0.0
33705966, 180, 180, 923.1707153320312, 0.0
33711138, 180, 180, 981.3414916992188, 0.0
33713354, 180, 180, 942.3780517578125, 0.0
33725215, 180, 180, 942.5, 0.0
33727435, 180, 180, 918.1097412109375, 0.0
33739447, 180, 180, 971.219482421875, 0.0
33742489, 180, 180, 991.0975341796875, 0.0
33744778, 180, 180, 967.9268188476562, 0.0
33754446, 180, 180, 940.731689453125, 0.0
33757469, 180, 180, 958.231689453125, 0.0
33759748, 180, 180, 997.9268188476562, 0.0
33769421, 180, 180, 926.9512329101562, 0.0
33772451, 180, 180, 927.8658447265625, 0.0
33774735, 180, 180, 957.9268188476562, 0.0
33784411, 180, 180, 973.780517578125, 0.0
33787434, 180, 180, 954.2073364257812, 0.0
33789717, 180, 180, 951.0365600585938, 0.0
33806290, 180, 180, 954.8170776367188, 0.0
33808829, 180, 180, 998.0487670898438, 0.0
33811109, 180, 180, 998.719482421875, 0.0
33821031, 180, 180, 912.4390258789062, 0.0
33823601, 180, 180, 938.4755859375, 0.0
33826391, 180, 180, 961.280517578125, 0.0
33828936, 180, 180, 977.5609741210938, 0.0
33831138, 180, 180, 971.8902587890625, 0.0
33838586, 180, 180, 953.231689453125, 0.0
33841384, 180, 180, 962.98779296875, 0.0
33843935, 180, 180, 939.1463623046875, 0.0
33846135, 180, 180, 962.8658447265625, 0.0
33853586, 180, 180, 953.3536376953125, 0.0
33856384, 180, 180, 953.231689453125, 0.0
33858928, 180, 180, 950.9146118164062, 0.0
33861127, 180, 180, 951.5853881835938, 0.0
33868568, 180, 180, 969.2073364257812, 0.0
33871370, 180, 180, 978.4755859375, 0.0
33873918, 180, 180, 952.3170776367188, 0.0
33876118, 180, 180, 942.8048706054688, 0.0
33883560, 180, 180, 964.9390258789062, 0.0
33886365, 180, 180, 936.4024658203125, 0.0
33888909, 180, 180, 976.280517578125, 0.0
33891111, 180, 180, 938.8414916992188, 0.0
33898560, 180, 180, 924.0244140625, 0.0
33901367, 180, 180, 955.6707153320312, 0.0
33903914, 180, 180, 950.48779296875, 0.0
33906115, 180, 180, 970.6097412109375, 0.0
33913570, 180, 180, 966.7073364257812, 0.0
33916374, 180, 180, 946.1585083007812, 0.0
33918918, 180, 180, 933.1707153320312, 0.0
33921117, 180, 180, 927.1341552734375, 0.0
33935292, 180, 180, 963.6585083007812, 0.0
33938097, 180, 180, 950.1829223632812, 0.0
33941074, 180, 180, 973.9634399414062, 0.0
33943275, 180, 180, 942.6219482421875, 0.0
33950718, 180, 180, 965.4268188476562, 0.0
33953018, 180, 180, 966.8902587890625, 0.0
33958194, 180, 180, 968.5365600585938, 0.0
33960493, 180, 180, 968.780517578125, 0.0
33965666, 180, 180, 975.9755859375, 0.0
33967967, 180, 180, 935.7926635742188, 0.0
33973142, 180, 180, 959.3292846679688, 0.0
33975440, 180, 180, 964.4512329101562, 0.0
33980615, 180, 180, 956.0365600585938, 0.0
33982919, 180, 180, 960.9146118164062, 0.0
33988094, 180, 180, 956.6463623046875, 0.0
33990396, 180, 180, 938.4146118164062, 0.0
33995564, 180, 180, 946.7073364257812, 0.0
33997865, 180, 180, 959.3292846679688, 0.0
34003039, 180, 180, 935.243896484375, 0.0
34005338, 180, 180, 959.6951293945312, 0.0
34010507, 180, 180, 976.0975341796875, 0.0
34012812, 180, 180, 945.4268188476562, 0.0
34017985, 180, 180, 960.0609741210938, 0.0
34020282, 180, 180, 941.0975341796875, 0.0
34025453, 180, 180, 947.5609741210938, 0.0
34027668, 180, 180, 957.3780517578125, 0.0
34039424, 180, 180, 972.6829223632812, 0.0
34041640, 180, 180, 962.256103515625, 0.0
34053532, 180, 180, 936.4024658203125, 0.0
34056095, 180, 180, 950.1219482421875, 0.0
34058377, 180, 180, 974.3902587890625, 0.0
34063543, 180, 180, 935.7926635742188, 0.0
34065845, 180, 180, 947.01220703125, 0.0
34071015, 180, 180, 944.2073364257812, 0.0
34073315, 180, 180, 942.1341552734375, 0.0
34078491, 180, 180, 951.0365600585938, 0.0
34080788, 180, 180, 969.756103515625, 0.0
34085959, 180, 180, 941.9512329101562, 0.0
34088262, 180, 180, 941.1585083007812, 0.0
34091295, 180, 180, 936.5244140625, 0.0
34093510, 180, 180, 925.731689453125, 0.0
34100957, 180, 180, 971.1585083007812, 0.0
34103764, 180, 180, 948.2926635742188, 0.0
34106312, 180, 180, 927.1951293945312, 0.0
34108514, 180, 180, 956.0365600585938, 0.0
34115963, 180, 180, 943.5365600585938, 0.0
34118767, 180, 180, 919.8780517578125, 0.0
34121313, 180, 180, 920.1829223632812, 0.0
34123513, 180, 180, 959.4512329101562, 0.0
34130954, 180, 180, 915.7926635742188, 0.0
34133254, 180, 180, 933.780517578125, 0.0
34138437, 180, 180, 940.3658447265625, 0.0
34140733, 180, 180, 924.6951293945312, 0.0
34145904, 180, 180, 988.719482421875, 0.0
34148199, 180, 180, 967.6219482421875, 0.0
34153372, 180, 180, 936.0365600585938, 0.0
34155674, 180, 180, 963.4146118164062, 0.0
34160845, 180, 180, 919.3902587890625, 0.0
34163146, 180, 180, 940.1829223632812, 0.0
34168330, 180, 180, 946.1585083007812, 0.0
34170629, 180, 180, 971.5244140625, 0.0
34175804, 180, 180, 968.1097412109375, 0.0
34178102, 180, 180, 930.9146118164062, 0.0
34183281, 180, 180, 945.9146118164062, 0.0
34185583, 180, 180, 937.9268188476562, 0.0
34190762, 180, 180, 980.243896484375, 0.0
34193063, 180, 180, 941.3414916992188, 0.0
34198237, 180, 180, 893.231689453125, 0.0
34200533, 180, 180, 961.8292846679688, 0.0
34205714, 180, 180, 953.231689453125, 0.0
34208011, 180, 180, 924.5731811523438, 0.0
34213179, 180, 180, 960.1219482421875, 0.0
34215400, 180, 180, 935.9146118164062, 0.0
34220706, 180, 180, 931.0975341796875, 0.0
34223002, 180, 180, 976.6463623046875, 0.0
34233396, 180, 180, 986.0975341796875, 0.0
34235957, 180, 180, 946.280517578125, 0.0
34238156, 180, 180, 890.6097412109375, 0.0
34250018, 180, 180, 939.268310546875, 0.0
34252322, 180, 180, 947.6219482421875, 0.0
34262842, 180, 180, 929.0853881835938, 0.0
34265401, 180, 180, 923.9634399414062, 0.0
34267601, 180, 180, 930.7926635742188, 0.0
34279450, 180, 180, 941.4634399414062, 0.0
34281663, 180, 180, 933.8414916992188, 0.0
34293808, 180, 180, 917.3780517578125, 0.0
34296822, 180, 180, 961.768310546875, 0.0
34299107, 180, 180, 946.280517578125, 0.0
34308792, 180, 180, 947.01220703125, 0.0
34311789, 180, 180, 963.5365600585938, 0.0
34314075, 180, 180, 948.6585083007812, 0.0
34323773, 180, 180, 943.5975341796875, 0.0
34326771, 180, 180, 962.98779296875, 0.0
34329055, 180, 180, 972.743896484375, 0.0
34338746, 180, 180, 932.3780517578125, 0.0
34341757, 180, 180, 979.8780517578125, 0.0
34344040, 180, 180, 956.9512329101562, 0.0
34353735, 180, 180, 914.51220703125, 0.0
34356742, 180, 180, 916.5853881835938, 0.0
34359024, 180, 180, 969.0853881835938, 0.0
34368714, 180, 180, 913.4146118164062, 0.0
34371727, 180, 180, 933.2926635742188, 0.0
34374010, 180, 180, 962.1341552734375, 0.0
34383699, 180, 180, 955.5487670898438, 0.0
34386701, 180, 180, 927.5, 0.0
34388987, 180, 180, 922.6219482421875, 0.0
34398680, 180, 180, 940.5487670898438, 0.0
34401243, 180, 180, 946.4024658203125, 0.0
34403530, 180, 180, 936.0365600585938, 0.0
34413157, 180, 180, 935.1219482421875, 0.0
34415723, 180, 180, 936.6463623046875, 0.0
34418008, 180, 180, 955.0, 0.0
34423298, 180, 180, 933.5975341796875, 0.0
34425599, 180, 180, 934.3292846679688, 0.0
34430893, 180, 180, 941.0975341796875, 0.0
34433192, 180, 180, 943.5975341796875, 0.0
34439151, 180, 180, 951.280517578125, 0.0
34441453, 180, 180, 939.6951293945312, 0.0
34451131, 180, 180, 940.0609741210938, 0.0
34454123, 180, 180, 927.5609741210938, 0.0
34456409, 180, 180, 916.4024658203125, 0.0
34466098, 180, 180, 943.9024658203125, 0.0
34469113, 180, 180, 929.6341552734375, 0.0
34471397, 180, 180, 935.9146118164062, 0.0
34487997, 180, 180, 959.9390258789062, 0.0
34490535, 180, 180, 958.9634399414062, 0.0
34492821, 180, 180, 961.280517578125, 0.0
34502700, 180, 180, 898.3536376953125, 0.0
34505272, 180, 180, 906.1585083007812, 0.0
34508061, 180, 180, 921.5244140625, 0.0
34510608, 180, 180, 946.8292846679688, 0.0
34512810, 180, 180, 993.5365600585938, 0.0
34520258, 180, 180, 935.243896484375, 0.0
34523063, 180, 180, 917.3780517578125, 0.0
34525607, 180, 180, 925.4268188476562, 0.0
34527808, 180, 180, 925.731689453125, 0.0
34535258, 180, 180, 942.3780517578125, 0.0
34538057, 180, 180, 960.5487670898438, 0.0
34540605, 180, 180, 907.01220703125, 0.0
34542808, 180, 180, 913.780517578125, 0.0
34556934, 180, 180, 953.8414916992188, 0.0
34560394, 180, 180, 929.0244140625, 0.0
34562597, 180, 180, 920.7926635742188, 0.0
34572296, 180, 180, 957.5, 0.0
34575100, 180, 180, 950.5487670898438, 0.0
34578094, 180, 180, 942.6219482421875, 0.0
34580297, 180, 180, 909.2073364257812, 0.0
34587740, 180, 180, 937.1951293945312, 0.0
34590040, 180, 180, 923.231689453125, 0.0
34595280, 180, 180, 949.8780517578125, 0.0
34597581, 180, 180, 934.9390258789062, 0.0
34602752, 180, 180, 915.9146118164062, 0.0
34605050, 180, 180, 931.4634399414062, 0.0
34610229, 180, 180, 954.268310546875, 0.0
34612533, 180, 180, 943.231689453125, 0.0
34617708, 180, 180, 929.5731811523438, 0.0
34620009, 180, 180, 935.5487670898438, 0.0
34625188, 180, 180, 922.8658447265625, 0.0
34627487, 180, 180, 903.1097412109375, 0.0
34632660, 180, 180, 936.219482421875, 0.0
34634953, 180, 180, 950.0609741210938, 0.0
34640124, 180, 180, 948.231689453125, 0.0
34642423, 180, 180, 914.0244140625, 0.0
34647980, 180, 180, 929.8780517578125, 0.0
34650195, 180, 180, 920.5487670898438, 0.0
34664689, 180, 180, 937.6219482421875, 0.0
34667645, 180, 180, 962.3780517578125, 0.0
34669847, 180, 180, 954.51220703125, 0.0
34677520, 180, 180, 932.5, 0.0
34680322, 180, 180, 935.8536376953125, 0.0
34682872, 180, 180, 962.3780517578125, 0.0
34685071, 180, 180, 953.1707153320312, 0.0
34692528, 180, 180, 924.9390258789062, 0.0
34695332, 180, 180, 935.1829223632812, 0.0
34697879, 180, 180, 928.719482421875, 0.0
34700081, 180, 180, 946.219482421875, 0.0
34707527, 180, 180, 931.9512329101562, 0.0
34710328, 180, 180, 935.1219482421875, 0.0
34712879, 180, 180, 942.6829223632812, 0.0
34715079, 180, 180, 968.1707153320312, 0.0
34722526, 180, 180, 925.4268188476562, 0.0
34725328, 180, 180, 926.280517578125, 0.0
34727871, 180, 180, 968.2926635742188, 0.0
34730072, 180, 180, 925.6097412109375, 0.0
34737521, 180, 180, 957.8658447265625, 0.0
34740947, 180, 180, 927.01220703125, 0.0
34743148, 180, 180, 928.9634399414062, 0.0
34757231, 180, 180, 963.3536376953125, 0.0
34759793, 180, 180, 951.6463623046875, 0.0
34762077, 180, 180, 948.9024658203125, 0.0
34772501, 180, 180, 919.0244140625, 0.0
34774721, 180, 180, 936.219482421875, 0.0
34787444, 180, 180, 953.3536376953125, 0.0
34789661, 180, 180, 947.3170776367188, 0.0
34802366, 180, 180, 929.3902587890625, 0.0
34804581, 180, 180, 928.0487670898438, 0.0
34817248, 180, 180, 909.756103515625, 0.0
34819466, 180, 180, 919.1463623046875, 0.0
34832601, 180, 180, 936.4634399414062, 0.0
34834821, 180, 180, 959.6951293945312, 0.0
34847480, 180, 180, 886.280517578125, 0.0
34849696, 180, 180, 908.8414916992188, 0.0
34862354, 180, 180, 950.7926635742188, 0.0
34864575, 180, 180, 917.9268188476562, 0.0
34872018, 180, 180, 935.731689453125, 0.0
34874319, 180, 180, 917.1951293945312, 0.0
34884729, 180, 180, 932.98779296875, 0.0
34886947, 180, 180, 912.01220703125, 0.0
34894384, 180, 180, 973.1707153320312, 0.0
34896685, 180, 180, 932.9268188476562, 0.0
34907589, 180, 180, 961.1585083007812, 0.0
34909802, 180, 180, 963.0487670898438, 0.0
34917250, 180, 180, 931.768310546875, 0.0
34919551, 180, 180, 932.4390258789062, 0.0
34924729, 180, 180, 913.1097412109375, 0.0
34927029, 180, 180, 926.0975341796875, 0.0
34932199, 180, 180, 946.4634399414062, 0.0
34934501, 180, 180, 956.6463623046875, 0.0
34939677, 180, 180, 953.1097412109375, 0.0
34941977, 180, 180, 912.6219482421875, 0.0
34947146, 180, 180, 926.8292846679688, 0.0
34949443, 180, 180, 932.256103515625, 0.0
34954611, 180, 180, 931.6463623046875, 0.0
34956913, 180, 180, 968.719482421875, 0.0
34962082, 180, 180, 956.0365600585938, 0.0
34964380, 180, 180, 937.8658447265625, 0.0
34969559, 180, 180, 894.6951293945312, 0.0
34971860, 180, 180, 915.9755859375, 0.0
34977031, 180, 180, 928.719482421875, 0.0
34979330, 180, 180, 949.8170776367188, 0.0
34984499, 180, 180, 919.51220703125, 0.0
34986802, 180, 180, 933.4146118164062, 0.0
34991978, 180, 180, 928.1097412109375, 0.0
34994272, 180, 180, 944.1463623046875, 0.0
34999455, 180, 180, 935.3048706054688, 0.0
35001754, 180, 180, 923.6585083007812, 0.0
35006927, 180, 180, 956.5853881835938, 0.0
35009224, 180, 180, 934.6341552734375, 0.0
35014391, 180, 180, 927.1341552734375, 0.0
35016692, 180, 180, 911.4634399414062, 0.0
35021870, 180, 180, 925.5487670898438, 0.0
35024171, 180, 180, 919.8780517578125, 0.0
35029343, 180, 180, 928.780517578125, 0.0
35031643, 180, 180, 918.5365600585938, 0.0
35036815, 180, 180, 954.2073364257812, 0.0
35039028, 180, 180, 946.8292846679688, 0.0
35053399, 180, 180, 922.3780517578125, 0.0
35055701, 180, 180, 912.8658447265625, 0.0
35065365, 180, 180, 965.1829223632812, 0.0
35068374, 180, 180, 941.5244140625, 0.0
35070660, 180, 180, 915.3658447265625, 0.0
35080353, 180, 180, 948.719482421875, 0.0
35083351, 180, 180, 948.5365600585938, 0.0
35085638, 180, 180, 948.9024658203125, 0.0
35095327, 180, 180, 914.9390258789062, 0.0
35098337, 180, 180, 931.3414916992188, 0.0
35100619, 180, 180, 958.780517578125, 0.0
35110311, 180, 180, 924.9390258789062, 0.0
35113323, 180, 180, 915.1219482421875, 0.0
35115611, 180, 180, 929.2073364257812, 0.0
35125292, 180, 180, 943.1707153320312, 0.0
35128301, 180, 180, 946.280517578125, 0.0
35130582, 180, 180, 917.1341552734375, 0.0
35140177, 180, 180, 943.4755859375, 0.0
35142392, 180, 180, 926.1585083007812, 0.0
35163004, 180, 180, 953.9024658203125, 0.0
35165221, 180, 180, 953.5975341796875, 0.0
35173251, 180, 180, 924.2073364257812, 0.0
35175550, 180, 180, 928.5975341796875, 0.0
35192090, 180, 180, 840.4268188476562, 0.0
35194630, 180, 180, 953.231689453125, 0.0
35196911, 180, 180, 957.4390258789062, 0.0
35206989, 180, 180, 950.8536376953125, 0.0
35209548, 180, 180, 884.1463623046875, 0.0
35211748, 180, 180, 885.1219482421875, 0.0
35223603, 180, 180, 923.4755859375, 0.0
35225816, 180, 180, 899.3292846679688, 0.0
35237710, 180, 180, 936.8902587890625, 0.0
35240666, 180, 180, 949.6951293945312, 0.0
35242949, 180, 180, 908.9024658203125, 0.0
35252646, 180, 180, 948.5975341796875, 0.0
35255644, 180, 180, 917.4390258789062, 0.0
35257926, 180, 180, 909.3902587890625, 0.0
35267618, 180, 180, 919.9390258789062, 0.0
35270627, 180, 180, 874.6341552734375, 0.0
35272914, 180, 180, 925.6707153320312, 0.0
35282597, 180, 180, 938.1097412109375, 0.0
35285563, 180, 180, 910.48779296875, 0.0
35287764, 180, 180, 923.5365600585938, 0.0
35304408, 180, 180, 916.5853881835938, 0.0
35306969, 180, 180, 925.1219482421875, 0.0
35309249, 180, 180, 932.98779296875, 0.0
35314423, 180, 180, 911.5244140625, 0.0
35316724, 180, 180, 924.6341552734375, 0.0
35321902, 180, 180, 900.3658447265625, 0.0
35324199, 180, 180, 915.8536376953125, 0.0
35329368, 180, 180, 902.3780517578125, 0.0
35331669, 180, 180, 895.3658447265625, 0.0
35336848, 180, 180, 915.3048706054688, 0.0
35339145, 180, 180, 900.0609741210938, 0.0
35344312, 180, 180, 917.8658447265625, 0.0
35346608, 180, 180, 952.98779296875, 0.0
35351790, 180, 180, 928.0487670898438, 0.0
35354089, 180, 180, 956.5244140625, 0.0
35359256, 180, 180, 905.3048706054688, 0.0
35361558, 180, 180, 912.1951293945312, 0.0
35366727, 180, 180, 903.9634399414062, 0.0
35369026, 180, 180, 911.7073364257812, 0.0
35379360, 180, 180, 934.3902587890625, 0.0
35381578, 180, 180, 919.51220703125, 0.0
35394238, 180, 180, 864.51220703125, 0.0
35396454, 180, 180, 844.8170776367188, 0.0
35403896, 180, 180, 912.1951293945312, 0.0
35406195, 180, 180, 912.8048706054688, 0.0
35416616, 180, 180, 884.2073364257812, 0.0
35418832, 180, 180, 927.0731811523438, 0.0
35426269, 180, 180, 891.0975341796875, 0.0
35428568, 180, 180, 930.1829223632812, 0.0
35439444, 180, 180, 911.768310546875, 0.0
35441658, 180, 180, 921.8292846679688, 0.0
35449092, 180, 180, 954.3292846679688, 0.0
35451390, 180, 180, 935.0609741210938, 0.0
35456567, 180, 180, 901.6463623046875, 0.0
35458783, 180, 180, 869.5731811523438, 0.0
35472901, 180, 180, 924.9390258789062, 0.0
35475200, 180, 180, 921.4634399414062, 0.0
35491408, 180, 180, 912.1951293945312, 0.0
35493971, 180, 180, 930.4268188476562, 0.0
35496171, 180, 180, 927.5609741210938, 0.0
35515423, 180, 180, 890.1219482421875, 0.0
35517636, 180, 180, 890.6097412109375, 0.0
35529446, 180, 180, 903.9024658203125, 0.0
35531662, 180, 180, 905.7926635742188, 0.0
35546092, 180, 180, 914.51220703125, 0.0
35548896, 180, 180, 888.1707153320312, 0.0
35551893, 180, 180, 951.280517578125, 0.0
35554097, 180, 180, 928.2926635742188, 0.0
35561541, 180, 180, 887.0731811523438, 0.0
35563841, 180, 180, 905.1829223632812, 0.0
35569012, 180, 180, 926.8292846679688, 0.0
35571310, 180, 180, 908.1097412109375, 0.0
35576485, 180, 180, 885.1829223632812, 0.0
35578782, 180, 180, 913.1097412109375, 0.0
35583954, 180, 180, 920.3658447265625, 0.0
35586254, 180, 180, 893.3536376953125, 0.0
35591423, 180, 180, 924.8170776367188, 0.0
35593722, 180, 180, 888.4146118164062, 0.0
35598896, 180, 180, 900.731689453125, 0.0
35601196, 180, 180, 914.9390258789062, 0.0
35606379, 180, 180, 890.0609741210938, 0.0
35608674, 180, 180, 919.268310546875, 0.0
35613847, 180, 180, 892.3780517578125, 0.0
35616145, 180, 180, 893.231689453125, 0.0
35621313, 180, 180, 884.5731811523438, 0.0
35623613, 180, 180, 905.1219482421875, 0.0
35628783, 180, 180, 936.9512329101562, 0.0
35631080, 180, 180, 929.6341552734375, 0.0
35636264, 180, 180, 925.7926635742188, 0.0
35638560, 180, 180, 885.9755859375, 0.0
35643738, 180, 180, 895.7926635742188, 0.0
35646037, 180, 180, 895.1219482421875, 0.0
35651209, 180, 180, 893.4755859375, 0.0
35653510, 180, 180, 924.268310546875, 0.0