(19593498, 0, 0, 0.0, 0.0)
(19595908, 90, 60, 0.0, 0.0)
(19600112, 92, 60, -1.3414634466171265, -1.3414634466171265)
(19602266, 86, 60, 2.195122003555298, 2.195122003555298)
(19640584, 60, 60, 17.19512176513672, 17.19512176513672)
(19643086, 59, 60, 18.04878044128418, 18.04878044128418)
(19645249, 56, 60, 19.7560977935791, 19.7560977935791)
(19659083, 72, 60, 11.09756088256836, 11.09756088256836)
(19661599, 61, 60, 17.012195587158203, 17.012195587158203)
(19663843, 103, 60, -6.158536434173584, -6.158536434173584)
(19669379, 131, 60, -21.890243530273438, -21.890243530273438)
(19671557, 127, 60, -19.390243530273438, -19.390243530273438)
(19698096, 32, 60, 34.024391174316406, 34.024391174316406)
(19700271, 25, 60, 37.621952056884766, 37.621952056884766)
(19741773, 100, 60, -3.170731782913208, -3.170731782913208)
(19743942, 111, 60, -9.268292427062988, -9.268292427062988)
(19785906, 105, 60, -4.878048896789551, -4.878048896789551)
(19788081, 103, 60, -3.9634146690368652, -3.9634146690368652)
(19846661, 104, 60, -3.353658437728882, -3.353658437728882)
(19848828, 100, 60, -1.1585365533828735, -1.1585365533828735)
(19868958, 99, 60, 0.24390244483947754, 0.24390244483947754)
(19871136, 101, 60, -0.792682945728302, -0.792682945728302)
(19917200, 103, 60, -0.9146341681480408, -0.9146341681480408)
(19919462, 106, 60, -2.9268293380737305, -2.9268293380737305)
(19935333, 99, 60, 1.2804877758026123, 1.2804877758026123)
(19937859, 104, 60, -0.9756097793579102, -0.9756097793579102)
(19940106, 99, 60, 1.3414634466171265, 1.3414634466171265)
(19952090, 99, 60, 1.8292683362960815, 1.8292683362960815)
(19954257, 100, 60, 1.2804877758026123, 1.2804877758026123)
(19989340, 104, 60, -0.12195122241973877, -0.12195122241973877)
(19991502, 104, 60, 0.0, 0.0)
(20018475, 108, 60, -1.402438998222351, -1.402438998222351)
(20020642, 104, 60, 0.6707317233085632, 0.6707317233085632)
(20040763, 102, 60, 2.317073106765747, 2.317073106765747)
(20042929, 101, 60, 2.5, 2.5)
(20056765, 106, 60, 0.12195122241973877, 0.12195122241973877)
(20059285, 103, 60, 1.7682926654815674, 1.7682926654815674)
(20061520, 103, 60, 1.8902438879013062, 1.8902438879013062)
(20071087, 112, 60, -2.5609755516052246, -2.5609755516052246)
(20073917, 105, 60, 1.4634146690368652, 1.4634146690368652)
(20076158, 109, 60, -1.1585365533828735, -1.1585365533828735)
(20079115, 107, 60, 0.3048780560493469, 0.3048780560493469)
(20081291, 108, 60, -0.18292683362960815, -0.18292683362960815)
(20093012, 107, 60, 0.3658536672592163, 0.3658536672592163)
(20095527, 101, 60, 4.02439022064209, 4.02439022064209)
(20098270, 116, 60, -4.0853657722473145, -4.0853657722473145)
(20100776, 108, 60, 0.18292683362960815, 0.18292683362960815)
(20102940, 103, 60, 2.9268293380737305, 2.9268293380737305)
(20138583, 107, 60, 1.6463414430618286, 1.6463414430618286)
(20140759, 108, 60, 1.097561001777649, 1.097561001777649)
(20205736, 112, 60, 0.060975611209869385, 0.060975611209869385)
(20207903, 112, 60, 0.12195122241973877, 0.12195122241973877)
(20250377, 118, 60, -2.012195110321045, -2.012195110321045)
(20252543, 117, 60, -1.2195122241973877, -1.2195122241973877)
(20281708, 109, 60, 3.7195122241973877, 3.7195122241973877)
(20283887, 115, 60, 0.060975611209869385, 0.060975611209869385)
(20310904, 119, 60, -1.2195122241973877, -1.2195122241973877)
(20313073, 115, 60, 1.0365853309631348, 1.0365853309631348)
(20333215, 113, 60, 2.378048896789551, 2.378048896789551)
(20335391, 115, 60, 1.3414634466171265, 1.3414634466171265)
(20392078, 118, 60, 0.9756097793579102, 0.9756097793579102)
(20394587, 116, 60, 2.0731706619262695, 2.0731706619262695)
(20396740, 118, 60, 1.2195122241973877, 1.2195122241973877)
(20475029, 123, 60, -0.18292683362960815, -0.18292683362960815)
(20477194, 122, 60, 0.792682945728302, 0.792682945728302)
(20520800, 115, 60, 5.487804889678955, 5.487804889678955)
(20522970, 117, 60, 4.390244007110596, 4.390244007110596)
(20543102, 130, 60, -2.5609755516052246, -2.5609755516052246)
(20545267, 124, 60, 0.8536585569381714, 0.8536585569381714)
(20552617, 127, 60, -0.8536585569381714, -0.8536585569381714)
(20554879, 125, 60, 0.5487805008888245, 0.5487805008888245)
(20565210, 122, 60, 2.317073106765747, 2.317073106765747)
(20567380, 124, 60, 1.402438998222351, 1.402438998222351)
(20588014, 129, 60, -0.8536585569381714, -0.8536585569381714)
(20590191, 130, 60, -1.402438998222351, -1.402438998222351)
(20640213, 133, 60, -1.8292683362960815, -1.8292683362960815)
(20642383, 129, 60, 0.24390244483947754, 0.24390244483947754)
(20654927, 127, 60, 1.4634146690368652, 1.4634146690368652)
(20657104, 128, 60, 1.3414634466171265, 1.3414634466171265)
(20677727, 134, 60, -1.7073171138763428, -1.7073171138763428)
(20679901, 137, 60, -3.2317073345184326, -3.2317073345184326)
(20717117, 132, 60, 0.0, 0.0)
(20719270, 132, 60, 0.0, 0.0)
(20797597, 134, 60, 1.0365853309631348, 1.0365853309631348)
(20799761, 135, 60, 0.18292683362960815, 0.18292683362960815)
(20820010, 132, 60, 2.5609755516052246, 2.5609755516052246)
(20822181, 133, 60, 2.0731706619262695, 2.0731706619262695)
(20842918, 132, 60, 3.170731782913208, 3.170731782913208)
(20845537, 135, 60, 1.097561001777649, 1.097561001777649)
(20847699, 137, 60, 0.3048780560493469, 0.3048780560493469)
(20902522, 134, 60, 3.170731782913208, 3.170731782913208)
(20904697, 136, 60, 2.0731706619262695, 2.0731706619262695)
(20939811, 134, 60, 3.9024391174316406, 3.9024391174316406)
(20941975, 129, 60, 6.52439022064209, 6.52439022064209)
(20991988, 101, 60, 23.109756469726562, 23.109756469726562)
(20994151, 103, 60, 22.2560977935791, 22.2560977935791)
(21008015, 147, 60, -2.195122003555298, -2.195122003555298)
(21010816, 158, 60, -7.987804889678955, -7.987804889678955)
(21012976, 161, 60, -9.45121955871582, -9.45121955871582)
(21030986, 121, 60, 12.987804412841797, 12.987804412841797)
(21034395, 99, 60, 25.365854263305664, 25.365854263305664)
(21036556, 98, 60, 25.609756469726562, 25.609756469726562)
(21052500, 107, 60, 20.914634704589844, 20.914634704589844)
(21055276, 110, 60, 19.024391174316406, 19.024391174316406)
(21057509, 131, 60, 7.621951103210449, 7.621951103210449)
(21096864, 85, 60, 34.085365295410156, 34.085365295410156)
(21099374, 88, 60, 32.5, 32.5)
(21101529, 92, 60, 30.365854263305664, 30.365854263305664)
(21128145, 160, 60, -6.890244007110596, -6.890244007110596)
(21130312, 153, 60, -3.170731782913208, -3.170731782913208)
(21141871, 105, 60, 23.719512939453125, 23.719512939453125)
(21144047, 115, 60, 18.35365867614746, 18.35365867614746)
(21158302, 122, 60, 14.634146690368652, 14.634146690368652)
(21160469, 118, 60, 16.890243530273438, 16.890243530273438)
(21187092, 147, 60, 1.2195122241973877, 1.2195122241973877)
(21189271, 135, 60, 7.9268293380737305, 7.9268293380737305)
(21224883, 155, 60, -2.5, -2.5)
(21227048, 161, 60, -5.9146342277526855, -5.9146342277526855)
(21254067, 95, 60, 30.914634704589844, 30.914634704589844)
(21256240, 88, 60, 35.0, 35.0)
(21329806, 163, 60, -5.304878234863281, -5.304878234863281)
(21331976, 154, 60, -0.4878048896789551, -0.4878048896789551)
(21352103, 137, 60, 9.45121955871582, 9.45121955871582)
(21354279, 110, 60, 24.329267501831055, 24.329267501831055)
(21404315, 126, 60, 16.341463088989258, 16.341463088989258)
(21406482, 114, 60, 23.475608825683594, 23.475608825683594)
(21419028, 99, 60, 31.40243911743164, 31.40243911743164)
(21421207, 97, 60, 32.86585235595703, 32.86585235595703)
(21456288, 131, 60, 14.57317066192627, 14.57317066192627)
(21458451, 130, 60, 15.182927131652832, 15.182927131652832)
(21494008, 135, 60, 12.865853309631348, 12.865853309631348)
(21496175, 134, 60, 13.292682647705078, 13.292682647705078)
(21516302, 108, 60, 27.926828384399414, 27.926828384399414)
(21518471, 124, 60, 19.45121955871582, 19.45121955871582)
(21562178, 122, 60, 20.914634704589844, 20.914634704589844)
(21564348, 127, 60, 18.35365867614746, 18.35365867614746)
(21591131, 125, 60, 20.0, 20.0)
(21593300, 122, 60, 21.463415145874023, 21.463415145874023)
(21607175, 125, 60, 19.817073822021484, 19.817073822021484)
(21609356, 125, 60, 19.7560977935791, 19.7560977935791)
(21621418, 151, 60, 5.670731544494629, 5.670731544494629)
(21623585, 134, 60, 15.365853309631348, 15.365853309631348)
(21640106, 123, 60, 21.829267501831055, 21.829267501831055)
(21642355, 117, 60, 25.060976028442383, 25.060976028442383)
(21681715, 119, 60, 24.7560977935791, 24.7560977935791)
(21684817, 124, 60, 21.64634132385254, 21.64634132385254)
(21686980, 132, 60, 17.682926177978516, 17.682926177978516)
(21713520, 151, 60, 7.378048896789551, 7.378048896789551)
(21715783, 146, 60, 9.939023971557617, 9.939023971557617)
(21734211, 114, 60, 27.987804412841797, 27.987804412841797)
(21736387, 121, 60, 24.268293380737305, 24.268293380737305)
(21756533, 164, 60, 0.8536585569381714, 0.8536585569381714)
(21758699, 173, 60, -4.146341323852539, -4.146341323852539)
(21802354, 147, 60, 10.731707572937012, 10.731707572937012)
(21804518, 144, 60, 12.317072868347168, 12.317072868347168)
(21824663, 165, 60, 1.097561001777649, 1.097561001777649)
(21826829, 150, 60, 9.756097793579102, 9.756097793579102)
(21847463, 68, 60, 55.30487823486328, 55.30487823486328)
(21849630, 86, 60, 45.30487823486328, 45.30487823486328)
(21884755, 133, 60, 19.45121955871582, 19.45121955871582)
(21886931, 129, 60, 21.890243530273438, 21.890243530273438)
(21920947, 150, 60, 10.42682933807373, 10.42682933807373)
(21923118, 159, 60, 5.365853786468506, 5.365853786468506)
(21937289, 141, 60, 15.670731544494629, 15.670731544494629)
(21939455, 121, 60, 26.707317352294922, 26.707317352294922)
(21966031, 117, 60, 29.14634132385254, 29.14634132385254)
(21968206, 130, 60, 22.012195587158203, 22.012195587158203)
(22005410, 85, 60, 47.43902587890625, 47.43902587890625)
(22007673, 75, 60, 53.04878234863281, 53.04878234863281)
(22034623, 147, 60, 13.170731544494629, 13.170731544494629)
(22036787, 172, 60, -0.4268292784690857, -0.4268292784690857)
(22050539, 140, 60, 17.378047943115234, 17.378047943115234)
(22052718, 126, 60, 25.2439022064209, 25.2439022064209)
(22070709, 91, 60, 44.69512176513672, 44.69512176513672)
(22072887, 77, 60, 52.5, 52.5)
(22102050, 157, 60, 8.658536911010742, 8.658536911010742)
(22104737, 151, 60, 11.585366249084473, 11.585366249084473)
(22106891, 161, 60, 6.219511985778809, 6.219511985778809)
(22124859, 92, 60, 44.817073822021484, 44.817073822021484)
(22127025, 89, 60, 46.585365295410156, 46.585365295410156)
(22153540, 147, 60, 14.45121955871582, 14.45121955871582)
(22155720, 152, 60, 11.646341323852539, 11.646341323852539)
(22184384, 102, 60, 39.878047943115234, 39.878047943115234)
(22186563, 98, 60, 42.07316970825195, 42.07316970825195)
(22220545, 163, 60, 6.52439022064209, 6.52439022064209)
(22222715, 160, 60, 8.04878044128418, 8.04878044128418)
(22251901, 85, 60, 49.878047943115234, 49.878047943115234)
(22254077, 67, 60, 60.121952056884766, 60.121952056884766)
(22289212, 133, 60, 23.719512939453125, 23.719512939453125)
(22291375, 147, 60, 15.853658676147461, 15.853658676147461)
(22317909, 111, 60, 35.975608825683594, 35.975608825683594)
(22320076, 121, 60, 30.609756469726562, 30.609756469726562)
(22355272, 120, 60, 31.219512939453125, 31.219512939453125)
(22357794, 83, 60, 51.89024353027344, 51.89024353027344)
(22360044, 94, 60, 46.03658676147461, 46.03658676147461)
(22372036, 72, 60, 58.04878234863281, 58.04878234863281)
(22374212, 91, 60, 47.74390411376953, 47.74390411376953)
(22392708, 139, 60, 20.792682647705078, 20.792682647705078)
(22394875, 156, 60, 11.768292427062988, 11.768292427062988)
(22438581, 101, 60, 42.5, 42.5)
(22440756, 104, 60, 40.73170852661133, 40.73170852661133)
(22460889, 169, 60, 5.304878234863281, 5.304878234863281)
(22463066, 129, 60, 27.134145736694336, 27.134145736694336)
(22485840, 58, 60, 66.58536529541016, 66.58536529541016)
(22488009, 76, 60, 57.0121955871582, 57.0121955871582)
(22529510, 79, 60, 55.67073059082031, 55.67073059082031)
(22532408, 89, 60, 49.878047943115234, 49.878047943115234)
(22535360, 93, 60, 47.621952056884766, 47.621952056884766)
(22537514, 91, 60, 48.96341323852539, 48.96341323852539)
(22559782, 141, 60, 21.40243911743164, 21.40243911743164)
(22562042, 146, 60, 18.658536911010742, 18.658536911010742)
(22580473, 163, 60, 9.512195587158203, 9.512195587158203)
(22582641, 162, 60, 9.756097793579102, 9.756097793579102)
(22611348, 140, 60, 22.134145736694336, 22.134145736694336)
(22613514, 121, 60, 33.10975646972656, 33.10975646972656)
(22625298, 138, 60, 23.780487060546875, 23.780487060546875)
(22627467, 145, 60, 19.634145736694336, 19.634145736694336)
(22662668, 98, 60, 46.524391174316406, 46.524391174316406)
(22664839, 93, 60, 49.085365295410156, 49.085365295410156)
(22677390, 143, 60, 21.40243911743164, 21.40243911743164)
(22679559, 144, 60, 21.09756088256836, 21.09756088256836)
(22693330, 153, 60, 15.792682647705078, 15.792682647705078)
(22695511, 148, 60, 18.536584854125977, 18.536584854125977)
(22707565, 105, 60, 42.621952056884766, 42.621952056884766)
(22709732, 122, 60, 33.17073059082031, 33.17073059082031)
(22726322, 127, 60, 30.792682647705078, 30.792682647705078)
(22728580, 135, 60, 26.280487060546875, 26.280487060546875)
(22752918, 119, 60, 35.42683029174805, 35.42683029174805)
(22755087, 143, 60, 22.012195587158203, 22.012195587158203)
(22782520, 130, 60, 29.390243530273438, 29.390243530273438)
(22784696, 148, 60, 19.878047943115234, 19.878047943115234)
(22805333, 194, 60, -5.304878234863281, -5.304878234863281)
(22807509, 182, 60, 1.2195122241973877, 1.2195122241973877)
(22827657, 108, 60, 42.378047943115234, 42.378047943115234)
(22829822, 126, 60, 32.13414764404297, 32.13414764404297)
(22845690, 107, 60, 42.86585235595703, 42.86585235595703)
(22847865, 124, 60, 33.35365676879883, 33.35365676879883)
(22872475, 156, 60, 16.036584854125977, 16.036584854125977)
(22874984, 145, 60, 22.378047943115234, 22.378047943115234)
(22877136, 138, 60, 26.280487060546875, 26.280487060546875)
(22910109, 167, 60, 10.182927131652832, 10.182927131652832)
(22912277, 168, 60, 9.939023971557617, 9.939023971557617)
(22932409, 94, 60, 50.975608825683594, 50.975608825683594)
(22934581, 102, 60, 46.76829147338867, 46.76829147338867)
(22962135, 176, 60, 5.670731544494629, 5.670731544494629)
(22964306, 179, 60, 4.5731706619262695, 4.5731706619262695)
(22984803, 96, 60, 50.36585235595703, 50.36585235595703)
(22986981, 100, 60, 48.35365676879883, 48.35365676879883)
(22994327, 120, 60, 37.43902587890625, 37.43902587890625)
(22996507, 137, 60, 28.109756469726562, 28.109756469726562)
(23038094, 114, 60, 40.975608825683594, 40.975608825683594)
(23040877, 98, 60, 50.24390411376953, 50.24390411376953)
(23043041, 95, 60, 51.89024353027344, 51.89024353027344)
(23058993, 137, 60, 28.59756088256836, 28.59756088256836)
(23061504, 149, 60, 21.829267501831055, 21.829267501831055)
(23063656, 164, 60, 13.719511985778809, 13.719511985778809)
(23090327, 129, 60, 33.29268264770508, 33.29268264770508)
(23092494, 134, 60, 30.426828384399414, 30.426828384399414)
(23134472, 136, 60, 29.634145736694336, 29.634145736694336)
(23136640, 138, 60, 28.536584854125977, 28.536584854125977)
(23186740, 140, 60, 27.80487823486328, 27.80487823486328)
(23188908, 147, 60, 24.268293380737305, 24.268293380737305)
(23217660, 143, 60, 26.463415145874023, 26.463415145874023)
(23219829, 138, 60, 29.268293380737305, 29.268293380737305)
(23231896, 136, 60, 30.487804412841797, 30.487804412841797)
(23234068, 140, 60, 28.414634704589844, 28.414634704589844)
(23241386, 157, 60, 19.085365295410156, 19.085365295410156)
(23243553, 139, 60, 29.329267501831055, 29.329267501831055)
(23276881, 139, 60, 29.573171615600586, 29.573171615600586)
(23279064, 149, 60, 23.719512939453125, 23.719512939453125)
(23291645, 121, 60, 39.39024353027344, 39.39024353027344)
(23293821, 104, 60, 49.14634323120117, 49.14634323120117)
(23322540, 151, 60, 23.04878044128418, 23.04878044128418)
(23324712, 157, 60, 20.182926177978516, 20.182926177978516)
(23336809, 132, 60, 33.780487060546875, 33.780487060546875)
(23338979, 129, 60, 35.54878234863281, 35.54878234863281)
(23418977, 156, 60, 21.463415145874023, 21.463415145874023)
(23421144, 141, 60, 29.45121955871582, 29.45121955871582)
(23449788, 171, 60, 13.536585807800293, 13.536585807800293)
(23451956, 185, 60, 5.487804889678955, 5.487804889678955)
(23478977, 101, 60, 52.74390411376953, 52.74390411376953)
(23481146, 114, 60, 45.121952056884766, 45.121952056884766)
(23524787, 120, 60, 41.95121765136719, 41.95121765136719)
(23526966, 127, 60, 38.475608825683594, 38.475608825683594)
(23540698, 116, 60, 44.69512176513672, 44.69512176513672)
(23543238, 144, 60, 28.963415145874023, 28.963415145874023)
(23548703, 147, 60, 27.317073822021484, 27.317073822021484)
(23550936, 138, 60, 32.25609588623047, 32.25609588623047)
(23556330, 141, 60, 30.975608825683594, 30.975608825683594)
(23558642, 114, 60, 45.975608825683594, 45.975608825683594)
(23591957, 152, 60, 25.182926177978516, 25.182926177978516)
(23594446, 154, 60, 23.780487060546875, 23.780487060546875)
(23596690, 153, 60, 24.14634132385254, 24.14634132385254)
(23606152, 137, 60, 33.29268264770508, 33.29268264770508)
(23608666, 126, 60, 39.69512176513672, 39.69512176513672)
(23610913, 103, 60, 52.19512176513672, 52.19512176513672)
(23615992, 114, 60, 46.34146499633789, 46.34146499633789)
(23618157, 142, 60, 30.54878044128418, 30.54878044128418)
(23646841, 161, 60, 20.487804412841797, 20.487804412841797)
(23649087, 147, 60, 28.109756469726562, 28.109756469726562)
(23658947, 135, 60, 34.93902587890625, 34.93902587890625)
(23661116, 131, 60, 37.13414764404297, 37.13414764404297)
(23673745, 121, 60, 43.04878234863281, 43.04878234863281)
(23675914, 138, 60, 33.414634704589844, 33.414634704589844)
(23696043, 134, 60, 35.79268264770508, 35.79268264770508)
(23698210, 145, 60, 29.817073822021484, 29.817073822021484)
(23712048, 106, 60, 51.524391174316406, 51.524391174316406)
(23715137, 108, 60, 50.4878044128418, 50.4878044128418)
(23717370, 121, 60, 42.86585235595703, 42.86585235595703)
(23726740, 120, 60, 43.65853500366211, 43.65853500366211)
(23728919, 149, 60, 27.621952056884766, 27.621952056884766)
(23764021, 126, 60, 40.60975646972656, 40.60975646972656)
(23766200, 137, 60, 34.75609588623047, 34.75609588623047)
(23786310, 132, 60, 37.621952056884766, 37.621952056884766)
(23788476, 121, 60, 43.35365676879883, 43.35365676879883)
(23823559, 161, 60, 21.64634132385254, 21.64634132385254)
(23825723, 148, 60, 29.207317352294922, 29.207317352294922)
(23839436, 124, 60, 42.682926177978516, 42.682926177978516)
(23841606, 113, 60, 48.414634704589844, 48.414634704589844)
(23853651, 99, 60, 56.585365295410156, 56.585365295410156)
(23855827, 118, 60, 45.975608825683594, 45.975608825683594)
(23899991, 152, 60, 27.012195587158203, 27.012195587158203)
(23902159, 140, 60, 33.780487060546875, 33.780487060546875)
(23913742, 129, 60, 39.93902587890625, 39.93902587890625)
(23915918, 111, 60, 49.878047943115234, 49.878047943115234)
(23958385, 138, 60, 35.24390411376953, 35.24390411376953)
(23960560, 137, 60, 35.79268264770508, 35.79268264770508)
(23974269, 146, 60, 30.731706619262695, 30.731706619262695)
(23976436, 164, 60, 20.609756469726562, 20.609756469726562)
(23996627, 119, 60, 45.914634704589844, 45.914634704589844)
(23998801, 96, 60, 58.96341323852539, 58.96341323852539)
(24010864, 105, 60, 53.65853500366211, 53.65853500366211)
(24013046, 118, 60, 46.40243911743164, 46.40243911743164)
(24048151, 147, 60, 30.54878044128418, 30.54878044128418)
(24050331, 154, 60, 26.585365295410156, 26.585365295410156)
(24094073, 125, 60, 42.86585235595703, 42.86585235595703)
(24096649, 138, 60, 35.67073059082031, 35.67073059082031)
(24098894, 155, 60, 26.158536911010742, 26.158536911010742)
(24140562, 141, 60, 34.26829147338867, 34.26829147338867)
(24143330, 153, 60, 27.621952056884766, 27.621952056884766)
(24145839, 141, 60, 34.26829147338867, 34.26829147338867)
(24147992, 133, 60, 38.780487060546875, 38.780487060546875)
(24179549, 108, 60, 52.5, 52.5)
(24181721, 111, 60, 50.85365676879883, 50.85365676879883)
(24199714, 142, 60, 33.780487060546875, 33.780487060546875)
(24202881, 139, 60, 35.60975646972656, 35.60975646972656)
(24205377, 160, 60, 23.536584854125977, 23.536584854125977)
(24207539, 165, 60, 20.914634704589844, 20.914634704589844)
(24229993, 142, 60, 33.90243911743164, 33.90243911743164)
(24233482, 139, 60, 35.79268264770508, 35.79268264770508)
(24235650, 156, 60, 26.219512939453125, 26.219512939453125)
(24251989, 173, 60, 16.890243530273438, 16.890243530273438)
(24254156, 169, 60, 19.207317352294922, 19.207317352294922)
(24265771, 162, 60, 23.109756469726562, 23.109756469726562)
(24267945, 155, 60, 27.012195587158203, 27.012195587158203)
(24305255, 180, 60, 13.353658676147461, 13.353658676147461)
(24307418, 179, 60, 14.085366249084473, 14.085366249084473)
(24348912, 102, 60, 57.19512176513672, 57.19512176513672)
(24351077, 106, 60, 55.06097412109375, 55.06097412109375)
(24371211, 185, 60, 11.40243911743164, 11.40243911743164)
(24373377, 199, 60, 3.5975608825683594, 3.5975608825683594)
(24393620, 125, 60, 44.817073822021484, 44.817073822021484)
(24395787, 130, 60, 42.13414764404297, 42.13414764404297)
(24415923, 122, 60, 46.524391174316406, 46.524391174316406)
(24418094, 132, 60, 40.79268264770508, 40.79268264770508)
(24425436, 142, 60, 35.4878044128418, 35.4878044128418)
(24427603, 148, 60, 32.0121955871582, 32.0121955871582)
(24447744, 140, 60, 36.76829147338867, 36.76829147338867)
(24450550, 88, 60, 65.79268646240234, 65.79268646240234)
(24453056, 90, 60, 64.57317352294922, 64.57317352294922)
(24455217, 87, 60, 66.21951293945312, 66.21951293945312)
(24491016, 170, 60, 19.878047943115234, 19.878047943115234)
(24494164, 177, 60, 16.036584854125977, 16.036584854125977)
(24496315, 190, 60, 8.658536911010742, 8.658536911010742)
(24520815, 117, 60, 49.69512176513672, 49.69512176513672)
(24523340, 133, 60, 40.79268264770508, 40.79268264770508)
(24525582, 100, 60, 59.32926940917969, 59.32926940917969)
(24558460, 146, 60, 33.17073059082031, 33.17073059082031)
(24560633, 146, 60, 33.53658676147461, 33.53658676147461)
(24574347, 168, 60, 21.463415145874023, 21.463415145874023)
(24576514, 167, 60, 21.768293380737305, 21.768293380737305)
(24596671, 80, 60, 70.30487823486328, 70.30487823486328)
(24598840, 129, 60, 43.04878234863281, 43.04878234863281)
(24625400, 99, 60, 59.45121765136719, 59.45121765136719)
(24627574, 99, 60, 59.63414764404297, 59.63414764404297)
(24647725, 140, 60, 36.95121765136719, 36.95121765136719)
(24649897, 143, 60, 35.54878234863281, 35.54878234863281)
(24670532, 147, 60, 32.9878044128418, 32.9878044128418)
(24672700, 128, 60, 43.90243911743164, 43.90243911743164)
(24692833, 134, 60, 40.30487823486328, 40.30487823486328)
(24695004, 136, 60, 39.69512176513672, 39.69512176513672)
(24702309, 142, 60, 36.40243911743164, 36.40243911743164)
(24704473, 142, 60, 36.40243911743164, 36.40243911743164)
(24718713, 140, 60, 37.25609588623047, 37.25609588623047)
(24720879, 143, 60, 35.914634704589844, 35.914634704589844)
(24738862, 150, 60, 32.13414764404297, 32.13414764404297)
(24741031, 153, 60, 30.365854263305664, 30.365854263305664)
(24776145, 127, 60, 44.75609588623047, 44.75609588623047)
(24778314, 149, 60, 32.5, 32.5)
(24789915, 168, 60, 22.439023971557617, 22.439023971557617)
(24792082, 155, 60, 29.634145736694336, 29.634145736694336)
(24835836, 144, 60, 36.09756088256836, 36.09756088256836)
(24838769, 132, 60, 42.74390411376953, 42.74390411376953)
(24840932, 141, 60, 37.5, 37.5)
(24873884, 119, 60, 49.69512176513672, 49.69512176513672)
(24876053, 144, 60, 35.975608825683594, 35.975608825683594)
(24887642, 185, 60, 13.536585807800293, 13.536585807800293)
(24889812, 169, 60, 22.134145736694336, 22.134145736694336)
(24903536, 110, 60, 55.36585235595703, 55.36585235595703)
(24905701, 117, 60, 51.280487060546875, 51.280487060546875)
(24917476, 134, 60, 42.13414764404297, 42.13414764404297)
(24919644, 125, 60, 46.64634323120117, 46.64634323120117)
(24939873, 142, 60, 37.682926177978516, 37.682926177978516)
(24942383, 174, 60, 20.060976028442383, 20.060976028442383)
(24944633, 164, 60, 25.182926177978516, 25.182926177978516)
(24962535, 132, 60, 42.9878044128418, 42.9878044128418)
(24964710, 132, 60, 43.414634704589844, 43.414634704589844)
(25001957, 166, 60, 24.45121955871582, 24.45121955871582)
(25004123, 153, 60, 31.829267501831055, 31.829267501831055)
(25082469, 133, 60, 43.719512939453125, 43.719512939453125)
(25084639, 138, 60, 40.60975646972656, 40.60975646972656)
(25098362, 164, 60, 26.280487060546875, 26.280487060546875)
(25100540, 186, 60, 14.390243530273438, 14.390243530273438)
(25127129, 148, 60, 35.4878044128418, 35.4878044128418)
(25129297, 138, 60, 41.219512939453125, 41.219512939453125)
(25141494, 172, 60, 22.19512176513672, 22.19512176513672)
(25144010, 188, 60, 13.47560977935791, 13.47560977935791)
(25146161, 174, 60, 21.40243911743164, 21.40243911743164)
(25165011, 134, 60, 43.59756088256836, 43.59756088256836)
(25167180, 129, 60, 46.280487060546875, 46.280487060546875)
(25181398, 184, 60, 15.97560977935791, 15.97560977935791)
(25183562, 182, 60, 17.378047943115234, 17.378047943115234)
(25202626, 116, 60, 54.14634323120117, 54.14634323120117)
(25204797, 132, 60, 45.06097412109375, 45.06097412109375)
(25217256, 163, 60, 27.80487823486328, 27.80487823486328)
(25219427, 192, 60, 11.585366249084473, 11.585366249084473)
(25240140, 134, 60, 44.32926940917969, 44.32926940917969)
(25242815, 114, 60, 55.30487823486328, 55.30487823486328)
(25244978, 134, 60, 44.39024353027344, 44.39024353027344)
(25284793, 152, 60, 34.32926940917969, 34.32926940917969)
(25286977, 146, 60, 37.56097412109375, 37.56097412109375)
(25307604, 125, 60, 49.57316970825195, 49.57316970825195)
(25309781, 147, 60, 37.56097412109375, 37.56097412109375)
(25322262, 147, 60, 37.682926177978516, 37.682926177978516)
(25324428, 150, 60, 36.03658676147461, 36.03658676147461)
(25359908, 149, 60, 36.64634323120117, 36.64634323120117)
(25362074, 134, 60, 44.93902587890625, 44.93902587890625)
(25405688, 142, 60, 40.73170852661133, 40.73170852661133)
(25407856, 136, 60, 43.780487060546875, 43.780487060546875)
(25428490, 146, 60, 38.414634704589844, 38.414634704589844)
(25430654, 145, 60, 39.26829147338867, 39.26829147338867)
(25457698, 158, 60, 31.768293380737305, 31.768293380737305)
(25459873, 148, 60, 37.682926177978516, 37.682926177978516)
(25494952, 136, 60, 44.57316970825195, 44.57316970825195)
(25497121, 135, 60, 44.63414764404297, 44.63414764404297)
(25517755, 153, 60, 34.93902587890625, 34.93902587890625)
(25531912, 165, 60, 28.59756088256836, 28.59756088256836)
(25534082, 166, 60, 27.926828384399414, 27.926828384399414)
(25556340, 131, 60, 47.317073822021484, 47.317073822021484)
(25559251, 139, 60, 43.04878234863281, 43.04878234863281)
(25562243, 150, 60, 36.64634323120117, 36.64634323120117)
(25564407, 146, 60, 38.90243911743164, 38.90243911743164)
(25580388, 156, 60, 33.719512939453125, 33.719512939453125)
(25582653, 139, 60, 42.92683029174805, 42.92683029174805)
(25599325, 144, 60, 40.121952056884766, 40.121952056884766)
(25601492, 134, 60, 45.79268264770508, 45.79268264770508)
(25636970, 138, 60, 43.53658676147461, 43.53658676147461)
(25639137, 140, 60, 42.74390411376953, 42.74390411376953)
(25653245, 148, 60, 37.9878044128418, 37.9878044128418)
(25655414, 135, 60, 45.67073059082031, 45.67073059082031)
(25674038, 133, 60, 46.82926940917969, 46.82926940917969)
(25676207, 135, 60, 45.4878044128418, 45.4878044128418)
(25704099, 150, 60, 37.378047943115234, 37.378047943115234)
(25706280, 141, 60, 42.378047943115234, 42.378047943115234)
(25741840, 131, 60, 47.86585235595703, 47.86585235595703)
(25744015, 143, 60, 40.975608825683594, 40.975608825683594)
(25779459, 156, 60, 34.32926940917969, 34.32926940917969)
(25781626, 142, 60, 41.89024353027344, 41.89024353027344)
(25802226, 134, 60, 46.46341323852539, 46.46341323852539)
(25804393, 136, 60, 45.4878044128418, 45.4878044128418)
(25816449, 132, 60, 47.56097412109375, 47.56097412109375)
(25818625, 132, 60, 47.86585235595703, 47.86585235595703)
(25847833, 130, 60, 48.90243911743164, 48.90243911743164)
(25849998, 129, 60, 49.5121955871582, 49.5121955871582)
(25861594, 111, 60, 59.32926940917969, 59.32926940917969)
(25863768, 117, 60, 56.15853500366211, 56.15853500366211)
(25892479, 175, 60, 24.024391174316406, 24.024391174316406)
(25894644, 187, 60, 17.134145736694336, 17.134145736694336)
(25929754, 94, 60, 68.96341705322266, 68.96341705322266)
(25931921, 62, 60, 86.6463394165039, 86.6463394165039)
(25974314, 106, 60, 62.19512176513672, 62.19512176513672)
(25976482, 100, 60, 65.30487823486328, 65.30487823486328)
(25997092, 62, 60, 86.15853881835938, 86.15853881835938)
(25999271, 67, 60, 83.4756088256836, 83.4756088256836)
(26026306, 112, 60, 58.17073059082031, 58.17073059082031)
(26028470, 113, 60, 57.9878044128418, 57.9878044128418)
(26049096, 128, 60, 49.5121955871582, 49.5121955871582)
(26051272, 111, 60, 58.96341323852539, 58.96341323852539)
(26116277, 123, 60, 52.0121955871582, 52.0121955871582)
(26118454, 104, 60, 62.43902587890625, 62.43902587890625)
(26154029, 128, 60, 49.32926940917969, 49.32926940917969)
(26156199, 140, 60, 42.25609588623047, 42.25609588623047)
(26176464, 113, 60, 57.56097412109375, 57.56097412109375)
(26178630, 137, 60, 44.26829147338867, 44.26829147338867)
(26198852, 121, 60, 52.9878044128418, 52.9878044128418)
(26202011, 147, 60, 38.780487060546875, 38.780487060546875)
(26204175, 159, 60, 31.890243530273438, 31.890243530273438)
(26237089, 107, 60, 60.79268264770508, 60.79268264770508)
(26239266, 109, 60, 59.75609588623047, 59.75609588623047)
(26259476, 137, 60, 44.20731735229492, 44.20731735229492)
(26261652, 135, 60, 45.30487823486328, 45.30487823486328)
(26290329, 112, 60, 57.80487823486328, 57.80487823486328)
(26292586, 106, 60, 61.09756088256836, 61.09756088256836)
(26311387, 108, 60, 60.36585235595703, 60.36585235595703)
(26313554, 103, 60, 62.80487823486328, 62.80487823486328)
(26326118, 74, 60, 78.65853881835938, 78.65853881835938)
(26328295, 81, 60, 75.24390411376953, 75.24390411376953)
(26355810, 106, 60, 61.03658676147461, 61.03658676147461)
(26357975, 115, 60, 55.914634704589844, 55.914634704589844)
(26378616, 110, 60, 59.085365295410156, 59.085365295410156)
(26380781, 132, 60, 46.585365295410156, 46.585365295410156)
(26424383, 95, 60, 67.19512176513672, 67.19512176513672)
(26426549, 90, 60, 69.8780517578125, 69.8780517578125)
(26453598, 112, 60, 57.378047943115234, 57.378047943115234)
(26455764, 92, 60, 68.78048706054688, 68.78048706054688)
(26484448, 120, 60, 52.9878044128418, 52.9878044128418)
(26486623, 112, 60, 57.621952056884766, 57.621952056884766)
(26513641, 148, 60, 37.5, 37.5)
(26515809, 118, 60, 53.90243911743164, 53.90243911743164)
(26551381, 131, 60, 46.585365295410156, 46.585365295410156)
(26553548, 122, 60, 51.585365295410156, 51.585365295410156)
(26580459, 114, 60, 56.15853500366211, 56.15853500366211)
(26582621, 115, 60, 55.85365676879883, 55.85365676879883)
(26618190, 144, 60, 39.57316970825195, 39.57316970825195)
(26620366, 132, 60, 46.15853500366211, 46.15853500366211)
(26640872, 116, 60, 55.182926177978516, 55.182926177978516)
(26643038, 146, 60, 38.414634704589844, 38.414634704589844)
(26657250, 139, 60, 42.317073822021484, 42.317073822021484)
(26659433, 155, 60, 33.475608825683594, 33.475608825683594)
(26670997, 155, 60, 33.780487060546875, 33.780487060546875)
(26673164, 148, 60, 37.5, 37.5)
(26708740, 145, 60, 39.69512176513672, 39.69512176513672)
(26710907, 134, 60, 45.4878044128418, 45.4878044128418)
(26724648, 136, 60, 44.45121765136719, 44.45121765136719)
(26727038, 143, 60, 40.79268264770508, 40.79268264770508)
(26732134, 133, 60, 46.34146499633789, 46.34146499633789)
(26734301, 158, 60, 32.378047943115234, 32.378047943115234)
(26752747, 112, 60, 58.23170852661133, 58.23170852661133)
(26754912, 114, 60, 57.07316970825195, 57.07316970825195)
(26790491, 137, 60, 44.39024353027344, 44.39024353027344)
(26792661, 133, 60, 46.70731735229492, 46.70731735229492)
(26843209, 135, 60, 45.30487823486328, 45.30487823486328)
(26845373, 119, 60, 54.39024353027344, 54.39024353027344)
(26866015, 166, 60, 28.04878044128418, 28.04878044128418)
(26868183, 146, 60, 39.5121955871582, 39.5121955871582)
(26881930, 143, 60, 41.15853500366211, 41.15853500366211)
(26884098, 143, 60, 40.85365676879883, 40.85365676879883)
(26895660, 178, 60, 22.012195587158203, 22.012195587158203)
(26897826, 143, 60, 41.09756088256836, 41.09756088256836)
(26918327, 147, 60, 39.26829147338867, 39.26829147338867)
(26920493, 136, 60, 45.0, 45.0)
(26940630, 104, 60, 63.17073059082031, 63.17073059082031)
(26942798, 128, 60, 49.5121955871582, 49.5121955871582)
(26977903, 135, 60, 45.60975646972656, 45.60975646972656)
(26980070, 157, 60, 33.29268264770508, 33.29268264770508)
(27000207, 115, 60, 56.70731735229492, 56.70731735229492)
(27002374, 111, 60, 58.90243911743164, 58.90243911743164)
(27052861, 133, 60, 46.82926940917969, 46.82926940917969)
(27055027, 106, 60, 62.0121955871582, 62.0121955871582)
(27090123, 115, 60, 56.70731735229492, 56.70731735229492)
(27092305, 123, 60, 52.56097412109375, 52.56097412109375)
(27127856, 107, 60, 61.09756088256836, 61.09756088256836)
(27130025, 142, 60, 41.82926940917969, 41.82926940917969)
(27144234, 134, 60, 46.15853500366211, 46.15853500366211)
(27146402, 131, 60, 48.10975646972656, 48.10975646972656)
(27172959, 128, 60, 49.45121765136719, 49.45121765136719)
(27175140, 91, 60, 70.06097412109375, 70.06097412109375)
(27195654, 151, 60, 36.64634323120117, 36.64634323120117)
(27197819, 123, 60, 52.317073822021484, 52.317073822021484)
(27232931, 110, 60, 59.39024353027344, 59.39024353027344)
(27235108, 118, 60, 55.0, 55.0)
(27255252, 117, 60, 55.85365676879883, 55.85365676879883)
(27257419, 118, 60, 54.817073822021484, 54.817073822021484)
(27277615, 110, 60, 59.69512176513672, 59.69512176513672)
(27280464, 135, 60, 45.54878234863281, 45.54878234863281)
(27282617, 151, 60, 36.89024353027344, 36.89024353027344)
(27307495, 140, 60, 42.682926177978516, 42.682926177978516)
(27309662, 159, 60, 32.43902587890625, 32.43902587890625)
(27353826, 165, 60, 28.841463088989258, 28.841463088989258)
(27355991, 163, 60, 30.487804412841797, 30.487804412841797)
(27412424, 141, 60, 42.80487823486328, 42.80487823486328)
(27414589, 159, 60, 32.378047943115234, 32.378047943115234)
(27457058, 108, 60, 60.975608825683594, 60.975608825683594)
(27459238, 114, 60, 57.86585235595703, 57.86585235595703)
(27494960, 153, 60, 36.46341323852539, 36.46341323852539)
(27509714, 120, 60, 54.57316970825195, 54.57316970825195)
(27511882, 111, 60, 59.878047943115234, 59.878047943115234)
(27555523, 120, 60, 54.878047943115234, 54.878047943115234)
(27557698, 129, 60, 49.69512176513672, 49.69512176513672)
(27584766, 156, 60, 34.75609588623047, 34.75609588623047)
(27586933, 133, 60, 47.682926177978516, 47.682926177978516)
(27607460, 152, 60, 37.25609588623047, 37.25609588623047)
(27609630, 154, 60, 35.85365676879883, 35.85365676879883)
(27644700, 116, 60, 57.19512176513672, 57.19512176513672)
(27646876, 129, 60, 50.24390411376953, 50.24390411376953)
(27684194, 151, 60, 37.80487823486328, 37.80487823486328)
(27687573, 138, 60, 45.42683029174805, 45.42683029174805)
(27689740, 103, 60, 64.57317352294922, 64.57317352294922)
(27704364, 142, 60, 42.80487823486328, 42.80487823486328)
(27706535, 142, 60, 43.23170852661133, 43.23170852661133)
(27719115, 155, 60, 36.09756088256836, 36.09756088256836)
(27721280, 154, 60, 36.70731735229492, 36.70731735229492)
(27771861, 161, 60, 32.80487823486328, 32.80487823486328)
(27774037, 135, 60, 46.89024353027344, 46.89024353027344)
(27854019, 131, 60, 49.45121765136719, 49.45121765136719)
(27856185, 131, 60, 49.26829147338867, 49.26829147338867)
(27884924, 161, 60, 33.04878234863281, 33.04878234863281)
(27887088, 138, 60, 45.42683029174805, 45.42683029174805)
(27907217, 146, 60, 41.34146499633789, 41.34146499633789)
(27909387, 150, 60, 39.085365295410156, 39.085365295410156)
(27944476, 149, 60, 39.878047943115234, 39.878047943115234)
(27946653, 156, 60, 35.914634704589844, 35.914634704589844)
(27996671, 123, 60, 54.20731735229492, 54.20731735229492)
(27998841, 132, 60, 49.45121765136719, 49.45121765136719)
(28019485, 142, 60, 44.085365295410156, 44.085365295410156)
(28021649, 127, 60, 52.25609588623047, 52.25609588623047)
(28056738, 149, 60, 39.93902587890625, 39.93902587890625)
(28058906, 136, 60, 47.07316970825195, 47.07316970825195)
(28094455, 143, 60, 43.53658676147461, 43.53658676147461)
(28096622, 167, 60, 30.365854263305664, 30.365854263305664)
(28153551, 148, 60, 41.15853500366211, 41.15853500366211)
(28155730, 133, 60, 49.14634323120117, 49.14634323120117)
(28176343, 142, 60, 44.32926940917969, 44.32926940917969)
(28178520, 138, 60, 46.585365295410156, 46.585365295410156)
(28192256, 145, 60, 42.92683029174805, 42.92683029174805)
(28194420, 139, 60, 46.03658676147461, 46.03658676147461)
(28221456, 131, 60, 50.4878044128418, 50.4878044128418)
(28223625, 113, 60, 60.4878044128418, 60.4878044128418)
(28251144, 127, 60, 53.04878234863281, 53.04878234863281)
(28253323, 147, 60, 41.70731735229492, 41.70731735229492)
(28273950, 144, 60, 43.414634704589844, 43.414634704589844)
(28276119, 139, 60, 46.40243911743164, 46.40243911743164)
(28311680, 157, 60, 36.09756088256836, 36.09756088256836)
(28313849, 156, 60, 37.13414764404297, 37.13414764404297)
(28363919, 169, 60, 29.817073822021484, 29.817073822021484)
(28366094, 159, 60, 35.60975646972656, 35.60975646972656)
(28401167, 160, 60, 35.42683029174805, 35.42683029174805)
(28403336, 145, 60, 43.53658676147461, 43.53658676147461)
(28438522, 179, 60, 24.878047943115234, 24.878047943115234)
(28441034, 161, 60, 34.57316970825195, 34.57316970825195)
(28443196, 148, 60, 41.95121765136719, 41.95121765136719)
(28506060, 190, 60, 19.085365295410156, 19.085365295410156)
(28508225, 175, 60, 27.5, 27.5)
(28543852, 178, 60, 26.280487060546875, 26.280487060546875)
(28546031, 184, 60, 22.7439022064209, 22.7439022064209)
(28558090, 152, 60, 40.60975646972656, 40.60975646972656)
(28560255, 122, 60, 57.5, 57.5)
(28585687, 144, 60, 45.06097412109375, 45.06097412109375)
(28587862, 147, 60, 43.414634704589844, 43.414634704589844)
(28640522, 141, 60, 47.07316970825195, 47.07316970825195)
(28642700, 117, 60, 60.182926177978516, 60.182926177978516)
(28671432, 109, 60, 64.69512176513672, 64.69512176513672)
(28673603, 98, 60, 70.73170471191406, 70.73170471191406)
(28730559, 151, 60, 41.34146499633789, 41.34146499633789)
(28732725, 141, 60, 46.64634323120117, 46.64634323120117)
(28746958, 145, 60, 44.878047943115234, 44.878047943115234)
(28749125, 144, 60, 45.36585235595703, 45.36585235595703)
(28769344, 161, 60, 35.975608825683594, 35.975608825683594)
(28771510, 159, 60, 37.0121955871582, 37.0121955871582)
(28790422, 189, 60, 20.487804412841797, 20.487804412841797)
(28792589, 186, 60, 22.134145736694336, 22.134145736694336)
(28806332, 103, 60, 68.23170471191406, 68.23170471191406)
(28808502, 101, 60, 69.20731353759766, 69.20731353759766)
(28843700, 114, 60, 61.82926940917969, 61.82926940917969)
(28845864, 118, 60, 59.57316970825195, 59.57316970825195)
(28859591, 132, 60, 51.585365295410156, 51.585365295410156)
(28861754, 136, 60, 49.69512176513672, 49.69512176513672)
(28888289, 94, 60, 72.80487823486328, 72.80487823486328)
(28890465, 103, 60, 68.10975646972656, 68.10975646972656)
(28925542, 114, 60, 61.89024353027344, 61.89024353027344)
(28927710, 142, 60, 46.09756088256836, 46.09756088256836)
(28971461, 126, 60, 55.24390411376953, 55.24390411376953)
(28973625, 130, 60, 52.80487823486328, 52.80487823486328)
(29008740, 137, 60, 49.32926940917969, 49.32926940917969)
(29010918, 137, 60, 48.90243911743164, 48.90243911743164)
(29037873, 153, 60, 40.182926177978516, 40.182926177978516)
(29040047, 182, 60, 24.14634132385254, 24.14634132385254)
(29083843, 116, 60, 60.85365676879883, 60.85365676879883)
(29086020, 143, 60, 45.85365676879883, 45.85365676879883)
(29127538, 111, 60, 63.780487060546875, 63.780487060546875)
(29129704, 128, 60, 53.84146499633789, 53.84146499633789)
(29158858, 169, 60, 31.463415145874023, 31.463415145874023)
(29161028, 184, 60, 22.7439022064209, 22.7439022064209)
(29181304, 106, 60, 66.09756469726562, 66.09756469726562)
(29183470, 105, 60, 66.82926940917969, 66.82926940917969)
(29203608, 107, 60, 65.60975646972656, 65.60975646972656)
(29205775, 97, 60, 70.91463470458984, 70.91463470458984)
(29254644, 78, 60, 81.58536529541016, 81.58536529541016)
(29256811, 99, 60, 70.06097412109375, 70.06097412109375)
(29285505, 160, 60, 36.280487060546875, 36.280487060546875)
(29287672, 160, 60, 36.09756088256836, 36.09756088256836)
(29337701, 142, 60, 45.73170852661133, 45.73170852661133)
(29339867, 139, 60, 47.74390411376953, 47.74390411376953)
(29360000, 126, 60, 54.878047943115234, 54.878047943115234)
(29362167, 110, 60, 63.84146499633789, 63.84146499633789)
(29382770, 151, 60, 40.73170852661133, 40.73170852661133)
(29384946, 174, 60, 28.04878044128418, 28.04878044128418)
(29397008, 162, 60, 34.75609588623047, 34.75609588623047)
(29399183, 117, 60, 59.817073822021484, 59.817073822021484)
(29487973, 138, 60, 48.35365676879883, 48.35365676879883)
(29490138, 140, 60, 47.19512176513672, 47.19512176513672)
(29502211, 150, 60, 41.76829147338867, 41.76829147338867)
(29504379, 132, 60, 51.34146499633789, 51.34146499633789)
(29511729, 149, 60, 42.07316970825195, 42.07316970825195)
(29513980, 147, 60, 43.04878234863281, 43.04878234863281)
(29532505, 151, 60, 40.85365676879883, 40.85365676879883)
(29535622, 180, 60, 24.939023971557617, 24.939023971557617)
(29537783, 177, 60, 26.890243530273438, 26.890243530273438)
(29577163, 148, 60, 42.92683029174805, 42.92683029174805)
(29579334, 149, 60, 42.19512176513672, 42.19512176513672)
(29614905, 138, 60, 48.780487060546875, 48.780487060546875)
(29617071, 137, 60, 49.32926940917969, 49.32926940917969)
(29645774, 176, 60, 27.865854263305664, 27.865854263305664)
(29647940, 162, 60, 35.182926177978516, 35.182926177978516)
(29659639, 151, 60, 41.76829147338867, 41.76829147338867)
(29661814, 129, 60, 53.53658676147461, 53.53658676147461)
(29682439, 161, 60, 36.03658676147461, 36.03658676147461)
(29684606, 146, 60, 44.5121955871582, 44.5121955871582)
(29696705, 130, 60, 53.475608825683594, 53.475608825683594)
(29698872, 133, 60, 51.76829147338867, 51.76829147338867)
(29706235, 143, 60, 46.09756088256836, 46.09756088256836)
(29708399, 148, 60, 43.65853500366211, 43.65853500366211)
(29720163, 146, 60, 44.69512176513672, 44.69512176513672)
(29722333, 139, 60, 48.29268264770508, 48.29268264770508)
(29742578, 157, 60, 38.53658676147461, 38.53658676147461)
(29744744, 160, 60, 36.76829147338867, 36.76829147338867)
(29758511, 115, 60, 61.70731735229492, 61.70731735229492)
(29760677, 125, 60, 56.46341323852539, 56.46341323852539)
(29787218, 132, 60, 52.682926177978516, 52.682926177978516)
(29789387, 125, 60, 56.524391174316406, 56.524391174316406)
(29803099, 128, 60, 55.0, 55.0)
(29805263, 128, 60, 54.817073822021484, 54.817073822021484)
(29812658, 123, 60, 57.682926177978516, 57.682926177978516)
(29814825, 128, 60, 54.878047943115234, 54.878047943115234)
(29833371, 149, 60, 42.92683029174805, 42.92683029174805)
(29835542, 166, 60, 33.84146499633789, 33.84146499633789)
(29847114, 136, 60, 50.60975646972656, 50.60975646972656)
(29849294, 136, 60, 50.182926177978516, 50.182926177978516)
(29884390, 135, 60, 50.914634704589844, 50.914634704589844)
(29886567, 147, 60, 44.20731735229492, 44.20731735229492)
(29915308, 126, 60, 55.79268264770508, 55.79268264770508)
(29917483, 122, 60, 58.35365676879883, 58.35365676879883)
(29929057, 145, 60, 45.24390411376953, 45.24390411376953)
(29931222, 163, 60, 35.4878044128418, 35.4878044128418)
(29944947, 160, 60, 37.07316970825195, 37.07316970825195)
(29947114, 164, 60, 34.878047943115234, 34.878047943115234)
(29967374, 130, 60, 54.26829147338867, 54.26829147338867)
(29969556, 153, 60, 41.34146499633789, 41.34146499633789)
(29983287, 158, 60, 38.65853500366211, 38.65853500366211)
(29985467, 149, 60, 43.414634704589844, 43.414634704589844)
(30003808, 157, 60, 39.26829147338867, 39.26829147338867)
(30005976, 149, 60, 43.59756088256836, 43.59756088256836)
(30026617, 140, 60, 48.780487060546875, 48.780487060546875)
(30028782, 147, 60, 44.5121955871582, 44.5121955871582)
(30071239, 128, 60, 55.42683029174805, 55.42683029174805)
(30073415, 150, 60, 43.414634704589844, 43.414634704589844)
(30102129, 129, 60, 55.182926177978516, 55.182926177978516)
(30104300, 126, 60, 56.524391174316406, 56.524391174316406)
(30116360, 174, 60, 29.939023971557617, 29.939023971557617)
(30118535, 167, 60, 33.84146499633789, 33.84146499633789)
(30192086, 137, 60, 50.73170852661133, 50.73170852661133)
(30194261, 144, 60, 47.19512176513672, 47.19512176513672)
(30221324, 138, 60, 50.4878044128418, 50.4878044128418)
(30223490, 140, 60, 49.14634323120117, 49.14634323120117)
(30244107, 110, 60, 65.79268646240234, 65.79268646240234)
(30246284, 146, 60, 46.219512939453125, 46.219512939453125)
(30304908, 113, 60, 64.32926940917969, 64.32926940917969)
(30307076, 126, 60, 57.25609588623047, 57.25609588623047)
(30327367, 150, 60, 43.475608825683594, 43.475608825683594)
(30329536, 150, 60, 43.719512939453125, 43.719512939453125)
(30341282, 139, 60, 49.93902587890625, 49.93902587890625)
(30343453, 122, 60, 59.32926940917969, 59.32926940917969)
(30380791, 142, 60, 48.414634704589844, 48.414634704589844)
(30382971, 135, 60, 51.95121765136719, 51.95121765136719)
(30431392, 167, 60, 34.26829147338867, 34.26829147338867)
(30433562, 157, 60, 40.0, 40.0)
(30468669, 166, 60, 34.878047943115234, 34.878047943115234)
(30470836, 180, 60, 27.560976028442383, 27.560976028442383)
(30490980, 135, 60, 52.5, 52.5)
(30493144, 151, 60, 43.65853500366211, 43.65853500366211)
(30528260, 130, 60, 55.06097412109375, 55.06097412109375)
(30530435, 141, 60, 49.14634323120117, 49.14634323120117)
(30589047, 139, 60, 50.0, 50.0)
(30591214, 142, 60, 48.65853500366211, 48.65853500366211)
(30611336, 149, 60, 44.5121955871582, 44.5121955871582)
(30613503, 153, 60, 42.13414764404297, 42.13414764404297)
(30640515, 146, 60, 46.03658676147461, 46.03658676147461)
(30642689, 139, 60, 50.30487823486328, 50.30487823486328)
(30664955, 147, 60, 45.975608825683594, 45.975608825683594)
(30667124, 154, 60, 42.13414764404297, 42.13414764404297)
(30685628, 146, 60, 46.280487060546875, 46.280487060546875)
(30687799, 146, 60, 46.40243911743164, 46.40243911743164)
(30707948, 147, 60, 45.975608825683594, 45.975608825683594)
(30710112, 153, 60, 42.317073822021484, 42.317073822021484)
(30738831, 160, 60, 38.780487060546875, 38.780487060546875)
(30741000, 158, 60, 39.93902587890625, 39.93902587890625)
(30761152, 151, 60, 43.475608825683594, 43.475608825683594)
(30763330, 150, 60, 44.085365295410156, 44.085365295410156)
(30775420, 171, 60, 32.80487823486328, 32.80487823486328)
(30777584, 157, 60, 40.73170852661133, 40.73170852661133)
(30806233, 154, 60, 42.317073822021484, 42.317073822021484)
(30808398, 146, 60, 46.89024353027344, 46.89024353027344)
(30880339, 153, 60, 43.17073059082031, 43.17073059082031)
(30882506, 155, 60, 42.07316970825195, 42.07316970825195)
(30911207, 150, 60, 45.06097412109375, 45.06097412109375)
(30913386, 150, 60, 45.121952056884766, 45.121952056884766)
(30948567, 166, 60, 36.219512939453125, 36.219512939453125)
(30950733, 168, 60, 35.121952056884766, 35.121952056884766)
(31000794, 155, 60, 42.19512176513672, 42.19512176513672)
(31002971, 159, 60, 40.06097412109375, 40.06097412109375)
(31016675, 174, 60, 31.95121955871582, 31.95121955871582)
(31018841, 153, 60, 43.475608825683594, 43.475608825683594)
(31026579, 151, 60, 44.817073822021484, 44.817073822021484)
(31028840, 161, 60, 39.26829147338867, 39.26829147338867)
(31038313, 168, 60, 35.121952056884766, 35.121952056884766)
(31041026, 146, 60, 47.317073822021484, 47.317073822021484)
(31043274, 163, 60, 38.10975646972656, 38.10975646972656)
(31061191, 158, 60, 40.79268264770508, 40.79268264770508)
(31063361, 138, 60, 52.19512176513672, 52.19512176513672)
(31083997, 170, 60, 34.5121955871582, 34.5121955871582)
(31086164, 169, 60, 35.0, 35.0)
(31127682, 165, 60, 37.43902587890625, 37.43902587890625)
(31129848, 167, 60, 36.46341323852539, 36.46341323852539)
(31173947, 137, 60, 52.9878044128418, 52.9878044128418)
(31176116, 136, 60, 53.719512939453125, 53.719512939453125)
(31196276, 160, 60, 40.30487823486328, 40.30487823486328)
(31198443, 161, 60, 40.0, 40.0)
(31225503, 160, 60, 40.06097412109375, 40.06097412109375)
(31227672, 144, 60, 49.024391174316406, 49.024391174316406)
(31256371, 149, 60, 46.46341323852539, 46.46341323852539)
(31258548, 146, 60, 48.17073059082031, 48.17073059082031)
(31300061, 149, 60, 46.524391174316406, 46.524391174316406)
(31302241, 160, 60, 40.60975646972656, 40.60975646972656)
(31316440, 134, 60, 54.63414764404297, 54.63414764404297)
(31318611, 130, 60, 56.95121765136719, 56.95121765136719)
(31345185, 145, 60, 48.780487060546875, 48.780487060546875)
(31347351, 151, 60, 45.42683029174805, 45.42683029174805)
(31391015, 141, 60, 51.219512939453125, 51.219512939453125)
(31393192, 141, 60, 50.85365676879883, 50.85365676879883)
(31413852, 140, 60, 51.585365295410156, 51.585365295410156)
(31416029, 152, 60, 44.878047943115234, 44.878047943115234)
(31449702, 152, 60, 44.75609588623047, 44.75609588623047)
(31451867, 139, 60, 52.0121955871582, 52.0121955871582)
(31486966, 147, 60, 47.5, 47.5)
(31489144, 152, 60, 44.93902587890625, 44.93902587890625)
(31517916, 150, 60, 46.219512939453125, 46.219512939453125)
(31520083, 157, 60, 42.5, 42.5)
(31532133, 144, 60, 49.57316970825195, 49.57316970825195)
(31534298, 149, 60, 46.82926940917969, 46.82926940917969)
(31541665, 137, 60, 53.17073059082031, 53.17073059082031)
(31543839, 136, 60, 54.024391174316406, 54.024391174316406)
(31561850, 157, 60, 42.43902587890625, 42.43902587890625)
(31564016, 161, 60, 40.0, 40.0)
(31601261, 157, 60, 42.43902587890625, 42.43902587890625)
(31604672, 160, 60, 40.914634704589844, 40.914634704589844)
(31606833, 162, 60, 39.878047943115234, 39.878047943115234)
(31652736, 151, 60, 45.73170852661133, 45.73170852661133)
(31655301, 153, 60, 44.5121955871582, 44.5121955871582)
(31657453, 156, 60, 43.23170852661133, 43.23170852661133)
(31697431, 126, 60, 59.93902587890625, 59.93902587890625)
(31699946, 110, 60, 68.4756088256836, 68.4756088256836)
(31702099, 141, 60, 51.46341323852539, 51.46341323852539)
(31735162, 167, 60, 36.82926940917969, 36.82926940917969)
(31738191, 155, 60, 43.59756088256836, 43.59756088256836)
(31740355, 129, 60, 58.04878234863281, 58.04878234863281)
(31779828, 166, 60, 37.92683029174805, 37.92683029174805)
(31782353, 166, 60, 37.74390411376953, 37.74390411376953)
(31784516, 146, 60, 48.65853500366211, 48.65853500366211)
(31832524, 161, 60, 40.4878044128418, 40.4878044128418)
(31835394, 158, 60, 42.621952056884766, 42.621952056884766)
(31837558, 154, 60, 44.63414764404297, 44.63414764404297)
(31861958, 162, 60, 40.36585235595703, 40.36585235595703)
(31864128, 165, 60, 38.719512939453125, 38.719512939453125)
(31884730, 147, 60, 48.475608825683594, 48.475608825683594)
(31886896, 107, 60, 70.48780822753906, 70.48780822753906)
(31907029, 184, 60, 28.170732498168945, 28.170732498168945)
(31909198, 181, 60, 29.573171615600586, 29.573171615600586)
(31916562, 155, 60, 44.20731735229492, 44.20731735229492)
(31918827, 134, 60, 55.73170852661133, 55.73170852661133)
(31938982, 148, 60, 47.92683029174805, 47.92683029174805)
(31942401, 173, 60, 34.14634323120117, 34.14634323120117)
(31944950, 180, 60, 30.2439022064209, 30.2439022064209)
(31947107, 175, 60, 33.29268264770508, 33.29268264770508)
(31969390, 128, 60, 59.32926940917969, 59.32926940917969)
(31971652, 121, 60, 62.80487823486328, 62.80487823486328)
(31983143, 156, 60, 43.84146499633789, 43.84146499633789)
(31986686, 150, 60, 46.89024353027344, 46.89024353027344)
(31988840, 137, 60, 54.024391174316406, 54.024391174316406)
(32013252, 123, 60, 62.13414764404297, 62.13414764404297)
(32016233, 130, 60, 58.29268264770508, 58.29268264770508)
(32018741, 147, 60, 48.65853500366211, 48.65853500366211)
(32020906, 144, 60, 50.24390411376953, 50.24390411376953)
(32043367, 140, 60, 52.317073822021484, 52.317073822021484)
(32046766, 132, 60, 57.0121955871582, 57.0121955871582)
(32048931, 121, 60, 62.92683029174805, 62.92683029174805)
(32064899, 133, 60, 56.34146499633789, 56.34146499633789)
(32067622, 144, 60, 50.36585235595703, 50.36585235595703)
(32069778, 137, 60, 54.20731735229492, 54.20731735229492)
(32102738, 146, 60, 48.90243911743164, 48.90243911743164)
(32105305, 148, 60, 47.80487823486328, 47.80487823486328)
(32107551, 115, 60, 66.03658294677734, 66.03658294677734)
(32116922, 146, 60, 49.085365295410156, 49.085365295410156)
(32119087, 134, 60, 55.54878234863281, 55.54878234863281)
(32147747, 142, 60, 51.46341323852539, 51.46341323852539)
(32149912, 134, 60, 55.54878234863281, 55.54878234863281)
(32161517, 139, 60, 52.9878044128418, 52.9878044128418)
(32163683, 141, 60, 52.0121955871582, 52.0121955871582)
(32184320, 165, 60, 38.29268264770508, 38.29268264770508)
(32186498, 164, 60, 38.96341323852539, 38.96341323852539)
(32200230, 138, 60, 53.84146499633789, 53.84146499633789)
(32202395, 126, 60, 60.06097412109375, 60.06097412109375)
(32207600, 129, 60, 58.475608825683594, 58.475608825683594)
(32209770, 138, 60, 53.414634704589844, 53.414634704589844)
(32245016, 132, 60, 57.19512176513672, 57.19512176513672)
(32247183, 149, 60, 47.56097412109375, 47.56097412109375)
(32289168, 155, 60, 43.96341323852539, 43.96341323852539)
(32291345, 164, 60, 39.085365295410156, 39.085365295410156)
(32305083, 146, 60, 49.085365295410156, 49.085365295410156)
(32307249, 142, 60, 51.280487060546875, 51.280487060546875)
(32327374, 126, 60, 60.0, 60.0)
(32329543, 131, 60, 57.378047943115234, 57.378047943115234)
(32349859, 168, 60, 36.585365295410156, 36.585365295410156)
(32352026, 157, 60, 42.80487823486328, 42.80487823486328)
(32363802, 143, 60, 50.60975646972656, 50.60975646972656)
(32365980, 137, 60, 54.14634323120117, 54.14634323120117)
(32401250, 163, 60, 39.45121765136719, 39.45121765136719)
(32403772, 147, 60, 48.475608825683594, 48.475608825683594)
(32405937, 150, 60, 47.0121955871582, 47.0121955871582)
(32423927, 144, 60, 50.0, 50.0)
(32426106, 141, 60, 51.76829147338867, 51.76829147338867)
(32484709, 173, 60, 34.26829147338867, 34.26829147338867)
(32486887, 162, 60, 40.60975646972656, 40.60975646972656)
(32500634, 149, 60, 47.56097412109375, 47.56097412109375)
(32502798, 149, 60, 47.86585235595703, 47.86585235595703)
(32611076, 166, 60, 38.475608825683594, 38.475608825683594)
(32613239, 168, 60, 37.13414764404297, 37.13414764404297)
(32633869, 172, 60, 34.878047943115234, 34.878047943115234)
(32636032, 150, 60, 47.25609588623047, 47.25609588623047)
(32656168, 176, 60, 33.10975646972656, 33.10975646972656)
(32658333, 164, 60, 39.878047943115234, 39.878047943115234)
(32672048, 158, 60, 42.92683029174805, 42.92683029174805)
(32674224, 147, 60, 49.20731735229492, 49.20731735229492)
(32693589, 147, 60, 49.085365295410156, 49.085365295410156)
(32695762, 160, 60, 41.95121765136719, 41.95121765136719)
(32723287, 160, 60, 42.19512176513672, 42.19512176513672)
(32725800, 165, 60, 39.5121955871582, 39.5121955871582)
(32728047, 175, 60, 33.780487060546875, 33.780487060546875)
(32753343, 122, 60, 63.475608825683594, 63.475608825683594)
(32755506, 137, 60, 54.75609588623047, 54.75609588623047)
(32776151, 151, 60, 46.89024353027344, 46.89024353027344)
(32778317, 148, 60, 49.024391174316406, 49.024391174316406)
(32805836, 151, 60, 47.378047943115234, 47.378047943115234)
(32808018, 148, 60, 48.65853500366211, 48.65853500366211)
(32828648, 133, 60, 57.19512176513672, 57.19512176513672)
(32830825, 163, 60, 40.54878234863281, 40.54878234863281)
(32858377, 177, 60, 32.74390411376953, 32.74390411376953)
(32860543, 166, 60, 38.96341323852539, 38.96341323852539)
(32926079, 121, 60, 64.0243911743164, 64.0243911743164)
(32928260, 129, 60, 59.817073822021484, 59.817073822021484)
(32955814, 170, 60, 36.82926940917969, 36.82926940917969)
(32957989, 162, 60, 41.280487060546875, 41.280487060546875)
(32978600, 120, 60, 64.63414764404297, 64.63414764404297)
(32980767, 123, 60, 62.92683029174805, 62.92683029174805)
(33008222, 123, 60, 63.04878234863281, 63.04878234863281)
(33010389, 122, 60, 63.65853500366211, 63.65853500366211)
(33045978, 120, 60, 64.51219177246094, 64.51219177246094)
(33048145, 122, 60, 63.53658676147461, 63.53658676147461)
(33068784, 142, 60, 52.0121955871582, 52.0121955871582)
(33070949, 151, 60, 47.378047943115234, 47.378047943115234)
(33097972, 110, 60, 70.0, 70.0)
(33100136, 108, 60, 70.67073059082031, 70.67073059082031)
(33120768, 95, 60, 77.92682647705078, 77.92682647705078)
(33122932, 117, 60, 65.9756088256836, 65.9756088256836)
(33151995, 110, 60, 69.39024353027344, 69.39024353027344)
(33154161, 103, 60, 73.17073059082031, 73.17073059082031)
(33189383, 99, 60, 75.48780822753906, 75.48780822753906)
(33191551, 113, 60, 67.19512176513672, 67.19512176513672)
(33218079, 148, 60, 47.682926177978516, 47.682926177978516)
(33220248, 121, 60, 62.80487823486328, 62.80487823486328)
(33232840, 142, 60, 50.914634704589844, 50.914634704589844)
(33235007, 104, 60, 71.89024353027344, 71.89024353027344)
(33255624, 184, 60, 27.317073822021484, 27.317073822021484)
(33257788, 132, 60, 56.40243911743164, 56.40243911743164)
(33301881, 156, 60, 42.80487823486328, 42.80487823486328)
(33304048, 82, 60, 84.1463394165039, 84.1463394165039)
(33360610, 144, 60, 49.26829147338867, 49.26829147338867)
(33362776, 152, 60, 44.93902587890625, 44.93902587890625)
(33383423, 130, 60, 56.89024353027344, 56.89024353027344)
(33385587, 108, 60, 69.1463394165039, 69.1463394165039)
(33412615, 138, 60, 52.19512176513672, 52.19512176513672)
(33465169, 105, 60, 70.8536605834961, 70.8536605834961)
(33467338, 105, 60, 70.60975646972656, 70.60975646972656)
(33487846, 123, 60, 60.42683029174805, 60.42683029174805)
(33490013, 101, 60, 72.6219482421875, 72.6219482421875)
(33510648, 154, 60, 42.9878044128418, 42.9878044128418)
(33512827, 160, 60, 39.63414764404297, 39.63414764404297)
(33525275, 130, 60, 56.64634323120117, 56.64634323120117)
(33527438, 131, 60, 56.09756088256836, 56.09756088256836)
(33547558, 98, 60, 74.1463394165039, 74.1463394165039)
(33549724, 116, 60, 63.84146499633789, 63.84146499633789)
(33593449, 107, 60, 68.96341705322266, 68.96341705322266)
(33595626, 89, 60, 79.1463394165039, 79.1463394165039)
(33622584, 113, 60, 65.54878234863281, 65.54878234863281)
(33624759, 99, 60, 73.17073059082031, 73.17073059082031)
(33659846, 130, 60, 56.15853500366211, 56.15853500366211)
(33662011, 121, 60, 60.73170852661133, 60.73170852661133)
(33697571, 141, 60, 49.69512176513672, 49.69512176513672)
(33699738, 155, 60, 41.70731735229492, 41.70731735229492)
(33727275, 131, 60, 55.182926177978516, 55.182926177978516)
(33729434, 140, 60, 50.0, 50.0)
(33772317, 140, 60, 50.24390411376953, 50.24390411376953)
(33774483, 128, 60, 56.64634323120117, 56.64634323120117)
(33802397, 137, 60, 51.95121765136719, 51.95121765136719)
(33804572, 140, 60, 49.817073822021484, 49.817073822021484)
(33824696, 136, 60, 52.378047943115234, 52.378047943115234)
(33826872, 137, 60, 51.70731735229492, 51.70731735229492)
(33891991, 128, 60, 57.07316970825195, 57.07316970825195)
(33894516, 145, 60, 47.56097412109375, 47.56097412109375)
(33896677, 146, 60, 46.89024353027344, 46.89024353027344)
(33938191, 142, 60, 48.96341323852539, 48.96341323852539)
(33940369, 146, 60, 46.82926940917969, 46.82926940917969)
(33989629, 148, 60, 45.79268264770508, 45.79268264770508)
(33991805, 152, 60, 43.84146499633789, 43.84146499633789)
(34035452, 169, 60, 34.45121765136719, 34.45121765136719)
(34037630, 152, 60, 43.90243911743164, 43.90243911743164)
(34064648, 110, 60, 67.25609588623047, 67.25609588623047)
(34066815, 107, 60, 68.4756088256836, 68.4756088256836)
(34095503, 168, 60, 34.63414764404297, 34.63414764404297)
(34097673, 153, 60, 42.9878044128418, 42.9878044128418)
(34132023, 124, 60, 59.26829147338867, 59.26829147338867)
(34134198, 132, 60, 54.817073822021484, 54.817073822021484)
(34154810, 152, 60, 43.780487060546875, 43.780487060546875)
(34156974, 172, 60, 32.92683029174805, 32.92683029174805)
(34201000, 161, 60, 38.96341323852539, 38.96341323852539)
(34203168, 153, 60, 43.29268264770508, 43.29268264770508)
(34214753, 134, 60, 53.96341323852539, 53.96341323852539)
(34216921, 126, 60, 58.53658676147461, 58.53658676147461)
(34246003, 142, 60, 49.45121765136719, 49.45121765136719)
(34248177, 146, 60, 46.89024353027344, 46.89024353027344)
(34259759, 151, 60, 44.39024353027344, 44.39024353027344)
(34261935, 156, 60, 41.524391174316406, 41.524391174316406)
(34282043, 121, 60, 61.03658676147461, 61.03658676147461)
(34284206, 119, 60, 62.0121955871582, 62.0121955871582)
(34310970, 144, 60, 47.9878044128418, 47.9878044128418)
(34313482, 137, 60, 52.317073822021484, 52.317073822021484)
(34315637, 141, 60, 49.69512176513672, 49.69512176513672)
(34357127, 161, 60, 38.96341323852539, 38.96341323852539)
(34359289, 140, 60, 50.54878234863281, 50.54878234863281)
(34379425, 129, 60, 56.64634323120117, 56.64634323120117)
(34381593, 140, 60, 50.182926177978516, 50.182926177978516)
(34388911, 139, 60, 50.67073059082031, 50.67073059082031)
(34391074, 153, 60, 43.23170852661133, 43.23170852661133)
(34439004, 126, 60, 58.35365676879883, 58.35365676879883)
(34441178, 120, 60, 61.34146499633789, 61.34146499633789)
(34476717, 160, 60, 39.14634323120117, 39.14634323120117)
(34478895, 156, 60, 41.40243911743164, 41.40243911743164)
(34528956, 145, 60, 47.621952056884766, 47.621952056884766)
(34531120, 167, 60, 35.24390411376953, 35.24390411376953)
(34551248, 162, 60, 38.17073059082031, 38.17073059082031)
(34553415, 160, 60, 39.32926940917969, 39.32926940917969)
(34574026, 128, 60, 57.43902587890625, 57.43902587890625)
(34576202, 127, 60, 57.86585235595703, 57.86585235595703)
(34611298, 157, 60, 41.280487060546875, 41.280487060546875)
(34613474, 142, 60, 49.63414764404297, 49.63414764404297)
(34626093, 151, 60, 44.69512176513672, 44.69512176513672)
(34628269, 151, 60, 44.57316970825195, 44.57316970825195)
(34642900, 134, 60, 53.84146499633789, 53.84146499633789)
(34645076, 119, 60, 62.5, 62.5)
(34693450, 122, 60, 60.36585235595703, 60.36585235595703)
(34695624, 113, 60, 65.42682647705078, 65.42682647705078)
(34731589, 130, 60, 55.79268264770508, 55.79268264770508)
(34733762, 137, 60, 52.0121955871582, 52.0121955871582)
(34783816, 155, 60, 42.13414764404297, 42.13414764404297)
(34785983, 159, 60, 40.182926177978516, 40.182926177978516)
(34828426, 147, 60, 46.89024353027344, 46.89024353027344)
(34830596, 170, 60, 34.024391174316406, 34.024391174316406)
(34866168, 166, 60, 36.15853500366211, 36.15853500366211)
(34868343, 192, 60, 21.585365295410156, 21.585365295410156)
(34925718, 126, 60, 58.53658676147461, 58.53658676147461)
(34927886, 136, 60, 52.56097412109375, 52.56097412109375)
(34971514, 109, 60, 67.5, 67.5)
(34973685, 95, 60, 75.48780822753906, 75.48780822753906)
(34993813, 162, 60, 38.475608825683594, 38.475608825683594)
(34995977, 146, 60, 46.95121765136719, 46.95121765136719)
(35033194, 136, 60, 52.80487823486328, 52.80487823486328)
(35035358, 131, 60, 55.60975646972656, 55.60975646972656)
(35075625, 167, 60, 35.4878044128418, 35.4878044128418)
(35077790, 161, 60, 38.96341323852539, 38.96341323852539)
(35158249, 133, 60, 53.84146499633789, 53.84146499633789)
(35160418, 151, 60, 44.14634323120117, 44.14634323120117)
(35195998, 108, 60, 68.17073059082031, 68.17073059082031)
(35198173, 126, 60, 57.92683029174805, 57.92683029174805)
(35233293, 113, 60, 65.06097412109375, 65.06097412109375)
(35235459, 112, 60, 65.8536605834961, 65.8536605834961)
(35249681, 130, 60, 55.42683029174805, 55.42683029174805)
(35251848, 122, 60, 60.0, 60.0)
(35293368, 127, 60, 57.317073822021484, 57.317073822021484)
(35295532, 137, 60, 51.89024353027344, 51.89024353027344)
(35345640, 144, 60, 47.5, 47.5)
(35347806, 157, 60, 40.79268264770508, 40.79268264770508)
(35383382, 130, 60, 55.36585235595703, 55.36585235595703)
(35385545, 125, 60, 58.04878234863281, 58.04878234863281)
(35412766, 146, 60, 46.82926940917969, 46.82926940917969)
(35414932, 150, 60, 44.39024353027344, 44.39024353027344)
(35480410, 164, 60, 36.89024353027344, 36.89024353027344)
(35482577, 158, 60, 40.0, 40.0)
(35511264, 137, 60, 51.89024353027344, 51.89024353027344)
(35513441, 122, 60, 59.75609588623047, 59.75609588623047)
(35525492, 123, 60, 59.57316970825195, 59.57316970825195)
(35527656, 111, 60, 66.28048706054688, 66.28048706054688)
(35555179, 145, 60, 46.95121765136719, 46.95121765136719)
(35557348, 148, 60, 45.60975646972656, 45.60975646972656)
(35577995, 138, 60, 51.15853500366211, 51.15853500366211)
(35580168, 129, 60, 56.09756088256836, 56.09756088256836)
(35587485, 169, 60, 33.96341323852539, 33.96341323852539)
(35589665, 159, 60, 39.20731735229492, 39.20731735229492)
(35622637, 155, 60, 42.07316970825195, 42.07316970825195)
(35624803, 147, 60, 46.34146499633789, 46.34146499633789)
(35652363, 144, 60, 48.17073059082031, 48.17073059082031)
(35654539, 154, 60, 42.317073822021484, 42.317073822021484)
(35683411, 121, 60, 60.79268264770508, 60.79268264770508)
(35685932, 148, 60, 45.79268264770508, 45.79268264770508)
(35688166, 144, 60, 48.10975646972656, 48.10975646972656)
(35712512, 175, 60, 30.609756469726562, 30.609756469726562)
(35714677, 162, 60, 37.92683029174805, 37.92683029174805)
(35728919, 145, 60, 47.621952056884766, 47.621952056884766)
(35731094, 150, 60, 45.0, 45.0)
(35742752, 147, 60, 46.585365295410156, 46.585365295410156)
(35744919, 144, 60, 48.23170852661133, 48.23170852661133)
(35788615, 133, 60, 54.32926940917969, 54.32926940917969)
(35790784, 135, 60, 53.23170852661133, 53.23170852661133)