(28414349, 0, 0, 0.0, 0.0)
(28416761, 255, 255, -0.24390244483947754, -0.24390244483947754)
(28422000, 255, 255, -0.9756097793579102, -0.9756097793579102)
(28424156, 255, 255, -2.317073106765747, -2.317073106765747)
(28443068, 255, 255, 49.14634323120117, 49.14634323120117)
(28446471, 255, 255, 40.06097412109375, 40.06097412109375)
(28448633, 255, 255, 69.45121765136719, 69.45121765136719)
(28461127, 255, 255, 118.65853881835938, 118.65853881835938)
(28464527, 255, 255, 129.51219177246094, 129.51219177246094)
(28466694, 255, 255, 132.80487060546875, 132.80487060546875)
(28479491, 255, 255, 175.6707305908203, 175.6707305908203)
(28482892, 255, 255, 187.19512939453125, 187.19512939453125)
(28485055, 255, 255, 216.9512176513672, 216.9512176513672)
(28497545, 255, 255, 197.13414001464844, 197.13414001464844)
(28500955, 255, 255, 199.4512176513672, 199.4512176513672)
(28503116, 255, 255, 193.10975646972656, 193.10975646972656)
(28517747, 255, 255, 274.3902587890625, 274.3902587890625)
(28521137, 255, 255, 256.5243835449219, 256.5243835449219)
(28523286, 255, 255, 297.07318115234375, 297.07318115234375)
(28535767, 255, 255, 324.0853576660156, 324.0853576660156)
(28539156, 255, 255, 331.4634094238281, 331.4634094238281)
(28541318, 255, 255, 333.5975646972656, 333.5975646972656)
(28553780, 255, 255, 374.51220703125, 374.51220703125)
(28557179, 226, 226, 394.0853576660156, 394.0853576660156)
(28559345, 245, 245, 383.4756164550781, 383.4756164550781)
(28573933, 158, 158, 432.31707763671875, 432.31707763671875)
(28577332, 167, 167, 427.3780517578125, 427.3780517578125)
(28579495, 195, 195, 411.95123291015625, 411.95123291015625)
(28591970, 125, 125, 451.1585388183594, 451.1585388183594)
(28595380, 171, 171, 426.0975646972656, 426.0975646972656)
(28597543, 89, 89, 471.7073059082031, 471.7073059082031)
(28610044, 76, 76, 478.6585388183594, 478.6585388183594)
(28613422, 28, 28, 505.42681884765625, 505.42681884765625)
(28615574, 54, 54, 491.2804870605469, 491.2804870605469)
(28630187, 30, 30, 538.0487670898438, 538.0487670898438)
(28633588, 12, 12, 528.4146118164062, 528.4146118164062)
(28635741, 21, 21, 533.1097412109375, 533.1097412109375)
(28648252, 12, 12, 528.2926635742188, 528.2926635742188)
(28651660, 1, 1, 520.48779296875, 520.48779296875)
(28653824, 21, 21, 509.2073059082031, 509.2073059082031)
(28666453, 108, 108, 460.9146423339844, 460.9146423339844)
(28669857, 51, 51, 492.743896484375, 492.743896484375)
(28672008, 86, 86, 473.1707458496094, 473.1707458496094)
(28686631, 143, 143, 441.7682800292969, 441.7682800292969)
(28690033, 177, 177, 423.04876708984375, 423.04876708984375)
(28692185, 169, 169, 427.92681884765625, 427.92681884765625)
(28704677, 241, 241, 388.04876708984375, 388.04876708984375)
(28708062, 224, 224, 397.92681884765625, 397.92681884765625)
(28710228, 255, 255, 377.98779296875, 377.98779296875)
(28722994, 206, 206, 408.7195129394531, 408.7195129394531)
(28726386, 175, 175, 425.7317199707031, 425.7317199707031)
(28728539, 180, 180, 423.3536682128906, 423.3536682128906)
(28741015, 147, 147, 441.6463317871094, 441.6463317871094)
(28744407, 236, 236, 392.3780517578125, 392.3780517578125)
(28746559, 113, 113, 460.8536682128906, 460.8536682128906)
(28761198, 134, 134, 449.81707763671875, 449.81707763671875)
(28764590, 114, 114, 461.0365905761719, 461.0365905761719)
(28766750, 110, 110, 462.8658447265625, 462.8658447265625)
(28779228, 109, 109, 463.6585388183594, 463.6585388183594)
(28782642, 9, 9, 519.51220703125, 519.51220703125)
(28784806, 101, 101, 467.98779296875, 467.98779296875)
(28797259, 77, 77, 481.7682800292969, 481.7682800292969)
(28800659, 86, 86, 476.5243835449219, 476.5243835449219)
(28802810, 47, 47, 498.4756164550781, 498.4756164550781)
(28817444, 59, 59, 491.7682800292969, 491.7682800292969)
(28820844, 83, 83, 478.5975646972656, 478.5975646972656)
(28822997, 42, 42, 501.0365905761719, 501.0365905761719)
(28835471, 133, 133, 450.7926940917969, 450.7926940917969)
(28838885, 104, 104, 466.8902587890625, 466.8902587890625)
(28841048, 79, 79, 480.7317199707031, 480.7317199707031)
(28872868, 103, 103, 468.2926940917969, 468.2926940917969)
(28876267, 149, 149, 442.3780517578125, 442.3780517578125)
(28878421, 194, 194, 417.8658447265625, 417.8658447265625)
(28908078, 210, 210, 410.0, 410.0)
(28911501, 100, 100, 470.7926940917969, 470.7926940917969)
(28913653, 126, 126, 456.4634094238281, 456.4634094238281)
(28945444, 94, 94, 475.18292236328125, 475.18292236328125)
(28948843, 64, 64, 491.8292541503906, 491.8292541503906)
(28950998, 93, 93, 475.48779296875, 475.48779296875)
(28982768, 111, 111, 466.0365905761719, 466.0365905761719)
(28986189, 91, 91, 476.95123291015625, 476.95123291015625)
(28988352, 110, 110, 466.7073059082031, 466.7073059082031)
(29020140, 141, 141, 449.81707763671875, 449.81707763671875)
(29023540, 141, 141, 450.0, 450.0)
(29025694, 134, 134, 453.9634094238281, 453.9634094238281)
(29057480, 137, 137, 453.04876708984375, 453.04876708984375)
(29060891, 148, 148, 447.256103515625, 447.256103515625)
(29063054, 120, 120, 462.56097412109375, 462.56097412109375)
(29094867, 142, 142, 451.4024353027344, 451.4024353027344)
(29098277, 137, 137, 454.2682800292969, 454.2682800292969)
(29100439, 142, 142, 451.5243835449219, 451.5243835449219)
(29132229, 96, 96, 477.3780517578125, 477.3780517578125)
(29135637, 142, 142, 452.07318115234375, 452.07318115234375)
(29137803, 152, 152, 446.6463317871094, 446.6463317871094)
(29169583, 111, 111, 470.0, 470.0)
(29173006, 186, 186, 428.5975646972656, 428.5975646972656)
(29175165, 189, 189, 427.07318115234375, 427.07318115234375)
(29206944, 99, 99, 477.6219482421875, 477.6219482421875)
(29210377, 106, 106, 473.5975646972656, 473.5975646972656)
(29212538, 118, 118, 467.1341552734375, 467.1341552734375)
(29244344, 155, 155, 447.31707763671875, 447.31707763671875)
(29247755, 126, 126, 463.4756164550781, 463.4756164550781)
(29249920, 168, 168, 440.48779296875, 440.48779296875)
(29281717, 168, 168, 441.4024353027344, 441.4024353027344)
(29285126, 65, 65, 498.2926940917969, 498.2926940917969)
(29287288, 82, 82, 488.9024353027344, 488.9024353027344)
(29319058, 220, 220, 413.1097412109375, 413.1097412109375)
(29322473, 78, 78, 491.8902587890625, 491.8902587890625)
(29324626, 139, 139, 457.98779296875, 457.98779296875)
(29376482, 109, 109, 475.54876708984375, 475.54876708984375)
(29379886, 132, 132, 462.56097412109375, 462.56097412109375)
(29382047, 105, 105, 477.3780517578125, 477.3780517578125)
(29450146, 133, 133, 463.1707458496094, 463.1707458496094)
(29453544, 210, 210, 420.6097412109375, 420.6097412109375)
(29455697, 225, 225, 412.1341552734375, 412.1341552734375)
(29487511, 163, 163, 447.256103515625, 447.256103515625)
(29490931, 156, 156, 451.0365905761719, 451.0365905761719)
(29493095, 143, 143, 458.5365905761719, 458.5365905761719)
(29524859, 137, 137, 462.31707763671875, 462.31707763671875)
(29528280, 89, 89, 488.7195129394531, 488.7195129394531)
(29530444, 122, 122, 470.8536682128906, 470.8536682128906)
(29562207, 209, 209, 423.04876708984375, 423.04876708984375)
(29565618, 190, 190, 433.7804870605469, 433.7804870605469)
(29567770, 155, 155, 452.98779296875, 452.98779296875)
(29599575, 175, 175, 442.6219482421875, 442.6219482421875)
(29603007, 219, 219, 418.4756164550781, 418.4756164550781)
(29605168, 129, 129, 468.4146423339844, 468.4146423339844)
(29675425, 169, 169, 447.92681884765625, 447.92681884765625)
(29678854, 11, 11, 535.1829223632812, 535.1829223632812)
(29681019, 255, 255, 355.7926940917969, 355.7926940917969)
(29712811, 79, 79, 497.92681884765625, 497.92681884765625)
(29716221, 145, 145, 461.5243835449219, 461.5243835449219)
(29718381, 108, 108, 482.01220703125, 482.01220703125)
(29750186, 79, 79, 585.8536376953125, 585.8536376953125)
(29753611, 117, 117, 476.95123291015625, 476.95123291015625)
(29755762, 80, 80, 497.5, 497.5)
(29807617, 255, 255, 346.3414611816406, 346.3414611816406)
(29811031, 255, 255, 216.8292694091797, 216.8292694091797)
(29813189, 255, 255, 319.2073059082031, 319.2073059082031)
(29845029, 245, 245, 408.9024353027344, 408.9024353027344)
(29848428, 224, 224, 420.7317199707031, 420.7317199707031)
(29850594, 253, 253, 404.57318115234375, 404.57318115234375)
(29882374, 7, 7, 541.4634399414062, 541.4634399414062)
(29885773, 110, 110, 484.69512939453125, 484.69512939453125)
(29887936, 119, 119, 479.6341552734375, 479.6341552734375)
(29919736, 69, 69, 507.1341552734375, 507.1341552734375)
(29923145, 1, 1, 546.4024658203125, 546.4024658203125)
(29925296, 84, 84, 498.8414611816406, 498.8414611816406)
(29957108, 100, 100, 490.18292236328125, 490.18292236328125)
(29960531, 123, 123, 477.43902587890625, 477.43902587890625)
(29962686, 166, 166, 453.4756164550781, 453.4756164550781)
(29994477, 215, 215, 427.31707763671875, 427.31707763671875)
(29997887, 170, 170, 452.1341552734375, 452.1341552734375)
(30000050, 185, 185, 443.7195129394531, 443.7195129394531)
(30031862, 96, 96, 493.7195129394531, 493.7195129394531)
(30035298, 105, 105, 488.6585388183594, 488.6585388183594)
(30037459, 114, 114, 483.5365905761719, 483.5365905761719)
(30069228, 209, 209, 431.0975646972656, 431.0975646972656)
(30072629, 135, 135, 472.19512939453125, 472.19512939453125)
(30074793, 173, 173, 451.1585388183594, 451.1585388183594)
(30106583, 138, 138, 471.4634094238281, 471.4634094238281)
(30109985, 158, 158, 460.42681884765625, 460.42681884765625)
(30112145, 140, 140, 470.42681884765625, 470.42681884765625)
(30143953, 104, 104, 490.8536682128906, 490.8536682128906)
(30147364, 212, 212, 430.9146423339844, 430.9146423339844)
(30149514, 147, 147, 467.01220703125, 467.01220703125)
(30181329, 147, 147, 467.5, 467.5)
(30184744, 144, 144, 468.9634094238281, 468.9634094238281)
(30186893, 135, 135, 473.9024353027344, 473.9024353027344)
(30218714, 97, 97, 495.7926940917969, 495.7926940917969)
(30222115, 82, 82, 503.9634094238281, 503.9634094238281)
(30224269, 118, 118, 483.9024353027344, 483.9024353027344)
(30256074, 92, 92, 498.7195129394531, 498.7195129394531)
(30259494, 147, 147, 468.1097412109375, 468.1097412109375)
(30261646, 111, 111, 488.2317199707031, 488.2317199707031)
(30293439, 105, 105, 491.7073059082031, 491.7073059082031)
(30296873, 126, 126, 479.93902587890625, 479.93902587890625)
(30299027, 152, 152, 465.9146423339844, 465.9146423339844)
(30330824, 200, 200, 439.81707763671875, 439.81707763671875)
(30334260, 134, 134, 476.0975646972656, 476.0975646972656)
(30336425, 141, 141, 472.3780517578125, 472.3780517578125)
(30368205, 159, 159, 463.1097412109375, 463.1097412109375)
(30371625, 125, 125, 481.8902587890625, 481.8902587890625)
(30373787, 93, 93, 499.57318115234375, 499.57318115234375)
(30405835, 118, 118, 485.9756164550781, 485.9756164550781)
(30409297, 89, 89, 501.8902587890625, 501.8902587890625)
(30411459, 99, 99, 496.5853576660156, 496.5853576660156)
(30443276, 227, 227, 426.0365905761719, 426.0365905761719)
(30446672, 144, 144, 472.1341552734375, 472.1341552734375)
(30448823, 129, 129, 480.48779296875, 480.48779296875)
(30480649, 174, 174, 455.9756164550781, 455.9756164550781)
(30484059, 84, 84, 506.0365905761719, 506.0365905761719)
(30486213, 149, 149, 469.81707763671875, 469.81707763671875)
(30518014, 112, 112, 490.3658447265625, 490.3658447265625)
(30521445, 98, 98, 498.6585388183594, 498.6585388183594)
(30523605, 152, 152, 468.4146423339844, 468.4146423339844)
(30555400, 138, 138, 476.6463317871094, 476.6463317871094)
(30558819, 121, 121, 485.9756164550781, 485.9756164550781)
(30560981, 120, 120, 486.7682800292969, 486.7682800292969)
(30612814, 172, 172, 458.9024353027344, 458.9024353027344)
(30616226, 112, 112, 492.19512939453125, 492.19512939453125)
(30618393, 141, 141, 476.0975646972656, 476.0975646972656)
(30650191, 132, 132, 480.9756164550781, 480.9756164550781)
(30653604, 80, 80, 509.93902587890625, 509.93902587890625)
(30655764, 114, 114, 491.2195129394531, 491.2195129394531)
(30687570, 127, 127, 484.3292541503906, 484.3292541503906)
(30690982, 150, 150, 471.5243835449219, 471.5243835449219)
(30693143, 123, 123, 486.4024353027344, 486.4024353027344)
(30724944, 160, 160, 466.4024353027344, 466.4024353027344)
(30728358, 163, 163, 464.8780517578125, 464.8780517578125)
(30730511, 135, 135, 480.243896484375, 480.243896484375)
(30762327, 147, 147, 474.0243835449219, 474.0243835449219)
(30765738, 131, 131, 483.1097412109375, 483.1097412109375)
(30767903, 162, 162, 465.6707458496094, 465.6707458496094)
(30799696, 93, 93, 503.9024353027344, 503.9024353027344)
(30803119, 143, 143, 476.5853576660156, 476.5853576660156)
(30805282, 126, 126, 485.8536682128906, 485.8536682128906)
(30856282, 131, 131, 483.4146423339844, 483.4146423339844)
(30859683, 146, 146, 475.0, 475.0)
(30861845, 125, 125, 486.5853576660156, 486.5853576660156)
(30893628, 132, 132, 483.2317199707031, 483.2317199707031)
(30897047, 163, 163, 465.9146423339844, 465.9146423339844)
(30899213, 156, 156, 469.81707763671875, 469.81707763671875)
(30931013, 182, 182, 456.0365905761719, 456.0365905761719)
(30934424, 145, 145, 476.7682800292969, 476.7682800292969)
(30936585, 102, 102, 500.3658447265625, 500.3658447265625)
(30968388, 147, 147, 475.6097412109375, 475.6097412109375)
(30971814, 184, 184, 455.30487060546875, 455.30487060546875)
(30973967, 127, 127, 486.6463317871094, 486.6463317871094)
(31005774, 68, 68, 520.0, 520.0)
(31009205, 152, 152, 473.04876708984375, 473.04876708984375)
(31011372, 160, 160, 469.0853576660156, 469.0853576660156)
(31043173, 99, 99, 502.56097412109375, 502.56097412109375)
(31046581, 127, 127, 487.19512939453125, 487.19512939453125)
(31048741, 92, 92, 506.6463317871094, 506.6463317871094)
(31080540, 116, 116, 493.2926940917969, 493.2926940917969)
(31083961, 177, 177, 459.81707763671875, 459.81707763671875)
(31086110, 221, 221, 435.06097412109375, 435.06097412109375)
(31117907, 216, 216, 438.2926940917969, 438.2926940917969)
(31121339, 221, 221, 435.6707458496094, 435.6707458496094)
(31123504, 162, 162, 468.3536682128906, 468.3536682128906)
(31213768, 99, 99, 503.7195129394531, 503.7195129394531)
(31217158, 89, 89, 509.3902587890625, 509.3902587890625)
(31219321, 38, 38, 537.256103515625, 537.256103515625)
(31249007, 146, 146, 477.80487060546875, 477.80487060546875)
(31252429, 175, 175, 461.7073059082031, 461.7073059082031)
(31254595, 157, 157, 471.6463317871094, 471.6463317871094)
(31286372, 159, 159, 470.9756164550781, 470.9756164550781)
(31289791, 101, 101, 503.5365905761719, 503.5365905761719)
(31291942, 137, 137, 483.1097412109375, 483.1097412109375)
(31323741, 131, 131, 487.01220703125, 487.01220703125)
(31327151, 123, 123, 491.5243835449219, 491.5243835449219)
(31329300, 159, 159, 471.1585388183594, 471.1585388183594)
(31361110, 100, 100, 504.2073059082031, 504.2073059082031)
(31364533, 107, 107, 500.18292236328125, 500.18292236328125)
(31366698, 105, 105, 501.0975646972656, 501.0975646972656)
(31398503, 137, 137, 483.7804870605469, 483.7804870605469)
(31401927, 157, 157, 472.43902587890625, 472.43902587890625)
(31404077, 172, 172, 464.2073059082031, 464.2073059082031)
(31435906, 182, 182, 459.3292541503906, 459.3292541503906)
(31439307, 255, 255, 399.57318115234375, 399.57318115234375)
(31441460, 197, 197, 450.9756164550781, 450.9756164550781)
(31473258, 153, 153, 476.0975646972656, 476.0975646972656)
(31476689, 229, 229, 433.7804870605469, 433.7804870605469)
(31478853, 118, 118, 495.7926940917969, 495.7926940917969)
(31510629, 81, 81, 516.5244140625, 516.5244140625)
(31514039, 141, 141, 482.80487060546875, 482.80487060546875)
(31516200, 133, 133, 487.31707763671875, 487.31707763671875)
(31548006, 95, 95, 508.8414611816406, 508.8414611816406)
(31551421, 132, 132, 488.4756164550781, 488.4756164550781)
(31553583, 182, 182, 460.243896484375, 460.243896484375)
(31585392, 83, 83, 515.9755859375, 515.9755859375)
(31588815, 218, 218, 441.1585388183594, 441.1585388183594)
(31590968, 185, 185, 459.45123291015625, 459.45123291015625)
(31622781, 147, 147, 480.7926940917969, 480.7926940917969)
(31626203, 116, 116, 498.1707458496094, 498.1707458496094)
(31628351, 77, 77, 519.9390258789062, 519.9390258789062)
(31660159, 81, 81, 517.4390258789062, 517.4390258789062)
(31663579, 104, 104, 504.81707763671875, 504.81707763671875)
(31665738, 87, 87, 513.9024658203125, 513.9024658203125)
(31697532, 123, 123, 493.7804870605469, 493.7804870605469)
(31700955, 177, 177, 463.9634094238281, 463.9634094238281)
(31703118, 181, 181, 461.7073059082031, 461.7073059082031)
(31737054, 132, 132, 489.57318115234375, 489.57318115234375)
(31740465, 93, 93, 510.9146423339844, 510.9146423339844)
(31742626, 172, 172, 467.07318115234375, 467.07318115234375)
(31792303, 25, 25, 548.719482421875, 548.719482421875)
(31795703, 101, 101, 506.6463317871094, 506.6463317871094)
(31797859, 104, 104, 504.756103515625, 504.756103515625)
(31829662, 98, 98, 508.1707458496094, 508.1707458496094)
(31833084, 129, 129, 490.7317199707031, 490.7317199707031)
(31835236, 127, 127, 492.256103515625, 492.256103515625)
(31867025, 213, 213, 444.45123291015625, 444.45123291015625)
(31870439, 137, 137, 486.6463317871094, 486.6463317871094)
(31872600, 122, 122, 495.06097412109375, 495.06097412109375)
(31904385, 131, 131, 490.6707458496094, 490.6707458496094)
(31907817, 145, 145, 482.92681884765625, 482.92681884765625)
(31909983, 146, 146, 482.5, 482.5)
(31941816, 110, 110, 502.3780517578125, 502.3780517578125)
(31945228, 94, 94, 511.1585388183594, 511.1585388183594)
(31947390, 75, 75, 521.8292846679688, 521.8292846679688)
(31979208, 166, 166, 471.3414611816406, 471.3414611816406)
(31982621, 186, 186, 460.48779296875, 460.48779296875)
(31984772, 192, 192, 457.07318115234375, 457.07318115234375)
(32016549, 173, 173, 467.80487060546875, 467.80487060546875)
(32019970, 187, 187, 460.18292236328125, 460.18292236328125)
(32022125, 153, 153, 479.51220703125, 479.51220703125)
(32053945, 135, 135, 489.81707763671875, 489.81707763671875)
(32057357, 74, 74, 523.5975341796875, 523.5975341796875)
(32059510, 127, 127, 493.7195129394531, 493.7195129394531)
(32091320, 158, 158, 476.7682800292969, 476.7682800292969)
(32094740, 127, 127, 494.3292541503906, 494.3292541503906)
(32096900, 144, 144, 484.93902587890625, 484.93902587890625)
(32128701, 133, 133, 490.9146423339844, 490.9146423339844)
(32132126, 142, 142, 486.0365905761719, 486.0365905761719)
(32134288, 159, 159, 476.4634094238281, 476.4634094238281)
(32166098, 118, 118, 499.69512939453125, 499.69512939453125)
(32169530, 155, 155, 479.3292541503906, 479.3292541503906)
(32171684, 141, 141, 486.6463317871094, 486.6463317871094)
(32203487, 155, 155, 479.0243835449219, 479.0243835449219)
(32206898, 159, 159, 477.1341552734375, 477.1341552734375)
(32209050, 162, 162, 475.6707458496094, 475.6707458496094)
(32240872, 153, 153, 480.6097412109375, 480.6097412109375)
(32244282, 169, 169, 471.5853576660156, 471.5853576660156)
(32246447, 170, 170, 471.0365905761719, 471.0365905761719)
(32278258, 140, 140, 488.3536682128906, 488.3536682128906)
(32281657, 135, 135, 491.0365905761719, 491.0365905761719)
(32283819, 141, 141, 487.3780517578125, 487.3780517578125)
(32317769, 138, 138, 489.45123291015625, 489.45123291015625)
(32321178, 132, 132, 492.80487060546875, 492.80487060546875)
(32323343, 139, 139, 488.6585388183594, 488.6585388183594)
(32355112, 116, 116, 501.8292541503906, 501.8292541503906)
(32358534, 149, 149, 483.3536682128906, 483.3536682128906)
(32360698, 157, 157, 478.8414611816406, 478.8414611816406)
(32390956, 137, 137, 490.18292236328125, 490.18292236328125)
(32394402, 194, 194, 458.5975646972656, 458.5975646972656)
(32396553, 183, 183, 464.6341552734375, 464.6341552734375)
(32428364, 148, 148, 484.3902587890625, 484.3902587890625)
(32431782, 176, 176, 468.7804870605469, 468.7804870605469)
(32433938, 202, 202, 454.3902587890625, 454.3902587890625)
(32465735, 114, 114, 503.4756164550781, 503.4756164550781)
(32469169, 87, 87, 518.5365600585938, 518.5365600585938)
(32471328, 100, 100, 511.4024353027344, 511.4024353027344)
(32503115, 100, 100, 511.3414611816406, 511.3414611816406)
(32506546, 167, 167, 474.1463317871094, 474.1463317871094)
(32508710, 99, 99, 511.8292541503906, 511.8292541503906)
(32540540, 78, 78, 523.5975341796875, 523.5975341796875)
(32543956, 143, 143, 487.07318115234375, 487.07318115234375)
(32546120, 175, 175, 469.6341552734375, 469.6341552734375)
(32577885, 134, 134, 492.68292236328125, 492.68292236328125)
(32581297, 160, 160, 478.2926940917969, 478.2926940917969)
(32583450, 154, 154, 481.2804870605469, 481.2804870605469)
(32617390, 175, 175, 469.6341552734375, 469.6341552734375)
(32620810, 164, 164, 475.9756164550781, 475.9756164550781)
(32622966, 161, 161, 477.80487060546875, 477.80487060546875)
(32654768, 189, 189, 462.56097412109375, 462.56097412109375)
(32658190, 187, 187, 463.7195129394531, 463.7195129394531)
(32660338, 170, 170, 472.92681884765625, 472.92681884765625)
(32692153, 143, 143, 488.2317199707031, 488.2317199707031)
(32695568, 159, 159, 479.57318115234375, 479.57318115234375)
(32697729, 176, 176, 470.30487060546875, 470.30487060546875)
(32729549, 56, 56, 537.0731811523438, 537.0731811523438)
(32732948, 116, 116, 503.7804870605469, 503.7804870605469)
(32735114, 105, 105, 509.81707763671875, 509.81707763671875)
(32766919, 98, 98, 513.5975341796875, 513.5975341796875)
(32770339, 90, 90, 518.231689453125, 518.231689453125)
(32772503, 164, 164, 476.8292541503906, 476.8292541503906)
(32804317, 176, 176, 470.54876708984375, 470.54876708984375)
(32807745, 178, 178, 469.6341552734375, 469.6341552734375)
(32809899, 119, 119, 502.07318115234375, 502.07318115234375)
(32841728, 148, 148, 486.6463317871094, 486.6463317871094)
(32845154, 106, 106, 509.69512939453125, 509.69512939453125)
(32847309, 118, 118, 502.80487060546875, 502.80487060546875)
(32879119, 183, 183, 466.95123291015625, 466.95123291015625)
(32882530, 184, 184, 466.6463317871094, 466.6463317871094)
(32884692, 187, 187, 465.18292236328125, 465.18292236328125)
(32916489, 124, 124, 499.93902587890625, 499.93902587890625)
(32919915, 120, 120, 502.43902587890625, 502.43902587890625)
(32922076, 135, 135, 493.8414611816406, 493.8414611816406)
(32973894, 179, 179, 469.3292541503906, 469.3292541503906)
(32977292, 159, 159, 480.7317199707031, 480.7317199707031)
(32979446, 132, 132, 495.7317199707031, 495.7317199707031)
(33009100, 116, 116, 504.45123291015625, 504.45123291015625)
(33012534, 140, 140, 491.5243835449219, 491.5243835449219)
(33014697, 113, 113, 506.2195129394531, 506.2195129394531)
(33046508, 115, 115, 505.06097412109375, 505.06097412109375)
(33049942, 163, 163, 478.5365905761719, 478.5365905761719)
(33052108, 155, 155, 482.92681884765625, 482.92681884765625)
(33083932, 162, 162, 479.3902587890625, 479.3902587890625)
(33087343, 172, 172, 474.0853576660156, 474.0853576660156)
(33089502, 221, 221, 446.8902587890625, 446.8902587890625)
(33121293, 183, 183, 468.3536682128906, 468.3536682128906)
(33124723, 87, 87, 521.5244140625, 521.5244140625)
(33126887, 156, 156, 482.98779296875, 482.98779296875)
(33158708, 143, 143, 490.6097412109375, 490.6097412109375)
(33162131, 93, 93, 517.98779296875, 517.98779296875)
(33164281, 106, 106, 510.9146423339844, 510.9146423339844)
(33196106, 138, 138, 492.8658447265625, 492.8658447265625)
(33199506, 127, 127, 498.9634094238281, 498.9634094238281)
(33201658, 144, 144, 489.6341552734375, 489.6341552734375)
(33235596, 166, 166, 477.5, 477.5)
(33239016, 143, 143, 490.243896484375, 490.243896484375)
(33241171, 145, 145, 489.57318115234375, 489.57318115234375)
(33272971, 113, 113, 507.43902587890625, 507.43902587890625)
(33276405, 150, 150, 486.7073059082031, 486.7073059082031)
(33278565, 83, 83, 523.9634399414062, 523.9634399414062)
(33310348, 141, 141, 491.8292541503906, 491.8292541503906)
(33313775, 119, 119, 503.8414611816406, 503.8414611816406)
(33315934, 111, 111, 508.2317199707031, 508.2317199707031)
(33347726, 158, 158, 482.19512939453125, 482.19512939453125)
(33351157, 153, 153, 484.93902587890625, 484.93902587890625)
(33353322, 150, 150, 487.01220703125, 487.01220703125)
(33402232, 133, 133, 496.8292541503906, 496.8292541503906)
(33405656, 115, 115, 506.8292541503906, 506.8292541503906)
(33407810, 130, 130, 498.2317199707031, 498.2317199707031)
(33439607, 120, 120, 503.9634094238281, 503.9634094238281)
(33443009, 163, 163, 480.30487060546875, 480.30487060546875)
(33445174, 143, 143, 491.6463317871094, 491.6463317871094)
(33479132, 150, 150, 487.6219482421875, 487.6219482421875)
(33482567, 97, 97, 517.0731811523438, 517.0731811523438)
(33484733, 116, 116, 506.2195129394531, 506.2195129394531)
(33516556, 119, 119, 504.69512939453125, 504.69512939453125)
(33519961, 151, 151, 487.01220703125, 487.01220703125)
(33522122, 128, 128, 499.756103515625, 499.756103515625)
(33553928, 150, 150, 487.743896484375, 487.743896484375)
(33557344, 185, 185, 468.3536682128906, 468.3536682128906)
(33559504, 169, 169, 477.01220703125, 477.01220703125)
(33591312, 156, 156, 484.2073059082031, 484.2073059082031)
(33594713, 103, 103, 514.0244140625, 514.0244140625)
(33596866, 79, 79, 526.9512329101562, 526.9512329101562)
(33628676, 126, 126, 500.9756164550781, 500.9756164550781)
(33632100, 115, 115, 507.07318115234375, 507.07318115234375)
(33634262, 116, 116, 506.7682800292969, 506.7682800292969)
(33683137, 237, 237, 439.93902587890625, 439.93902587890625)
(33686551, 255, 255, 394.3292541503906, 394.3292541503906)
(33688714, 207, 207, 456.6463317871094, 456.6463317871094)
(33722678, 159, 159, 483.5365905761719, 483.5365905761719)
(33726100, 112, 112, 509.81707763671875, 509.81707763671875)
(33728263, 129, 129, 500.243896484375, 500.243896484375)
(33760053, 96, 96, 518.4755859375, 518.4755859375)
(33763465, 61, 61, 537.98779296875, 537.98779296875)
(33765626, 112, 112, 509.3292541503906, 509.3292541503906)
(33797433, 149, 149, 489.0243835449219, 489.0243835449219)
(33800863, 135, 135, 496.8902587890625, 496.8902587890625)
(33803027, 186, 186, 468.2926940917969, 468.2926940917969)
(33834834, 161, 161, 482.98779296875, 482.98779296875)
(33838266, 255, 255, 416.4634094238281, 416.4634094238281)
(33840428, 255, 255, 376.0975646972656, 376.0975646972656)
(33872241, 53, 53, 602.9268188476562, 602.9268188476562)
(33875663, 223, 223, 449.0243835449219, 449.0243835449219)
(33877813, 255, 255, 429.69512939453125, 429.69512939453125)
(33909636, 173, 173, 476.95123291015625, 476.95123291015625)
(33913033, 134, 134, 498.3536682128906, 498.3536682128906)
(33915196, 45, 45, 547.98779296875, 547.98779296875)
(33946995, 103, 103, 515.6097412109375, 515.6097412109375)
(33950419, 121, 121, 505.243896484375, 505.243896484375)
(33952569, 79, 79, 528.9024658203125, 528.9024658203125)
(33984372, 180, 180, 472.43902587890625, 472.43902587890625)
(33987814, 154, 154, 487.3780517578125, 487.3780517578125)
(33989981, 124, 124, 503.9634094238281, 503.9634094238281)
(34021787, 182, 182, 472.01220703125, 472.01220703125)
(34025219, 138, 138, 496.2195129394531, 496.2195129394531)
(34027381, 184, 184, 471.0975646972656, 471.0975646972656)
(34059162, 132, 132, 499.81707763671875, 499.81707763671875)
(34062588, 109, 109, 512.6219482421875, 512.6219482421875)
(34064749, 120, 120, 506.5853576660156, 506.5853576660156)
(34096545, 104, 104, 515.6097412109375, 515.6097412109375)
(34099960, 112, 112, 511.2195129394531, 511.2195129394531)
(34102114, 102, 102, 516.7073364257812, 516.7073364257812)
(34133932, 172, 172, 477.43902587890625, 477.43902587890625)
(34137344, 192, 192, 466.3414611816406, 466.3414611816406)
(34139506, 118, 118, 507.80487060546875, 507.80487060546875)
(34171314, 133, 133, 499.57318115234375, 499.57318115234375)
(34174727, 151, 151, 489.69512939453125, 489.69512939453125)
(34176879, 100, 100, 518.1707153320312, 518.1707153320312)
(34208690, 123, 123, 505.42681884765625, 505.42681884765625)
(34212102, 138, 138, 497.1341552734375, 497.1341552734375)
(34214266, 134, 134, 499.2073059082031, 499.2073059082031)
(34246065, 121, 121, 506.4024353027344, 506.4024353027344)
(34249476, 128, 128, 502.5, 502.5)
(34251637, 147, 147, 491.5853576660156, 491.5853576660156)
(34283430, 213, 213, 455.8536682128906, 455.8536682128906)
(34286865, 141, 141, 495.9146423339844, 495.9146423339844)
(34289027, 169, 169, 480.3658447265625, 480.3658447265625)
(34320831, 136, 136, 498.9024353027344, 498.9024353027344)
(34324244, 56, 56, 543.1097412109375, 543.1097412109375)
(34326405, 88, 88, 525.3658447265625, 525.3658447265625)
(34358508, 102, 102, 517.5, 517.5)
(34362031, 88, 88, 525.4268188476562, 525.4268188476562)
(34364204, 106, 106, 515.3658447265625, 515.3658447265625)
(34396009, 143, 143, 494.2682800292969, 494.2682800292969)
(34399424, 72, 72, 533.8414916992188, 533.8414916992188)
(34401575, 96, 96, 520.4268188476562, 520.4268188476562)
(34433403, 136, 136, 497.80487060546875, 497.80487060546875)
(34436830, 155, 155, 487.31707763671875, 487.31707763671875)
(34438981, 155, 155, 487.68292236328125, 487.68292236328125)
(34470804, 156, 156, 486.95123291015625, 486.95123291015625)
(34474217, 165, 165, 482.256103515625, 482.256103515625)
(34476370, 156, 156, 487.5, 487.5)
(34527405, 107, 107, 514.51220703125, 514.51220703125)
(34530837, 82, 82, 528.4755859375, 528.4755859375)
(34532998, 59, 59, 540.8536376953125, 540.8536376953125)
(34564781, 134, 134, 499.0243835449219, 499.0243835449219)
(34568214, 147, 147, 492.19512939453125, 492.19512939453125)
(34570379, 136, 136, 498.2317199707031, 498.2317199707031)
(34602161, 237, 237, 442.19512939453125, 442.19512939453125)
(34605583, 139, 139, 497.01220703125, 497.01220703125)
(34607745, 160, 160, 485.1219482421875, 485.1219482421875)
(34658747, 165, 165, 482.6219482421875, 482.6219482421875)
(34662169, 158, 158, 486.7682800292969, 486.7682800292969)
(34664320, 120, 120, 507.743896484375, 507.743896484375)
(34696132, 119, 119, 508.2926940917969, 508.2926940917969)
(34699559, 145, 145, 493.9024353027344, 493.9024353027344)
(34701707, 138, 138, 497.8658447265625, 497.8658447265625)
(34733518, 124, 124, 505.7926940917969, 505.7926940917969)
(34736935, 168, 168, 481.0365905761719, 481.0365905761719)
(34739096, 128, 128, 503.7195129394531, 503.7195129394531)
(34770936, 106, 106, 515.9146118164062, 515.9146118164062)
(34774347, 125, 125, 504.93902587890625, 504.93902587890625)
(34776499, 138, 138, 498.1097412109375, 498.1097412109375)
(34808292, 169, 169, 480.9146423339844, 480.9146423339844)
(34811715, 167, 167, 482.01220703125, 482.01220703125)
(34813866, 148, 148, 492.56097412109375, 492.56097412109375)
(34864896, 160, 160, 486.2195129394531, 486.2195129394531)
(34868311, 127, 127, 504.3292541503906, 504.3292541503906)
(34870474, 118, 118, 509.3902587890625, 509.3902587890625)
(34902281, 119, 119, 509.0853576660156, 509.0853576660156)
(34905692, 149, 149, 492.68292236328125, 492.68292236328125)
(34907848, 114, 114, 512.01220703125, 512.01220703125)
(34939687, 152, 152, 490.7926940917969, 490.7926940917969)
(34943109, 144, 144, 495.3658447265625, 495.3658447265625)
(34945270, 114, 114, 511.5853576660156, 511.5853576660156)
(34977087, 144, 144, 495.30487060546875, 495.30487060546875)
(34980501, 156, 156, 488.5975646972656, 488.5975646972656)
(34982663, 138, 138, 498.7195129394531, 498.7195129394531)
(35014464, 184, 184, 473.1707458496094, 473.1707458496094)
(35017887, 142, 142, 496.6463317871094, 496.6463317871094)
(35020051, 168, 168, 481.95123291015625, 481.95123291015625)
(35051848, 154, 154, 490.0, 490.0)
(35055273, 149, 149, 492.80487060546875, 492.80487060546875)
(35057436, 141, 141, 497.1341552734375, 497.1341552734375)
(35089261, 126, 126, 505.54876708984375, 505.54876708984375)
(35092675, 129, 129, 504.0243835449219, 504.0243835449219)
(35094837, 113, 113, 512.6829223632812, 512.6829223632812)
(35126643, 115, 115, 511.4024353027344, 511.4024353027344)
(35130046, 175, 175, 478.2926940917969, 478.2926940917969)
(35132201, 166, 166, 483.4756164550781, 483.4756164550781)
(35163994, 145, 145, 495.30487060546875, 495.30487060546875)
(35167395, 202, 202, 463.5365905761719, 463.5365905761719)
(35169544, 209, 209, 459.6341552734375, 459.6341552734375)
(35201372, 159, 159, 487.5, 487.5)
(35204775, 152, 152, 491.5243835449219, 491.5243835449219)
(35206936, 172, 172, 480.30487060546875, 480.30487060546875)
(35238742, 110, 110, 514.8170776367188, 514.8170776367188)
(35242158, 106, 106, 517.256103515625, 517.256103515625)
(35244320, 133, 133, 501.95123291015625, 501.95123291015625)
(35276128, 146, 146, 495.06097412109375, 495.06097412109375)
(35279550, 144, 144, 495.9756164550781, 495.9756164550781)
(35281714, 157, 157, 488.7195129394531, 488.7195129394531)
(35313549, 119, 119, 509.6341552734375, 509.6341552734375)
(35316984, 178, 178, 477.256103515625, 477.256103515625)
(35319144, 183, 183, 474.6341552734375, 474.6341552734375)
(35350954, 138, 138, 499.57318115234375, 499.57318115234375)
(35354357, 141, 141, 497.8658447265625, 497.8658447265625)
(35356510, 209, 209, 459.8780517578125, 459.8780517578125)
(35388346, 115, 115, 512.5609741210938, 512.5609741210938)
(35391769, 120, 120, 509.81707763671875, 509.81707763671875)
(35393920, 79, 79, 532.4390258789062, 532.4390258789062)
(35425734, 1, 1, 575.48779296875, 575.48779296875)
(35429149, 128, 128, 504.8780517578125, 504.8780517578125)
(35431300, 160, 160, 487.19512939453125, 487.19512939453125)
(35463096, 162, 162, 486.5243835449219, 486.5243835449219)
(35466497, 255, 255, 393.9024353027344, 393.9024353027344)
(35468652, 255, 255, 418.4756164550781, 418.4756164550781)
(35500457, 255, 255, 425.54876708984375, 425.54876708984375)
(35503881, 223, 223, 453.5365905761719, 453.5365905761719)
(35506043, 131, 131, 504.3292541503906, 504.3292541503906)
(35538675, 95, 95, 524.3902587890625, 524.3902587890625)
(35540854, 116, 116, 512.4390258789062, 512.4390258789062)
(35577762, 61, 61, 542.8048706054688, 542.8048706054688)
(35579929, 66, 66, 539.8780517578125, 539.8780517578125)
(35614644, 123, 123, 507.92681884765625, 507.92681884765625)
(35616818, 103, 103, 518.8414916992188, 518.8414916992188)
(35651579, 124, 124, 507.256103515625, 507.256103515625)
(35653755, 185, 185, 473.7804870605469, 473.7804870605469)
(35688536, 201, 201, 465.243896484375, 465.243896484375)
(35690711, 100, 100, 521.3414916992188, 521.3414916992188)
(35727589, 116, 116, 512.3780517578125, 512.3780517578125)
(35729764, 143, 143, 497.6219482421875, 497.6219482421875)
(35764529, 109, 109, 516.0365600585938, 516.0365600585938)
(35766694, 127, 127, 506.0365905761719, 506.0365905761719)
(35801455, 170, 170, 482.5, 482.5)
(35803621, 133, 133, 502.98779296875, 502.98779296875)
(35838386, 167, 167, 484.0243835449219, 484.0243835449219)
(35840556, 188, 188, 472.56097412109375, 472.56097412109375)
(35877449, 173, 173, 481.4634094238281, 481.4634094238281)
(35879615, 152, 152, 492.92681884765625, 492.92681884765625)
(35914331, 99, 99, 522.5609741210938, 522.5609741210938)
(35916497, 130, 130, 505.1219482421875, 505.1219482421875)
(35951243, 147, 147, 495.6707458496094, 495.6707458496094)
(35953422, 217, 217, 456.7682800292969, 456.7682800292969)
(35988177, 105, 105, 519.268310546875, 519.268310546875)
(35990343, 141, 141, 499.1463317871094, 499.1463317871094)
(36044331, 104, 104, 519.8780517578125, 519.8780517578125)
(36046508, 190, 190, 471.8902587890625, 471.8902587890625)
(36083427, 213, 213, 459.57318115234375, 459.57318115234375)
(36085591, 255, 255, 408.3536682128906, 408.3536682128906)
(36120320, 177, 177, 479.8780517578125, 479.8780517578125)
(36122486, 76, 76, 536.0365600585938, 536.0365600585938)
(36157247, 110, 110, 516.8292846679688, 516.8292846679688)
(36159423, 108, 108, 517.98779296875, 517.98779296875)
(36194160, 124, 124, 508.9024353027344, 508.9024353027344)
(36196328, 119, 119, 511.7073059082031, 511.7073059082031)
(36233242, 136, 136, 501.8292541503906, 501.8292541503906)
(36235408, 157, 157, 490.42681884765625, 490.42681884765625)
(36270152, 157, 157, 490.243896484375, 490.243896484375)
(36272332, 76, 76, 535.1829223632812, 535.1829223632812)
(36307093, 144, 144, 497.6219482421875, 497.6219482421875)
(36309268, 143, 143, 497.98779296875, 497.98779296875)
(36344329, 98, 98, 523.1097412109375, 523.1097412109375)
(36346506, 111, 111, 515.5487670898438, 515.5487670898438)
(36383383, 62, 62, 542.6219482421875, 542.6219482421875)
(36385560, 135, 135, 501.95123291015625, 501.95123291015625)
(36420339, 83, 83, 530.9146118164062, 530.9146118164062)
(36422508, 77, 77, 534.0244140625, 534.0244140625)
(36457259, 223, 223, 453.1097412109375, 453.1097412109375)
(36459424, 202, 202, 464.81707763671875, 464.81707763671875)
(36513419, 87, 87, 528.9634399414062, 528.9634399414062)
(36515583, 76, 76, 535.0609741210938, 535.0609741210938)
(36550371, 97, 97, 522.5, 522.5)
(36552537, 37, 37, 555.731689453125, 555.731689453125)
(36589450, 235, 235, 445.6097412109375, 445.6097412109375)
(36591624, 148, 148, 494.0853576660156, 494.0853576660156)
(36626373, 142, 142, 497.56097412109375, 497.56097412109375)
(36628550, 81, 81, 531.5853881835938, 531.5853881835938)
(36682506, 140, 140, 498.9634094238281, 498.9634094238281)
(36684672, 98, 98, 522.1951293945312, 522.1951293945312)
(36719430, 125, 125, 507.01220703125, 507.01220703125)
(36721599, 71, 71, 536.5853881835938, 536.5853881835938)
(36756384, 159, 159, 487.92681884765625, 487.92681884765625)
(36758560, 195, 195, 467.743896484375, 467.743896484375)
(36795449, 169, 169, 482.43902587890625, 482.43902587890625)
(36797613, 152, 152, 491.6463317871094, 491.6463317871094)
(36832370, 117, 117, 511.7682800292969, 511.7682800292969)
(36834547, 216, 216, 456.7073059082031, 456.7073059082031)
(36869297, 193, 193, 469.8780517578125, 469.8780517578125)
(36871460, 173, 173, 481.1585388183594, 481.1585388183594)
(36906224, 44, 44, 552.5, 552.5)
(36908393, 125, 125, 507.43902587890625, 507.43902587890625)
(36945289, 140, 140, 498.8414611816406, 498.8414611816406)
(36947459, 106, 106, 517.4390258789062, 517.4390258789062)
(36982211, 143, 143, 496.6463317871094, 496.6463317871094)
(36984386, 136, 136, 500.9146423339844, 500.9146423339844)
(37019151, 147, 147, 494.93902587890625, 494.93902587890625)
(37021316, 140, 140, 498.7804870605469, 498.7804870605469)
(37056105, 94, 94, 523.780517578125, 523.780517578125)
(37058272, 184, 184, 474.1463317871094, 474.1463317871094)
(37095146, 157, 157, 489.2073059082031, 489.2073059082031)
(37097319, 147, 147, 494.51220703125, 494.51220703125)
(37132058, 193, 193, 469.3902587890625, 469.3902587890625)
(37134226, 164, 164, 485.54876708984375, 485.54876708984375)
(37168988, 205, 205, 462.68292236328125, 462.68292236328125)
(37171153, 132, 132, 503.3536682128906, 503.3536682128906)
(37225139, 105, 105, 518.2926635742188, 518.2926635742188)
(37227309, 149, 149, 493.9634094238281, 493.9634094238281)
(37262068, 128, 128, 505.18292236328125, 505.18292236328125)
(37264244, 158, 158, 488.5365905761719, 488.5365905761719)
(37301148, 255, 255, 428.4146423339844, 428.4146423339844)
(37303324, 215, 215, 457.19512939453125, 457.19512939453125)
(37338058, 148, 148, 494.6341552734375, 494.6341552734375)
(37340228, 156, 156, 490.42681884765625, 490.42681884765625)
(37374992, 116, 116, 512.5, 512.5)
(37377159, 165, 165, 485.6097412109375, 485.6097412109375)
(37411918, 110, 110, 515.7926635742188, 515.7926635742188)
(37414092, 64, 64, 541.219482421875, 541.219482421875)
(37450993, 115, 115, 512.8658447265625, 512.8658447265625)
(37453160, 172, 172, 481.2195129394531, 481.2195129394531)
(37487896, 139, 139, 499.2682800292969, 499.2682800292969)
(37490059, 154, 154, 490.8536682128906, 490.8536682128906)
(37524808, 169, 169, 482.92681884765625, 482.92681884765625)
(37526975, 97, 97, 522.8048706054688, 522.8048706054688)
(37561708, 169, 169, 482.8658447265625, 482.8658447265625)
(37563875, 168, 168, 483.5975646972656, 483.5975646972656)
(37600779, 174, 174, 480.6707458496094, 480.6707458496094)
(37602944, 152, 152, 492.5, 492.5)
(37637696, 87, 87, 529.2073364257812, 529.2073364257812)
(37639860, 156, 156, 490.6707458496094, 490.6707458496094)
(37674623, 131, 131, 504.1463317871094, 504.1463317871094)
(37676800, 173, 173, 481.1585388183594, 481.1585388183594)
(37711577, 111, 111, 515.1219482421875, 515.1219482421875)
(37713753, 58, 58, 544.9390258789062, 544.9390258789062)
(37750627, 188, 188, 472.5, 472.5)
(37752794, 115, 115, 513.2926635742188, 513.2926635742188)
(37787527, 75, 75, 535.3658447265625, 535.3658447265625)
(37789692, 84, 84, 530.243896484375, 530.243896484375)
(37824423, 142, 142, 498.04876708984375, 498.04876708984375)
(37826589, 151, 151, 493.2926940917969, 493.2926940917969)
(37861374, 143, 143, 497.68292236328125, 497.68292236328125)
(37863540, 206, 206, 462.31707763671875, 462.31707763671875)
(37900400, 143, 143, 497.743896484375, 497.743896484375)
(37902568, 86, 86, 529.268310546875, 529.268310546875)
(37937294, 93, 93, 525.4268188476562, 525.4268188476562)
(37939459, 178, 178, 478.2926940917969, 478.2926940917969)
(37974216, 113, 113, 513.780517578125, 513.780517578125)
(37976383, 128, 128, 505.48779296875, 505.48779296875)
(38013278, 34, 34, 557.1341552734375, 557.1341552734375)
(38015457, 87, 87, 527.743896484375, 527.743896484375)
(38050177, 161, 161, 486.2804870605469, 486.2804870605469)
(38052342, 173, 173, 479.93902587890625, 479.93902587890625)
(38106337, 153, 153, 491.1585388183594, 491.1585388183594)
(38108505, 175, 175, 478.8414611816406, 478.8414611816406)
(38143263, 154, 154, 490.7317199707031, 490.7317199707031)
(38145439, 130, 130, 504.3292541503906, 504.3292541503906)
(38180180, 174, 174, 479.51220703125, 479.51220703125)
(38182346, 101, 101, 520.0609741210938, 520.0609741210938)
(38219219, 179, 179, 476.95123291015625, 476.95123291015625)
(38221399, 150, 150, 492.92681884765625, 492.92681884765625)
(38256146, 210, 210, 460.0, 460.0)
(38258319, 139, 139, 499.0853576660156, 499.0853576660156)
(38293066, 34, 34, 557.8048706054688, 557.8048706054688)
(38295233, 100, 100, 520.7926635742188, 520.7926635742188)
(38330246, 159, 159, 487.92681884765625, 487.92681884765625)
(38332413, 93, 93, 524.3902587890625, 524.3902587890625)
(38386412, 84, 84, 529.3292846679688, 529.3292846679688)
(38388587, 102, 102, 519.3902587890625, 519.3902587890625)
(38425457, 117, 117, 511.1585388183594, 511.1585388183594)
(38427626, 122, 122, 508.2317199707031, 508.2317199707031)
(38462383, 159, 159, 488.4146423339844, 488.4146423339844)
(38464561, 174, 174, 480.0, 480.0)
(38499272, 144, 144, 496.7682800292969, 496.7682800292969)
(38501438, 102, 102, 519.6341552734375, 519.6341552734375)
(38555416, 160, 160, 487.43902587890625, 487.43902587890625)
(38557583, 197, 197, 467.01220703125, 467.01220703125)
(38592335, 154, 154, 491.0975646972656, 491.0975646972656)
(38594501, 167, 167, 483.9024353027344, 483.9024353027344)
(38631372, 194, 194, 469.2073059082031, 469.2073059082031)
(38633550, 173, 173, 480.7926940917969, 480.7926940917969)
(38668295, 110, 110, 515.9755859375, 515.9755859375)
(38670460, 139, 139, 499.756103515625, 499.756103515625)
(38705212, 125, 125, 507.80487060546875, 507.80487060546875)
(38707375, 112, 112, 514.5731811523438, 514.5731811523438)
(38742152, 127, 127, 506.0975646972656, 506.0975646972656)
(38744318, 106, 106, 517.8048706054688, 517.8048706054688)
(38781193, 131, 131, 503.7804870605469, 503.7804870605469)
(38783369, 110, 110, 515.6707153320312, 515.6707153320312)
(38837333, 139, 139, 499.3902587890625, 499.3902587890625)
(38839500, 105, 105, 518.5975341796875, 518.5975341796875)
(38874260, 154, 154, 491.3414611816406, 491.3414611816406)
(38876438, 170, 170, 482.743896484375, 482.743896484375)
(38911153, 138, 138, 500.3658447265625, 500.3658447265625)
(38913322, 229, 229, 449.8780517578125, 449.8780517578125)
(38986563, 77, 77, 533.9634399414062, 533.9634399414062)
(38988729, 155, 155, 490.9756164550781, 490.9756164550781)
(39023481, 153, 153, 491.8292541503906, 491.8292541503906)
(39025644, 138, 138, 500.3658447265625, 500.3658447265625)
(39060384, 125, 125, 507.56097412109375, 507.56097412109375)
(39062549, 93, 93, 525.3048706054688, 525.3048706054688)
(39099474, 83, 83, 530.5487670898438, 530.5487670898438)
(39101648, 154, 154, 491.4024353027344, 491.4024353027344)
(39136420, 135, 135, 502.1341552734375, 502.1341552734375)
(39138583, 97, 97, 523.1707153320312, 523.1707153320312)
(39173359, 135, 135, 501.7073059082031, 501.7073059082031)
(39175532, 132, 132, 503.5365905761719, 503.5365905761719)
(39210307, 123, 123, 508.4146423339844, 508.4146423339844)
(39212470, 143, 143, 497.1341552734375, 497.1341552734375)
(39249334, 127, 127, 505.9146423339844, 505.9146423339844)
(39251511, 145, 145, 496.0365905761719, 496.0365905761719)
(39286268, 120, 120, 510.3658447265625, 510.3658447265625)
(39288444, 137, 137, 500.54876708984375, 500.54876708984375)
(39323172, 136, 136, 501.2804870605469, 501.2804870605469)
(39325337, 126, 126, 507.19512939453125, 507.19512939453125)
(39360110, 181, 181, 476.1585388183594, 476.1585388183594)
(39362288, 152, 152, 492.31707763671875, 492.31707763671875)
(39399160, 120, 120, 510.48779296875, 510.48779296875)
(39401336, 127, 127, 506.5243835449219, 506.5243835449219)
(39436053, 110, 110, 515.6707153320312, 515.6707153320312)
(39438220, 160, 160, 487.98779296875, 487.98779296875)
(39472957, 147, 147, 495.1219482421875, 495.1219482421875)
(39475122, 142, 142, 497.743896484375, 497.743896484375)
(39512054, 129, 129, 505.30487060546875, 505.30487060546875)
(39514219, 127, 127, 506.5243835449219, 506.5243835449219)
(39566064, 142, 142, 497.8658447265625, 497.8658447265625)
(39568234, 141, 141, 498.7804870605469, 498.7804870605469)
(39605094, 126, 126, 506.8902587890625, 506.8902587890625)
(39607260, 116, 116, 512.256103515625, 512.256103515625)
(39641979, 169, 169, 483.04876708984375, 483.04876708984375)
(39644146, 195, 195, 468.4756164550781, 468.4756164550781)
(39678886, 155, 155, 490.6707458496094, 490.6707458496094)
(39681051, 143, 143, 497.80487060546875, 497.80487060546875)
(39717904, 159, 159, 488.4756164550781, 488.4756164550781)
(39720069, 155, 155, 490.9756164550781, 490.9756164550781)
(39754806, 172, 172, 481.5853576660156, 481.5853576660156)
(39756971, 188, 188, 472.6219482421875, 472.6219482421875)
(39791694, 142, 142, 498.4756164550781, 498.4756164550781)
(39793862, 161, 161, 488.04876708984375, 488.04876708984375)
(39828585, 136, 136, 501.8292541503906, 501.8292541503906)
(39830761, 151, 151, 493.2317199707031, 493.2317199707031)
(39867645, 110, 110, 516.1585083007812, 516.1585083007812)
(39869809, 138, 138, 500.30487060546875, 500.30487060546875)
(39904578, 140, 140, 499.0243835449219, 499.0243835449219)
(39906745, 111, 111, 515.5487670898438, 515.5487670898438)
(39941468, 128, 128, 505.54876708984375, 505.54876708984375)
(39943636, 111, 111, 515.0, 515.0)
(39978375, 99, 99, 522.01220703125, 522.01220703125)
(39980542, 156, 156, 489.93902587890625, 489.93902587890625)
(40017450, 117, 117, 511.7073059082031, 511.7073059082031)
(40019615, 133, 133, 502.8658447265625, 502.8658447265625)
(40054350, 122, 122, 508.7195129394531, 508.7195129394531)
(40056513, 122, 122, 508.9024353027344, 508.9024353027344)
(40110492, 197, 197, 467.256103515625, 467.256103515625)
(40112656, 206, 206, 462.43902587890625, 462.43902587890625)
(40147408, 207, 207, 462.1341552734375, 462.1341552734375)
(40149582, 218, 218, 455.7926940917969, 455.7926940917969)
(40186472, 120, 120, 510.3658447265625, 510.3658447265625)
(40188639, 128, 128, 506.2195129394531, 506.2195129394531)
(40223387, 54, 54, 546.7073364257812, 546.7073364257812)
(40225567, 94, 94, 524.0853881835938, 524.0853881835938)
(40260330, 109, 109, 515.6097412109375, 515.6097412109375)
(40262495, 87, 87, 527.9268188476562, 527.9268188476562)
(40297446, 198, 198, 466.1585388183594, 466.1585388183594)
(40299685, 219, 219, 454.756103515625, 454.756103515625)
(40334448, 176, 176, 479.0853576660156, 479.0853576660156)
(40336628, 190, 190, 471.3414611816406, 471.3414611816406)
(40373515, 141, 141, 498.6585388183594, 498.6585388183594)
(40375692, 127, 127, 506.2804870605469, 506.2804870605469)